{
"type": "FeatureCollection",
"name": "Bujagali Kawanda Encroachment Labels",
"crs": { "type": "name", "properties": { "name": "urn:ogc:def:crs:OGC:1.3:CRS84" } },
"features": [
{ "type": "Feature", "properties": { "class_id": 1, "class_name": "Excavation" }, "geometry": { "type": "Polygon", "coordinates": [ [ [ 32.542281044412178, 0.414450267697602 ], [ 32.542335258636513, 0.414514484810026 ], [ 32.542456459536481, 0.414376431846677 ], [ 32.542606363663403, 0.414244801940661 ], [ 32.542673345171231, 0.414132431399208 ], [ 32.542670162689468, 0.414013635385082 ], [ 32.54261275291514, 0.414058581824292 ], [ 32.542561723742253, 0.414068210954574 ], [ 32.542287425017008, 0.414414950391743 ], [ 32.542281044412178, 0.414450267697602 ] ] ] } },
{ "type": "Feature", "properties": { "class_id": 2, "class_name": "structural intrusion" }, "geometry": { "type": "Polygon", "coordinates": [ [ [ 32.542791393151795, 0.413358660001443 ], [ 32.542874311718862, 0.413410035977716 ], [ 32.543088005254788, 0.413214195763933 ], [ 32.542989142259145, 0.413127501186738 ], [ 32.542791393151795, 0.413358660001443 ] ] ] } },
{ "type": "Feature", "properties": { "class_id": 3, "class_name": "landuse change" }, "geometry": { "type": "Polygon", "coordinates": [ [ [ 32.544367760760551, 0.412277548364085 ], [ 32.544300796460718, 0.412088113274855 ], [ 32.544355020754033, 0.411975741937169 ], [ 32.544428377313203, 0.411924374977319 ], [ 32.544498542031164, 0.411917957617085 ], [ 32.54458784175371, 0.411924384152784 ], [ 32.544562320515936, 0.412046389244848 ], [ 32.544543180224082, 0.412126655616972 ], [ 32.544367760760551, 0.412277548364085 ] ] ] } },
{ "type": "Feature", "properties": { "class_id": 2, "class_name": "structural intrusion" }, "geometry": { "type": "Polygon", "coordinates": [ [ [ 32.544699464130872, 0.411972551058804 ], [ 32.544696278486306, 0.411908336895235 ], [ 32.544736144597508, 0.411908339187964 ], [ 32.544742521991097, 0.411929209098455 ], [ 32.544699464130872, 0.411972551058804 ] ] ] } },
{ "type": "Feature", "properties": { "class_id": 2, "class_name": "structural intrusion" }, "geometry": { "type": "Polygon", "coordinates": [ [ [ 32.544665981881828, 0.411879438861694 ], [ 32.544689906284866, 0.411795962063253 ], [ 32.544707447373511, 0.411795963071818 ], [ 32.54476166218776, 0.411850548072565 ], [ 32.54474730774632, 0.411897102383291 ], [ 32.544665981881828, 0.411879438861694 ] ] ] } },
{ "type": "Feature", "properties": { "class_id": 2, "class_name": "structural intrusion" }, "geometry": { "type": "Polygon", "coordinates": [ [ [ 32.545059877264563, 0.411558391587919 ], [ 32.54497855312669, 0.411510226430803 ], [ 32.544992907291245, 0.411468488166049 ], [ 32.545090177509991, 0.4115230756365 ], [ 32.545059877264563, 0.411558391587919 ] ] ] } },
{ "type": "Feature", "properties": { "class_id": 2, "class_name": "structural intrusion" }, "geometry": { "type": "Polygon", "coordinates": [ [ [ 32.545511237042923, 0.41022437189506 ], [ 32.545512829875811, 0.410256478980086 ], [ 32.545669106286255, 0.410234013018158 ], [ 32.545664324978731, 0.410187457602649 ], [ 32.545563863926688, 0.410160160915483 ], [ 32.545511237042923, 0.41022437189506 ] ] ] } },
{ "type": "Feature", "properties": { "class_id": 2, "class_name": "structural intrusion" }, "geometry": { "type": "Polygon", "coordinates": [ [ [ 32.546971979879231, 0.40936077696597 ], [ 32.546933712916889, 0.409280507288622 ], [ 32.547013446219026, 0.409261247621856 ], [ 32.547032579250548, 0.409309409210831 ], [ 32.546971979879231, 0.40936077696597 ] ] ] } },
{ "type": "Feature", "properties": { "class_id": 2, "class_name": "structural intrusion" }, "geometry": { "type": "Polygon", "coordinates": [ [ [ 32.547198434335769, 0.409094301728646 ], [ 32.54711870661356, 0.40901402969614 ], [ 32.547204823888563, 0.408898449381776 ], [ 32.547284551612705, 0.408978721413124 ], [ 32.547198434335769, 0.409094301728646 ] ] ] } },
{ "type": "Feature", "properties": { "class_id": 4, "class_name": "garden" }, "geometry": { "type": "Polygon", "coordinates": [ [ [ 32.546796581425745, 0.409139228690381 ], [ 32.546876306618849, 0.409264450523914 ], [ 32.547007076105068, 0.409110344356332 ], [ 32.547121893742776, 0.409052558278673 ], [ 32.547074061429157, 0.408927338257149 ], [ 32.546796581425745, 0.409139228690381 ] ] ] } },
{ "type": "Feature", "properties": { "class_id": 2, "class_name": "structural intrusion" }, "geometry": { "type": "Polygon", "coordinates": [ [ [ 32.546893880113196, 0.408686525519217 ], [ 32.546970419082122, 0.408757165266639 ], [ 32.546989561289479, 0.408641581151234 ], [ 32.547078865686274, 0.408564529417925 ], [ 32.547040597458974, 0.408506734644543 ], [ 32.546893880113196, 0.408686525519217 ] ] ] } },
{ "type": "Feature", "properties": { "class_id": 2, "class_name": "structural intrusion" }, "geometry": { "type": "Polygon", "coordinates": [ [ [ 32.547117139127145, 0.408529213888386 ], [ 32.547088438585284, 0.408474630357993 ], [ 32.547231963040787, 0.408359053293037 ], [ 32.547318070780456, 0.408413640078576 ], [ 32.547196872601191, 0.408506743510788 ], [ 32.547117139127145, 0.408529213888386 ] ] ] } },
{ "type": "Feature", "properties": { "class_id": 2, "class_name": "structural intrusion" }, "geometry": { "type": "Polygon", "coordinates": [ [ [ 32.547853890843371, 0.408063704090205 ], [ 32.547892159440728, 0.408115077462994 ], [ 32.547987838643166, 0.408105450774748 ], [ 32.548166442403222, 0.408041246864489 ], [ 32.548153689367076, 0.407967400029825 ], [ 32.547853890843371, 0.408063704090205 ] ] ] } },
{ "type": "Feature", "properties": { "class_id": 4, "class_name": "garden" }, "geometry": { "type": "Polygon", "coordinates": [ [ [ 32.548864896526595, 0.408044497024829 ], [ 32.548970134129441, 0.408205038012704 ], [ 32.549330531693798, 0.408063787504045 ], [ 32.549340104564038, 0.407973888412593 ], [ 32.549292270224768, 0.407883986084662 ], [ 32.548864896526595, 0.408044497024829 ] ] ] } },
{ "type": "Feature", "properties": { "class_id": 2, "class_name": "structural intrusion" }, "geometry": { "type": "Polygon", "coordinates": [ [ [ 32.5526954604086, 0.403922170188691 ], [ 32.552794325393201, 0.403976757611452 ], [ 32.552851741549901, 0.403813014954378 ], [ 32.552787956465956, 0.40380016861145 ], [ 32.5526954604086, 0.403922170188691 ] ] ] } },
{ "type": "Feature", "properties": { "class_id": 2, "class_name": "structural intrusion" }, "geometry": { "type": "Polygon", "coordinates": [ [ [ 32.553323752350813, 0.403886887244207 ], [ 32.553326946897776, 0.403790566333556 ], [ 32.553374787116446, 0.403774515464837 ], [ 32.553480031569151, 0.403813049720249 ], [ 32.553422621553672, 0.403864417792826 ], [ 32.553323752350813, 0.403886887244207 ] ] ] } },
{ "type": "Feature", "properties": { "class_id": 3, "class_name": "landuse change" }, "geometry": { "type": "Polygon", "coordinates": [ [ [ 32.558015279428119, 0.402390956922625 ], [ 32.558308690233446, 0.402464819137541 ], [ 32.558372474847907, 0.402487297550394 ], [ 32.558455399699369, 0.402426298672027 ], [ 32.55841075756306, 0.402278603802506 ], [ 32.558040796693106, 0.402336376329545 ], [ 32.558015279428119, 0.402390956922625 ] ] ] } },
{ "type": "Feature", "properties": { "class_id": 3, "class_name": "landuse change" }, "geometry": { "type": "Polygon", "coordinates": [ [ [ 32.558563848541006, 0.40218550168973 ], [ 32.558732879766914, 0.402207985827948 ], [ 32.559000784198268, 0.402134154180568 ], [ 32.558991218564039, 0.402092414490118 ], [ 32.558850890437569, 0.402079564036495 ], [ 32.558665912582768, 0.402060289740843 ], [ 32.558563848541006, 0.40218550168973 ] ] ] } },
{ "type": "Feature", "properties": { "class_id": 3, "class_name": "landuse change" }, "geometry": { "type": "Polygon", "coordinates": [ [ [ 32.558528776685812, 0.401992857468096 ], [ 32.558678669747366, 0.402060290435024 ], [ 32.558793485091364, 0.402044243155216 ], [ 32.558905113384995, 0.401986456530219 ], [ 32.559007171221396, 0.401976829962876 ], [ 32.559086906430366, 0.401922252304525 ], [ 32.558528776685812, 0.401992857468096 ] ] ] } },
{ "type": "Feature", "properties": { "class_id": 3, "class_name": "landuse change" }, "geometry": { "type": "Polygon", "coordinates": [ [ [ 32.559096462938442, 0.402134159383442 ], [ 32.559141118011887, 0.402041051352793 ], [ 32.559166639229026, 0.401912624520791 ], [ 32.560311602276848, 0.401774626293535 ], [ 32.560346675732127, 0.4019383741991 ], [ 32.560034122562946, 0.401986517842994 ], [ 32.560040496678525, 0.402069996540998 ], [ 32.559252736150299, 0.402172696345108 ], [ 32.559096462938442, 0.402134159383442 ] ] ] } },
{ "type": "Feature", "properties": { "class_id": 3, "class_name": "landuse change" }, "geometry": { "type": "Polygon", "coordinates": [ [ [ 32.559259114905394, 0.402169485986328 ], [ 32.559316518191025, 0.402243335333888 ], [ 32.559367545305349, 0.402272234457651 ], [ 32.559444088646821, 0.402265817206831 ], [ 32.55946003751486, 0.40222086819514 ], [ 32.55951425323363, 0.402262610314177 ], [ 32.55962906738754, 0.402269037963548 ], [ 32.559699233180552, 0.402243356129353 ], [ 32.559756643527223, 0.40218556654409 ], [ 32.559865080304462, 0.402169518902385 ], [ 32.559928868889749, 0.402118151071818 ], [ 32.56001816991764, 0.402102102388267 ], [ 32.560040496850384, 0.40206678583515 ], [ 32.559259114905394, 0.402169485986328 ] ] ] } },
{ "type": "Feature", "properties": { "class_id": 3, "class_name": "landuse change" }, "geometry": { "type": "Polygon", "coordinates": [ [ [ 32.560346676247171, 0.401928742081155 ], [ 32.560388145622277, 0.40176820902784 ], [ 32.560716641653443, 0.40178749105078 ], [ 32.560694310950382, 0.401893443144756 ], [ 32.560413649659068, 0.401960852770418 ], [ 32.560346676247171, 0.401928742081155 ] ] ] } },
{ "type": "Feature", "properties": { "class_id": 3, "class_name": "landuse change" }, "geometry": { "type": "Polygon", "coordinates": [ [ [ 32.5612524425445, 0.401790730740328 ], [ 32.561322599607735, 0.401928794908528 ], [ 32.561357676854648, 0.402021907291495 ], [ 32.561389567893116, 0.402057226786908 ], [ 32.561411895680244, 0.402005856691145 ], [ 32.561370446526347, 0.4017875264124 ], [ 32.5612524425445, 0.401790730740328 ] ] ] } },
{ "type": "Feature", "properties": { "class_id": 3, "class_name": "landuse change" }, "geometry": { "type": "Polygon", "coordinates": [ [ [ 32.56168299648445, 0.401800386124614 ], [ 32.561749968886566, 0.401851761047008 ], [ 32.56182970068356, 0.401861397472626 ], [ 32.56181375798478, 0.401790761065959 ], [ 32.56168299648445, 0.401800386124614 ] ] ] } },
{ "type": "Feature", "properties": { "class_id": 4, "class_name": "garden" }, "geometry": { "type": "Polygon", "coordinates": [ [ [ 32.563513633468403, 0.402121555524357 ], [ 32.563504073431439, 0.401973862471595 ], [ 32.563535967386073, 0.401954599943475 ], [ 32.563523216348557, 0.401839013792446 ], [ 32.563641219855128, 0.401845441553496 ], [ 32.563714568318233, 0.401944977428114 ], [ 32.56383575993042, 0.401973880312085 ], [ 32.563835753967886, 0.402086255074064 ], [ 32.563727313903392, 0.402163306219965 ], [ 32.563513633468403, 0.402121555524357 ] ] ] } },
{ "type": "Feature", "properties": { "class_id": 3, "class_name": "landuse change" }, "geometry": { "type": "Polygon", "coordinates": [ [ [ 32.56430140017391, 0.401909691180794 ], [ 32.564374747970646, 0.40202206988971 ], [ 32.564747891588354, 0.402092725494938 ], [ 32.56489459978286, 0.402079890535675 ], [ 32.564897794854687, 0.401970726636797 ], [ 32.564642656456435, 0.401874391713091 ], [ 32.564572489446562, 0.401922548565218 ], [ 32.56430140017391, 0.401909691180794 ] ] ] } },
{ "type": "Feature", "properties": { "class_id": 3, "class_name": "landuse change" }, "geometry": { "type": "Polygon", "coordinates": [ [ [ 32.565025347233217, 0.402336754189513 ], [ 32.564996656676094, 0.402089528134399 ], [ 32.565277307238354, 0.402227603632166 ], [ 32.565293247932139, 0.402336768562919 ], [ 32.565216703004822, 0.402372082245956 ], [ 32.565025347233217, 0.402336754189513 ] ] ] } },
{ "type": "Feature", "properties": { "class_id": 2, "class_name": "structural intrusion" }, "geometry": { "type": "Polygon", "coordinates": [ [ [ 32.565325136794996, 0.402413827268351 ], [ 32.565350653866801, 0.402362457306839 ], [ 32.56540487135748, 0.402372092338932 ], [ 32.565382543409974, 0.402426673180159 ], [ 32.565325136794996, 0.402413827268351 ] ] ] } },
{ "type": "Feature", "properties": { "class_id": 4, "class_name": "garden" }, "geometry": { "type": "Polygon", "coordinates": [ [ [ 32.565691902233347, 0.402478061099737 ], [ 32.565825849030354, 0.402545493154066 ], [ 32.566058669391801, 0.40251018783645 ], [ 32.566144779325391, 0.402529456699269 ], [ 32.566230890447784, 0.402526250602066 ], [ 32.565825858876373, 0.402359272070664 ], [ 32.565691902233347, 0.402478061099737 ] ] ] } },
{ "type": "Feature", "properties": { "class_id": 4, "class_name": "garden" }, "geometry": { "type": "Polygon", "coordinates": [ [ [ 32.565608960699322, 0.402853709518379 ], [ 32.565813070956722, 0.402940409594493 ], [ 32.566065028287639, 0.402882630356549 ], [ 32.566055468724805, 0.402725305130518 ], [ 32.565608960699322, 0.402853709518379 ] ] ] } },
{ "type": "Feature", "properties": { "class_id": 4, "class_name": "garden" }, "geometry": { "type": "Polygon", "coordinates": [ [ [ 32.566068209598036, 0.403033533823938 ], [ 32.566080974590975, 0.402885841919909 ], [ 32.566332930399376, 0.40285695904666 ], [ 32.566434970516056, 0.403184456790086 ], [ 32.566068209598036, 0.403033533823938 ] ] ] } },
{ "type": "Feature", "properties": { "class_id": 4, "class_name": "garden" }, "geometry": { "type": "Polygon", "coordinates": [ [ [ 32.566374385799477, 0.402959703941963 ], [ 32.566533852237711, 0.402927605398962 ], [ 32.566604004166535, 0.403165201597734 ], [ 32.566454105606226, 0.403197300650269 ], [ 32.566374385799477, 0.402959703941963 ] ] ] } },
{ "type": "Feature", "properties": { "class_id": 2, "class_name": "structural intrusion" }, "geometry": { "type": "Polygon", "coordinates": [ [ [ 32.56665502779358, 0.403261525592367 ], [ 32.566741141814994, 0.403203737449676 ], [ 32.566906985498385, 0.403197324914954 ], [ 32.566929306492419, 0.403274383121631 ], [ 32.566865515837591, 0.403364279550732 ], [ 32.56665502779358, 0.403261525592367 ] ] ] } },
{ "type": "Feature", "properties": { "class_id": 4, "class_name": "garden" }, "geometry": { "type": "Polygon", "coordinates": [ [ [ 32.567375818502455, 0.403072132356685 ], [ 32.567337559324102, 0.402837748554759 ], [ 32.568272023537844, 0.402824955610109 ], [ 32.568495261391078, 0.403068981433149 ], [ 32.567375818502455, 0.403072132356685 ] ] ] } },
{ "type": "Feature", "properties": { "class_id": 4, "class_name": "garden" }, "geometry": { "type": "Polygon", "coordinates": [ [ [ 32.567378998816977, 0.403242300103797 ], [ 32.567353493605083, 0.403068920453816 ], [ 32.568495261222104, 0.403072192142616 ], [ 32.568686608663157, 0.403268055629348 ], [ 32.567946695099359, 0.403210223362201 ], [ 32.567378998816977, 0.403242300103797 ] ] ] } },
{ "type": "Feature", "properties": { "class_id": 2, "class_name": "structural intrusion" }, "geometry": { "type": "Polygon", "coordinates": [ [ [ 32.567787222194795, 0.403364328881315 ], [ 32.567825497805728, 0.403287273907039 ], [ 32.567927553401283, 0.403322597162727 ], [ 32.567914794525791, 0.403354703573144 ], [ 32.567787222194795, 0.403364328881315 ] ] ] } },
{ "type": "Feature", "properties": { "class_id": 2, "class_name": "structural intrusion" }, "geometry": { "type": "Polygon", "coordinates": [ [ [ 32.567940308551997, 0.403361126355225 ], [ 32.567949879824766, 0.403296912681903 ], [ 32.56805512505678, 0.40332581468857 ], [ 32.568055123702706, 0.403351500362794 ], [ 32.567940308551997, 0.403361126355225 ] ] ] } },
{ "type": "Feature", "properties": { "class_id": 4, "class_name": "garden" }, "geometry": { "type": "Polygon", "coordinates": [ [ [ 32.568603695588443, 0.40310430502075 ], [ 32.568597325611492, 0.402940558495523 ], [ 32.568763168991055, 0.402940567334545 ], [ 32.568766356767469, 0.402969463890743 ], [ 32.568680237674322, 0.403123573359592 ], [ 32.568603695588443, 0.40310430502075 ] ] ] } },
{ "type": "Feature", "properties": { "class_id": 4, "class_name": "garden" }, "geometry": { "type": "Polygon", "coordinates": [ [ [ 32.568775927355887, 0.402918093047216 ], [ 32.568833327590497, 0.40305294590951 ], [ 32.568929006973569, 0.403043318879037 ], [ 32.569085286186343, 0.402972691590123 ], [ 32.569088480205394, 0.402882791887788 ], [ 32.568775927355887, 0.402918093047216 ] ] ] } },
{ "type": "Feature", "properties": { "class_id": 2, "class_name": "structural intrusion" }, "geometry": { "type": "Polygon", "coordinates": [ [ [ 32.568756770131678, 0.403325852143992 ], [ 32.568772717456248, 0.403309799446629 ], [ 32.568810989852409, 0.403293747939746 ], [ 32.568830123600819, 0.403332277475486 ], [ 32.568756770131678, 0.403325852143992 ] ] ] } },
{ "type": "Feature", "properties": { "class_id": 2, "class_name": "structural intrusion" }, "geometry": { "type": "Polygon", "coordinates": [ [ [ 32.568992778204027, 0.403322654019274 ], [ 32.568967267551109, 0.403252017046428 ], [ 32.569021488284697, 0.403200648581203 ], [ 32.569053379387825, 0.403235968087438 ], [ 32.569088457592407, 0.403313026990129 ], [ 32.568992778204027, 0.403322654019274 ] ] ] } },
{ "type": "Feature", "properties": { "class_id": 2, "class_name": "structural intrusion" }, "geometry": { "type": "Polygon", "coordinates": [ [ [ 32.569212841828353, 0.403280926520585 ], [ 32.56920008869438, 0.403203868806553 ], [ 32.569273445204068, 0.403152501356878 ], [ 32.569276637536589, 0.40309470875034 ], [ 32.569439288940011, 0.403146088766952 ], [ 32.569436091210299, 0.403306624090452 ], [ 32.56929257254415, 0.4033130378661 ], [ 32.569212841828353, 0.403280926520585 ] ] ] } },
{ "type": "Feature", "properties": { "class_id": 2, "class_name": "structural intrusion" }, "geometry": { "type": "Polygon", "coordinates": [ [ [ 32.569515824459614, 0.403290574786503 ], [ 32.569515828675861, 0.403210307039028 ], [ 32.569901735044347, 0.403181431180878 ], [ 32.569901737402802, 0.403136481239993 ], [ 32.569968712794903, 0.40313327409085 ], [ 32.569978278662909, 0.403171803120657 ], [ 32.570383318306533, 0.403191088907114 ], [ 32.570488567785979, 0.40313972313215 ], [ 32.571423032418558, 0.403126929855551 ], [ 32.571435784738405, 0.403220041142091 ], [ 32.569515824459614, 0.403290574786503 ] ] ] } },
{ "type": "Feature", "properties": { "class_id": 2, "class_name": "structural intrusion" }, "geometry": { "type": "Polygon", "coordinates": [ [ [ 32.568740851853754, 0.402789662794932 ], [ 32.568737660195225, 0.40283461255905 ], [ 32.568941775800383, 0.40282178059233 ], [ 32.568932209768519, 0.402786462276635 ], [ 32.568740851853754, 0.402789662794932 ] ] ] } },
{ "type": "Feature", "properties": { "class_id": 2, "class_name": "structural intrusion" }, "geometry": { "type": "Polygon", "coordinates": [ [ [ 32.56924476211254, 0.402760793234359 ], [ 32.569247947531466, 0.402834639729188 ], [ 32.56938827773461, 0.402812172226399 ], [ 32.569378712037242, 0.402770432489471 ], [ 32.56924476211254, 0.402760793234359 ] ] ] } },
{ "type": "Feature", "properties": { "class_id": 2, "class_name": "structural intrusion" }, "geometry": { "type": "Polygon", "coordinates": [ [ [ 32.569675317748711, 0.402747973290234 ], [ 32.569672123400643, 0.40284429441979 ], [ 32.570848973432213, 0.402850778319053 ], [ 32.570855354712656, 0.40279940728972 ], [ 32.571113687072021, 0.402812263822159 ], [ 32.571423050706422, 0.402776962388381 ], [ 32.571432623459771, 0.402683852284171 ], [ 32.569675317748711, 0.402747973290234 ] ] ] } },
{ "type": "Feature", "properties": { "class_id": 2, "class_name": "structural intrusion" }, "geometry": { "type": "Polygon", "coordinates": [ [ [ 32.571509138906116, 0.403213623607559 ], [ 32.571483630068492, 0.40310766880152 ], [ 32.572223548349719, 0.403082022274905 ], [ 32.572223542988425, 0.403184765028314 ], [ 32.571509138906116, 0.403213623607559 ] ] ] } },
{ "type": "Feature", "properties": { "class_id": 2, "class_name": "structural intrusion" }, "geometry": { "type": "Polygon", "coordinates": [ [ [ 32.571738788922502, 0.402818718337515 ], [ 32.571729228739855, 0.402671025132751 ], [ 32.57197480527779, 0.402658195272594 ], [ 32.571952475174498, 0.402754515420607 ], [ 32.571738788922502, 0.402818718337515 ] ] ] } },
{ "type": "Feature", "properties": { "class_id": 2, "class_name": "structural intrusion" }, "geometry": { "type": "Polygon", "coordinates": [ [ [ 32.572025828504934, 0.402764151431282 ], [ 32.572032213294314, 0.402645355462685 ], [ 32.572147027989146, 0.402645361529191 ], [ 32.57215659035672, 0.402751315498296 ], [ 32.572025828504934, 0.402764151431282 ] ] ] } },
{ "type": "Feature", "properties": { "class_id": 2, "class_name": "structural intrusion" }, "geometry": { "type": "Polygon", "coordinates": [ [ [ 32.572338378455534, 0.402786642924629 ], [ 32.57231925036924, 0.402638949203722 ], [ 32.57272110265923, 0.402622916858505 ], [ 32.57268282340106, 0.402770607556422 ], [ 32.572338378455534, 0.402786642924629 ] ] ] } },
{ "type": "Feature", "properties": { "class_id": 2, "class_name": "structural intrusion" }, "geometry": { "type": "Polygon", "coordinates": [ [ [ 32.572398959536038, 0.403085242259542 ], [ 32.572357508548521, 0.402895808112952 ], [ 32.572427677440139, 0.402812333330503 ], [ 32.572612653506837, 0.402873346611526 ], [ 32.572491451504284, 0.40304029719152 ], [ 32.572398959536038, 0.403085242259542 ] ] ] } },
{ "type": "Feature", "properties": { "class_id": 2, "class_name": "structural intrusion" }, "geometry": { "type": "Polygon", "coordinates": [ [ [ 32.57248506604499, 0.403171936011805 ], [ 32.572469124413551, 0.403078824545619 ], [ 32.572752974397474, 0.403030678872208 ], [ 32.572995359506962, 0.403059588070355 ], [ 32.573020869038658, 0.403152700046971 ], [ 32.57248506604499, 0.403171936011805 ] ] ] } },
{ "type": "Feature", "properties": { "class_id": 2, "class_name": "structural intrusion" }, "geometry": { "type": "Polygon", "coordinates": [ [ [ 32.572874183084394, 0.402735299829598 ], [ 32.572883754485886, 0.402667875396489 ], [ 32.572976244111615, 0.402667880274072 ], [ 32.572989003305935, 0.402629352410319 ], [ 32.573033652802273, 0.402642197609896 ], [ 32.573030460331168, 0.402703200958112 ], [ 32.572874183084394, 0.402735299829598 ] ] ] } },
{ "type": "Feature", "properties": { "class_id": 2, "class_name": "structural intrusion" }, "geometry": { "type": "Polygon", "coordinates": [ [ [ 32.573091033587616, 0.403152703750569 ], [ 32.57306233626182, 0.403030695202436 ], [ 32.57316120682885, 0.402985750458727 ], [ 32.573237746129813, 0.403059600859832 ], [ 32.573237741450129, 0.403149500781019 ], [ 32.573091033587616, 0.403152703750569 ] ] ] } },
{ "type": "Feature", "properties": { "class_id": 2, "class_name": "structural intrusion" }, "geometry": { "type": "Polygon", "coordinates": [ [ [ 32.573167598955685, 0.402725683168274 ], [ 32.573164413665822, 0.402648625925508 ], [ 32.573445074689992, 0.402594058616204 ], [ 32.57354394308382, 0.402590853110722 ], [ 32.573588587413099, 0.402703230368228 ], [ 32.573167598955685, 0.402725683168274 ] ] ] } },
{ "type": "Feature", "properties": { "class_id": 2, "class_name": "structural intrusion" }, "geometry": { "type": "Polygon", "coordinates": [ [ [ 32.573429100153163, 0.403133457317341 ], [ 32.573400401317514, 0.403040345168935 ], [ 32.573808632779269, 0.403014680989768 ], [ 32.57381820451068, 0.402940835124274 ], [ 32.573875611873383, 0.402940838147288 ], [ 32.573878797834801, 0.403005052550044 ], [ 32.573939394162757, 0.403011477164579 ], [ 32.573939395497263, 0.402985791470447 ], [ 32.574015940316961, 0.402953688382358 ], [ 32.574022314743509, 0.403033956513153 ], [ 32.574149888833617, 0.402992223974633 ], [ 32.574312545036982, 0.402953703990128 ], [ 32.574325298229681, 0.403030761747464 ], [ 32.574468818647638, 0.402992240753067 ], [ 32.574456064120376, 0.402940868690439 ], [ 32.574551740901164, 0.402982612977331 ], [ 32.574743099630233, 0.40296656947564 ], [ 32.574838780910284, 0.402921624533144 ], [ 32.574877049994022, 0.402969787226005 ], [ 32.574902559221229, 0.40306932064364 ], [ 32.573429100153163, 0.403133457317341 ] ] ] } },
{ "type": "Feature", "properties": { "class_id": 2, "class_name": "structural intrusion" }, "geometry": { "type": "Polygon", "coordinates": [ [ [ 32.573269637101774, 0.403098131079932 ], [ 32.573263259843188, 0.403072445051598 ], [ 32.57328877572894, 0.403043549993964 ], [ 32.573314290779152, 0.403030708493574 ], [ 32.573311102817954, 0.403005022633361 ], [ 32.573339809003173, 0.402956863474236 ], [ 32.573358943119239, 0.402988971598353 ], [ 32.573416351313874, 0.402972921067251 ], [ 32.573422727738226, 0.403014660653649 ], [ 32.573269637101774, 0.403098131079932 ] ] ] } },
{ "type": "Feature", "properties": { "class_id": 2, "class_name": "structural intrusion" }, "geometry": { "type": "Polygon", "coordinates": [ [ [ 32.573859674390043, 0.402767458873962 ], [ 32.573875625547643, 0.402677559784515 ], [ 32.573875627047933, 0.402648663378834 ], [ 32.573920277550975, 0.402642244304558 ], [ 32.573984060008186, 0.402709672607686 ], [ 32.57392983961028, 0.402754619719695 ], [ 32.573859674390043, 0.402767458873962 ] ] ] } },
{ "type": "Feature", "properties": { "class_id": 2, "class_name": "structural intrusion" }, "geometry": { "type": "Polygon", "coordinates": [ [ [ 32.573945791767088, 0.402645456358625 ], [ 32.573971303483333, 0.402696829089368 ], [ 32.574054227894891, 0.402645462062526 ], [ 32.574079738445711, 0.402719309776448 ], [ 32.574118012187114, 0.402677572535523 ], [ 32.574143524238124, 0.402722523843274 ], [ 32.574239204343748, 0.402700053891569 ], [ 32.574223255354958, 0.402748213731415 ], [ 32.574318934295839, 0.40274821876235 ], [ 32.574382720923218, 0.402735379267861 ], [ 32.574366776764265, 0.402690428462333 ], [ 32.574468834635397, 0.402684012402063 ], [ 32.574500723620837, 0.402761071166026 ], [ 32.57461234988844, 0.402745023471449 ], [ 32.574618731813359, 0.402680809565502 ], [ 32.574685707906681, 0.402664759523006 ], [ 32.574695273804558, 0.402703288570528 ], [ 32.574832415790212, 0.402661556514524 ], [ 32.575144969848289, 0.402606990809017 ], [ 32.575144974002356, 0.402526723002145 ], [ 32.573926658979865, 0.40258766254015 ], [ 32.573945791767088, 0.402645456358625 ] ] ] } },
{ "type": "Feature", "properties": { "class_id": 2, "class_name": "structural intrusion" }, "geometry": { "type": "Polygon", "coordinates": [ [ [ 32.57488344156836, 0.402719352012374 ], [ 32.574883442732627, 0.402696877027224 ], [ 32.575113074205738, 0.402658360532181 ], [ 32.575113071379924, 0.40271294264061 ], [ 32.57488344156836, 0.402719352012374 ] ] ] } },
{ "type": "Feature", "properties": { "class_id": 2, "class_name": "structural intrusion" }, "geometry": { "type": "Polygon", "coordinates": [ [ [ 32.575176866819355, 0.402529935386987 ], [ 32.575173674530362, 0.4025877280409 ], [ 32.575148159977502, 0.402590937414931 ], [ 32.575148154326911, 0.402700101632301 ], [ 32.575231076085124, 0.402700105982517 ], [ 32.575227890110149, 0.402635891569042 ], [ 32.575323569062256, 0.402635896586705 ], [ 32.575492603208957, 0.402610219749123 ], [ 32.575693530011833, 0.402590966002648 ], [ 32.575817912490756, 0.402594183230067 ], [ 32.576152789847008, 0.402574936484556 ], [ 32.576356904969323, 0.40257494716261 ], [ 32.576411122883925, 0.402578160710908 ], [ 32.576596102219568, 0.402578170382292 ], [ 32.576570593954834, 0.402459372672346 ], [ 32.575176866819355, 0.402529935386987 ] ] ] } },
{ "type": "Feature", "properties": { "class_id": 2, "class_name": "structural intrusion" }, "geometry": { "type": "Polygon", "coordinates": [ [ [ 32.575106674322633, 0.403069331366351 ], [ 32.575093922618784, 0.402963377192084 ], [ 32.575170467112578, 0.402937695512577 ], [ 32.575253389039709, 0.402934489152815 ], [ 32.575202357769186, 0.402982647158878 ], [ 32.575180032513337, 0.402985856699134 ], [ 32.575189598080264, 0.403030807173505 ], [ 32.575266141744073, 0.403021179055059 ], [ 32.575298034895916, 0.403017970016854 ], [ 32.575291660123156, 0.402944123298383 ], [ 32.575345878530825, 0.402937704718902 ], [ 32.575349065834459, 0.40297623343454 ], [ 32.575400094611688, 0.402976236112266 ], [ 32.575425605010729, 0.403053294548336 ], [ 32.575106674322633, 0.403069331366351 ] ] ] } },
{ "type": "Feature", "properties": { "class_id": 2, "class_name": "structural intrusion" }, "geometry": { "type": "Polygon", "coordinates": [ [ [ 32.575039701051224, 0.403030799301805 ], [ 32.575036514581321, 0.402976217026449 ], [ 32.575100301215691, 0.402963377527008 ], [ 32.575100298554027, 0.403014748923053 ], [ 32.575039701051224, 0.403030799301805 ] ] ] } },
{ "type": "Feature", "properties": { "class_id": 2, "class_name": "structural intrusion" }, "geometry": { "type": "Polygon", "coordinates": [ [ [ 32.575537230962141, 0.403043668268202 ], [ 32.575527665891507, 0.402989085654898 ], [ 32.575712647374552, 0.402947356093733 ], [ 32.575712650862307, 0.402879931131035 ], [ 32.575734975953104, 0.402879932301296 ], [ 32.575731788813108, 0.402838192871388 ], [ 32.575773250360051, 0.402825352194217 ], [ 32.575801942922475, 0.40304047143903 ], [ 32.575537230962141, 0.403043668268202 ] ] ] } },
{ "type": "Feature", "properties": { "class_id": 2, "class_name": "structural intrusion" }, "geometry": { "type": "Polygon", "coordinates": [ [ [ 32.575830647109804, 0.403030840806251 ], [ 32.575821085025765, 0.402918465365244 ], [ 32.575865738860493, 0.402847832028712 ], [ 32.575961419814433, 0.402809308490109 ], [ 32.576009259295915, 0.402809310995828 ], [ 32.576085791349009, 0.40302443275296 ], [ 32.575830647109804, 0.403030840806251 ] ] ] } },
{ "type": "Feature", "properties": { "class_id": 2, "class_name": "structural intrusion" }, "geometry": { "type": "Polygon", "coordinates": [ [ [ 32.576088980813878, 0.403021222207391 ], [ 32.576088985626761, 0.402928111540074 ], [ 32.576433430076577, 0.402924918862019 ], [ 32.576446185946125, 0.40295060523221 ], [ 32.576509972423978, 0.40294097643193 ], [ 32.576551429498551, 0.403014824997226 ], [ 32.576088980813878, 0.403021222207391 ] ] ] } },
{ "type": "Feature", "properties": { "class_id": 2, "class_name": "structural intrusion" }, "geometry": { "type": "Polygon", "coordinates": [ [ [ 32.576841656383024, 0.403001997328913 ], [ 32.576809767864297, 0.402915306410843 ], [ 32.577007505076324, 0.402902473895782 ], [ 32.577026636069775, 0.402995585574523 ], [ 32.576841656383024, 0.403001997328913 ] ] ] } },
{ "type": "Feature", "properties": { "class_id": 2, "class_name": "structural intrusion" }, "geometry": { "type": "Polygon", "coordinates": [ [ [ 32.576819359270878, 0.402459385668977 ], [ 32.576819352651285, 0.402587814187947 ], [ 32.576902274591866, 0.402584607806834 ], [ 32.576905466538449, 0.402533236565269 ], [ 32.576956495323252, 0.402533239230247 ], [ 32.576956499293438, 0.402456182117488 ], [ 32.576819359270878, 0.402459385668977 ] ] ] } },
{ "type": "Feature", "properties": { "class_id": 2, "class_name": "structural intrusion" }, "geometry": { "type": "Polygon", "coordinates": [ [ [ 32.57703623193499, 0.402452975567011 ], [ 32.5770362282964, 0.402523611254439 ], [ 32.57739980955801, 0.40250115523656 ], [ 32.57739980658323, 0.402558948074447 ], [ 32.577466782033106, 0.402555740855057 ], [ 32.577469973315281, 0.402517212462475 ], [ 32.577517812804423, 0.402517214957469 ], [ 32.577683654387215, 0.4025557521646 ], [ 32.57769959939759, 0.402584649416018 ], [ 32.577763386046186, 0.402571809887895 ], [ 32.577820795086872, 0.402539705746272 ], [ 32.577945177930324, 0.402536501514201 ], [ 32.578040856584991, 0.402542927925497 ], [ 32.578044042253765, 0.402613563788259 ], [ 32.578123774577691, 0.402616778655285 ], [ 32.578222641380293, 0.402645680226603 ], [ 32.578324700288611, 0.402619999832331 ], [ 32.578311947048299, 0.402542942041857 ], [ 32.578347036763432, 0.402398461755563 ], [ 32.57703623193499, 0.402452975567011 ] ] ] } },
{ "type": "Feature", "properties": { "class_id": 2, "class_name": "structural intrusion" }, "geometry": { "type": "Polygon", "coordinates": [ [ [ 32.577087233087283, 0.402989167315712 ], [ 32.577071289902236, 0.402924952220739 ], [ 32.577406167158941, 0.402908916147866 ], [ 32.577737855129321, 0.402892879893352 ], [ 32.578292795246988, 0.402854380263525 ], [ 32.578516047386529, 0.402831916895728 ], [ 32.578860494246953, 0.402783774115598 ], [ 32.579463270807842, 0.402806280447641 ], [ 32.579724792935302, 0.402815926171425 ], [ 32.579734357053105, 0.40288977309434 ], [ 32.577087233087283, 0.402989167315712 ] ] ] } },
{ "type": "Feature", "properties": { "class_id": 2, "class_name": "structural intrusion" }, "geometry": { "type": "Polygon", "coordinates": [ [ [ 32.578458655986374, 0.402520474681924 ], [ 32.578493731688482, 0.402648905054151 ], [ 32.578551140402894, 0.402623222332284 ], [ 32.578506496800244, 0.402494791461692 ], [ 32.578458655986374, 0.402520474681924 ] ] ] } },
{ "type": "Feature", "properties": { "class_id": 2, "class_name": "structural intrusion" }, "geometry": { "type": "Polygon", "coordinates": [ [ [ 32.580161724625675, 0.402864109559128 ], [ 32.580180865686145, 0.402761367691908 ], [ 32.580279734165835, 0.402758162103532 ], [ 32.580302064195614, 0.402661841828307 ], [ 32.580410499263976, 0.402684322448573 ], [ 32.58094629718272, 0.402774250204549 ], [ 32.58094629373889, 0.402841675212897 ], [ 32.580161724625675, 0.402864109559128 ] ] ] } },
{ "type": "Feature", "properties": { "class_id": 2, "class_name": "structural intrusion" }, "geometry": { "type": "Polygon", "coordinates": [ [ [ 32.580059694276009, 0.402331125687977 ], [ 32.580069256923629, 0.40243386904209 ], [ 32.581239734643866, 0.40234724031728 ], [ 32.581233358824946, 0.402292657836007 ], [ 32.581236548780332, 0.402279815141546 ], [ 32.580059694276009, 0.402331125687977 ] ] ] } },
{ "type": "Feature", "properties": { "class_id": 2, "class_name": "structural intrusion" }, "geometry": { "type": "Polygon", "coordinates": [ [ [ 32.581580993593214, 0.402273411498657 ], [ 32.581861647498002, 0.402363326002527 ], [ 32.581887165174741, 0.402299113017394 ], [ 32.581797867035512, 0.402254158399966 ], [ 32.581580993593214, 0.402273411498657 ] ] ] } },
{ "type": "Feature", "properties": { "class_id": 2, "class_name": "structural intrusion" }, "geometry": { "type": "Polygon", "coordinates": [ [ [ 32.582056173448613, 0.402783939721436 ], [ 32.582068935395839, 0.402690829640763 ], [ 32.582202885394594, 0.40270367941378 ], [ 32.582196502868605, 0.402780736249439 ], [ 32.582056173448613, 0.402783939721436 ] ] ] } },
{ "type": "Feature", "properties": { "class_id": 2, "class_name": "structural intrusion" }, "geometry": { "type": "Polygon", "coordinates": [ [ [ 32.582391052211918, 0.402742217703704 ], [ 32.582391053519075, 0.402716531981472 ], [ 32.582694036011794, 0.402739022609839 ], [ 32.582694034868801, 0.402761497617662 ], [ 32.582387861276466, 0.402774324691981 ], [ 32.582391052211918, 0.402742217703704 ] ] ] } },
{ "type": "Feature", "properties": { "class_id": 2, "class_name": "structural intrusion" }, "geometry": { "type": "Polygon", "coordinates": [ [ [ 32.581998792997567, 0.402254168762926 ], [ 32.582668543958349, 0.402299153285712 ], [ 32.582687683843474, 0.402218886385814 ], [ 32.581998792997567, 0.402254168762926 ] ] ] } },
{ "type": "Feature", "properties": { "class_id": 2, "class_name": "structural intrusion" }, "geometry": { "type": "Polygon", "coordinates": [ [ [ 32.584301473875556, 0.402151544256038 ], [ 32.584304655055234, 0.402312080222941 ], [ 32.584438607851311, 0.402270347782112 ], [ 32.584476883048069, 0.402199713988959 ], [ 32.584569371183704, 0.402231825890386 ], [ 32.584607647677792, 0.402135506365704 ], [ 32.584301473875556, 0.402151544256038 ] ] ] } },
{ "type": "Feature", "properties": { "class_id": 3, "class_name": "landuse change" }, "geometry": { "type": "Polygon", "coordinates": [ [ [ 32.584614015405869, 0.402350624677486 ], [ 32.58461719691271, 0.402504739218275 ], [ 32.584684165761686, 0.402633171300817 ], [ 32.584779846779256, 0.402594647611621 ], [ 32.584881907537969, 0.402533649233124 ], [ 32.584891478366764, 0.402475856829906 ], [ 32.584792616489445, 0.402347423113135 ], [ 32.584633151056302, 0.402353836374438 ], [ 32.584614015405869, 0.402350624677486 ] ] ] } },
{ "type": "Feature", "properties": { "class_id": 1, "class_name": "excavation" }, "geometry": { "type": "Polygon", "coordinates": [ [ [ 32.584939328285515, 0.402270373435929 ], [ 32.585124315112054, 0.402125900667159 ], [ 32.585255074560905, 0.402164435953571 ], [ 32.585373073724902, 0.402263974200337 ], [ 32.585379447630068, 0.402357085305286 ], [ 32.585475121842208, 0.402453411695981 ], [ 32.585487874837987, 0.402536890978919 ], [ 32.585417706776987, 0.402604312435277 ], [ 32.585283753637519, 0.402652466324696 ], [ 32.585207211026486, 0.402639619538894 ], [ 32.584939328285515, 0.402270373435929 ] ] ] } },
{ "type": "Feature", "properties": { "class_id": 2, "class_name": "structural intrusion" }, "geometry": { "type": "Polygon", "coordinates": [ [ [ 32.58481492553161, 0.40266528516802 ], [ 32.584773465900838, 0.402639597312221 ], [ 32.584856391658327, 0.402562544372255 ], [ 32.58499033732425, 0.402662083442876 ], [ 32.58481492553161, 0.40266528516802 ] ] ] } },
{ "type": "Feature", "properties": { "class_id": 2, "class_name": "structural intrusion" }, "geometry": { "type": "Polygon", "coordinates": [ [ [ 32.589589344174207, 0.402033017047947 ], [ 32.589662702814245, 0.401939909930064 ], [ 32.589803029468619, 0.401994499237718 ], [ 32.589847683570014, 0.401917444255705 ], [ 32.590013527383604, 0.401917452637915 ], [ 32.589860432296646, 0.40208761297203 ], [ 32.589589344174207, 0.402033017047947 ] ] ] } },
{ "type": "Feature", "properties": { "class_id": 1, "class_name": "excavation" }, "geometry": { "type": "Polygon", "coordinates": [ [ [ 32.589860422360772, 0.402286677508317 ], [ 32.589895514482116, 0.402090825464511 ], [ 32.590373903558834, 0.402222489102274 ], [ 32.590428127494789, 0.402106905973512 ], [ 32.590963921378581, 0.402293154705476 ], [ 32.590335626142213, 0.402338073035109 ], [ 32.590010316455647, 0.40235089945915 ], [ 32.589860422360772, 0.402286677508317 ] ] ] } },
{ "type": "Feature", "properties": { "class_id": 3, "class_name": "landuse change" }, "geometry": { "type": "Polygon", "coordinates": [ [ [ 32.59130838752322, 0.401866146464462 ], [ 32.591282867659928, 0.401975309622042 ], [ 32.591716619165084, 0.401853324139066 ], [ 32.59130838752322, 0.401866146464462 ] ] ] } },
{ "type": "Feature", "properties": { "class_id": 2, "class_name": "structural intrusion" }, "geometry": { "type": "Polygon", "coordinates": [ [ [ 32.592233287991689, 0.401824453644974 ], [ 32.592182255609153, 0.401895086904573 ], [ 32.592258796700541, 0.401940040821599 ], [ 32.592319399545254, 0.401818036532737 ], [ 32.592233287991689, 0.401824453644974 ] ] ] } },
{ "type": "Feature", "properties": { "class_id": 2, "class_name": "structural intrusion" }, "geometry": { "type": "Polygon", "coordinates": [ [ [ 32.592552218815413, 0.401818048225289 ], [ 32.592533081553093, 0.401846943739162 ], [ 32.592686164860702, 0.401914376533493 ], [ 32.592698925421082, 0.401846952065019 ], [ 32.592590491113071, 0.401805207268997 ], [ 32.592552218815413, 0.401818048225289 ] ] ] } },
{ "type": "Feature", "properties": { "class_id": 1, "class_name": "excavation" }, "geometry": { "type": "Polygon", "coordinates": [ [ [ 32.59212804044995, 0.401834080513636 ], [ 32.592057864590117, 0.402058827331739 ], [ 32.592370412347272, 0.402142321749337 ], [ 32.59283924038013, 0.402139134584317 ], [ 32.592925354169672, 0.402087767394699 ], [ 32.592740384798589, 0.401879061340841 ], [ 32.592689354165906, 0.401914376693604 ], [ 32.592526703420084, 0.401837311260659 ], [ 32.59253627244891, 0.401814836705235 ], [ 32.592322588531978, 0.401824458131597 ], [ 32.592261986164807, 0.401936830262592 ], [ 32.592182255768385, 0.401891876185309 ], [ 32.592220530771733, 0.401824453003947 ], [ 32.59212804044995, 0.401834080513636 ] ] ] } },
{ "type": "Feature", "properties": { "class_id": 2, "class_name": "structural intrusion" }, "geometry": { "type": "Polygon", "coordinates": [ [ [ 32.592867958279861, 0.401853381986582 ], [ 32.592883902898762, 0.401891911421202 ], [ 32.593014666640791, 0.401846967906803 ], [ 32.593005101108112, 0.401798806633002 ], [ 32.592963640616112, 0.401789172394932 ], [ 32.592912611414143, 0.40179559127464 ], [ 32.592867958279861, 0.401853381986582 ] ] ] } },
{ "type": "Feature", "properties": { "class_id": 2, "class_name": "structural intrusion" }, "geometry": { "type": "Polygon", "coordinates": [ [ [ 32.592934925583819, 0.402017132044519 ], [ 32.592906224379568, 0.401965759091106 ], [ 32.593008282150308, 0.401965764211932 ], [ 32.593008280560866, 0.401997871407884 ], [ 32.592934925583819, 0.402017132044519 ] ] ] } },
{ "type": "Feature", "properties": { "class_id": 2, "class_name": "structural intrusion" }, "geometry": { "type": "Polygon", "coordinates": [ [ [ 32.592663818399792, 0.402344611819772 ], [ 32.592660633552214, 0.402254711514787 ], [ 32.593030593933243, 0.40223546577861 ], [ 32.593068862418285, 0.402299682092116 ], [ 32.592663818399792, 0.402344611819772 ] ] ] } },
{ "type": "Feature", "properties": { "class_id": 4, "class_name": "garden" }, "geometry": { "type": "Polygon", "coordinates": [ [ [ 32.593107139490847, 0.402190519545892 ], [ 32.593040183784098, 0.401792386953053 ], [ 32.593729068366059, 0.401901585943534 ], [ 32.59358553882084, 0.402119907704081 ], [ 32.593107139490847, 0.402190519545892 ] ] ] } },
{ "type": "Feature", "properties": { "class_id": 2, "class_name": "structural intrusion" }, "geometry": { "type": "Polygon", "coordinates": [ [ [ 32.595948810231185, 0.402209925982753 ], [ 32.595913733226347, 0.402100759728632 ], [ 32.596264558059666, 0.402078302155643 ], [ 32.596261363074518, 0.402193887948999 ], [ 32.595948810231185, 0.402209925982753 ] ] ] } },
{ "type": "Feature", "properties": { "class_id": 4, "class_name": "garden" }, "geometry": { "type": "Polygon", "coordinates": [ [ [ 32.596341119230544, 0.401715494501125 ], [ 32.596350674543451, 0.401972352651327 ], [ 32.596580297064264, 0.402126478683023 ], [ 32.59685777007077, 0.402059067338399 ], [ 32.59686735876636, 0.401635252624106 ], [ 32.596341119230544, 0.401715494501125 ] ] ] } },
{ "type": "Feature", "properties": { "class_id": 2, "class_name": "structural intrusion" }, "geometry": { "type": "Polygon", "coordinates": [ [ [ 32.597234130780372, 0.401599952892918 ], [ 32.597272396176905, 0.401728383643134 ], [ 32.597553056607175, 0.401699501070365 ], [ 32.597524357712352, 0.401599967283962 ], [ 32.597234130780372, 0.401599952892918 ] ] ] } },
{ "type": "Feature", "properties": { "class_id": 4, "class_name": "garden" }, "geometry": { "type": "Polygon", "coordinates": [ [ [ 32.597243685811222, 0.401863232512936 ], [ 32.597266002467641, 0.402036612570817 ], [ 32.597310649148824, 0.40211046137785 ], [ 32.597460545169291, 0.402139365312234 ], [ 32.598372688958655, 0.402100881880777 ], [ 32.598331235961787, 0.401937133019904 ], [ 32.597243685811222, 0.401863232512936 ] ] ] } },
{ "type": "Feature", "properties": { "class_id": 4, "class_name": "garden" }, "geometry": { "type": "Polygon", "coordinates": [ [ [ 32.59768063407089, 0.401593553585769 ], [ 32.597715705458725, 0.401818305827045 ], [ 32.598178151716006, 0.4018857538927 ], [ 32.5984460549505, 0.401856870659548 ], [ 32.598471576620007, 0.401709178720624 ], [ 32.598229189573551, 0.401702745284106 ], [ 32.598245142694275, 0.401567895762652 ], [ 32.59768063407089, 0.401593553585769 ] ] ] } },
{ "type": "Feature", "properties": { "class_id": 2, "class_name": "structural intrusion" }, "geometry": { "type": "Polygon", "coordinates": [ [ [ 32.598261083273933, 0.401689903975787 ], [ 32.598245138932199, 0.401644953083051 ], [ 32.598324872555565, 0.401625692697894 ], [ 32.598449256482326, 0.401606434519857 ], [ 32.598458820800694, 0.401680281593681 ], [ 32.598261083273933, 0.401689903975787 ] ] ] } },
{ "type": "Feature", "properties": { "class_id": 2, "class_name": "structural intrusion" }, "geometry": { "type": "Polygon", "coordinates": [ [ [ 32.598698025279013, 0.401548653825118 ], [ 32.598713969311326, 0.40160002616303 ], [ 32.598768187538489, 0.401600028842374 ], [ 32.598771375437018, 0.401628925496993 ], [ 32.598819215675853, 0.40161608497333 ], [ 32.59881921739764, 0.401580767032317 ], [ 32.598886193637938, 0.401564716731331 ], [ 32.598876626967261, 0.401539030483246 ], [ 32.598698025279013, 0.401548653825118 ] ] ] } },
{ "type": "Feature", "properties": { "class_id": 2, "class_name": "structural intrusion" }, "geometry": { "type": "Polygon", "coordinates": [ [ [ 32.598634212807475, 0.40208805194112 ], [ 32.598599136381253, 0.401966042775624 ], [ 32.598876608963707, 0.401908263505422 ], [ 32.598946765430973, 0.402078435237744 ], [ 32.598634212807475, 0.40208805194112 ] ] ] } },
{ "type": "Feature", "properties": { "class_id": 2, "class_name": "structural intrusion" }, "geometry": { "type": "Polygon", "coordinates": [ [ [ 32.599000983976126, 0.402072016474767 ], [ 32.598978666496073, 0.401914689994359 ], [ 32.599342249771588, 0.401869757847407 ], [ 32.599383704515901, 0.401998188779734 ], [ 32.599361376074569, 0.402065612841658 ], [ 32.599000983976126, 0.402072016474767 ] ] ] } },
{ "type": "Feature", "properties": { "class_id": 4, "class_name": "garden" }, "geometry": { "type": "Polygon", "coordinates": [ [ [ 32.598975495187773, 0.401545456810059 ], [ 32.599077542391633, 0.401763790946063 ], [ 32.599342257904141, 0.401702800297412 ], [ 32.599498537424004, 0.401632172121213 ], [ 32.599498542580378, 0.401526218289321 ], [ 32.598975495187773, 0.401545456810059 ] ] ] } },
{ "type": "Feature", "properties": { "class_id": 2, "class_name": "structural intrusion" }, "geometry": { "type": "Polygon", "coordinates": [ [ [ 32.599501706875046, 0.402039933995115 ], [ 32.599511279178394, 0.401950034246507 ], [ 32.599760045043496, 0.401953257245529 ], [ 32.59977599799047, 0.40182161841854 ], [ 32.59989400223008, 0.401824834959697 ], [ 32.599855719908788, 0.402043162190209 ], [ 32.599501706875046, 0.402039933995115 ] ] ] } },
{ "type": "Feature", "properties": { "class_id": 2, "class_name": "structural intrusion" }, "geometry": { "type": "Polygon", "coordinates": [ [ [ 32.600700889403299, 0.401985410834686 ], [ 32.600700893769194, 0.40189551060051 ], [ 32.601096369573121, 0.401863422825129 ], [ 32.601498221365382, 0.40188591763097 ], [ 32.601495027388346, 0.401982239163166 ], [ 32.600700889403299, 0.401985410834686 ] ] ] } },
{ "type": "Feature", "properties": { "class_id": 4, "class_name": "garden" }, "geometry": { "type": "Polygon", "coordinates": [ [ [ 32.60143125397407, 0.401718956748587 ], [ 32.601389806026141, 0.401449253987208 ], [ 32.601590733393749, 0.401429999506795 ], [ 32.601740617378333, 0.401709339763539 ], [ 32.60143125397407, 0.401718956748587 ] ] ] } },
{ "type": "Feature", "properties": { "class_id": 2, "class_name": "structural intrusion" }, "geometry": { "type": "Polygon", "coordinates": [ [ [ 32.601641762485727, 0.401426791286379 ], [ 32.601670461912498, 0.401516692938883 ], [ 32.601928796378473, 0.401507073435829 ], [ 32.601896907484019, 0.401420382348258 ], [ 32.601641762485727, 0.401426791286379 ] ] ] } },
{ "type": "Feature", "properties": { "class_id": 1, "class_name": "excavation" }, "geometry": { "type": "Polygon", "coordinates": [ [ [ 32.60272930127293, 0.401747916891285 ], [ 32.602706983861104, 0.401587379626656 ], [ 32.603749891069889, 0.401523216109745 ], [ 32.603877460665409, 0.401581015363328 ], [ 32.603944426582075, 0.401780083513428 ], [ 32.603131151285382, 0.401808940298325 ], [ 32.60272930127293, 0.401747916891285 ] ] ] } },
{ "type": "Feature", "properties": { "class_id": 2, "class_name": "structural intrusion" }, "geometry": { "type": "Polygon", "coordinates": [ [ [ 32.602879190274898, 0.401924514019299 ], [ 32.602898330936533, 0.401824982527082 ], [ 32.602997199212062, 0.401831408811532 ], [ 32.603035466738262, 0.401918100220012 ], [ 32.602879190274898, 0.401924514019299 ] ] ] } },
{ "type": "Feature", "properties": { "class_id": 2, "class_name": "structural intrusion" }, "geometry": { "type": "Polygon", "coordinates": [ [ [ 32.603255529856099, 0.401902057365895 ], [ 32.603252343334987, 0.401844264184249 ], [ 32.603488353157964, 0.401825011377281 ], [ 32.603494728371146, 0.401895647611317 ], [ 32.603255529856099, 0.401902057365895 ] ] ] } },
{ "type": "Feature", "properties": { "class_id": 2, "class_name": "structural intrusion" }, "geometry": { "type": "Polygon", "coordinates": [ [ [ 32.603654194309421, 0.40188602323113 ], [ 32.603663766570371, 0.401796123431798 ], [ 32.603966750667013, 0.401802559670342 ], [ 32.60393804301512, 0.401882826367519 ], [ 32.603654194309421, 0.40188602323113 ] ] ] } },
{ "type": "Feature", "properties": { "class_id": 2, "class_name": "structural intrusion" }, "geometry": { "type": "Polygon", "coordinates": [ [ [ 32.604799177630213, 0.401446209855958 ], [ 32.604827888968849, 0.401288885763306 ], [ 32.605012869551238, 0.401276051859491 ], [ 32.604936317181476, 0.401462270148637 ], [ 32.604799177630213, 0.401446209855958 ] ] ] } },
{ "type": "Feature", "properties": { "class_id": 1, "class_name": "excavation" }, "geometry": { "type": "Polygon", "coordinates": [ [ [ 32.605523133742899, 0.401805846195226 ], [ 32.605653900541412, 0.401699898638822 ], [ 32.605736837372731, 0.401391673103129 ], [ 32.606138689843377, 0.401404535494621 ], [ 32.606058938488829, 0.401793029322605 ], [ 32.605523133742899, 0.401805846195226 ] ] ] } },
{ "type": "Feature", "properties": { "class_id": 2, "class_name": "structural intrusion" }, "geometry": { "type": "Polygon", "coordinates": [ [ [ 32.606291784873989, 0.401234374498948 ], [ 32.606282213873421, 0.401298588532108 ], [ 32.606479951267509, 0.401295387385677 ], [ 32.60648313704889, 0.401369234213078 ], [ 32.607002994813627, 0.401366048651367 ], [ 32.606990245232176, 0.401205511778882 ], [ 32.606291784873989, 0.401234374498948 ] ] ] } },
{ "type": "Feature", "properties": { "class_id": 2, "class_name": "structural intrusion" }, "geometry": { "type": "Polygon", "coordinates": [ [ [ 32.606422520957921, 0.401770571888447 ], [ 32.606425714569447, 0.401680671746308 ], [ 32.60678610666362, 0.401680689210499 ], [ 32.606786102980479, 0.401757746611103 ], [ 32.606422520957921, 0.401770571888447 ] ] ] } },
{ "type": "Feature", "properties": { "class_id": 2, "class_name": "structural intrusion" }, "geometry": { "type": "Polygon", "coordinates": [ [ [ 32.606977462236316, 0.401744912979004 ], [ 32.606990224233904, 0.401645381118475 ], [ 32.60765360027402, 0.401658256105068 ], [ 32.607647218130367, 0.401732102480049 ], [ 32.606977462236316, 0.401744912979004 ] ] ] } },
{ "type": "Feature", "properties": { "class_id": 2, "class_name": "structural intrusion" }, "geometry": { "type": "Polygon", "coordinates": [ [ [ 32.607105060258974, 0.401208728055026 ], [ 32.607114622676839, 0.401324314623152 ], [ 32.60736657806698, 0.401327537527371 ], [ 32.607353827099878, 0.401195897175711 ], [ 32.607105060258974, 0.401208728055026 ] ] ] } },
{ "type": "Feature", "properties": { "class_id": 2, "class_name": "structural intrusion" }, "geometry": { "type": "Polygon", "coordinates": [ [ [ 32.607921525640634, 0.401170238776665 ], [ 32.607953411413675, 0.401324355138029 ], [ 32.60809374186055, 0.40130830828006 ], [ 32.608074612564067, 0.401170246159437 ], [ 32.607921525640634, 0.401170238776665 ] ] ] } },
{ "type": "Feature", "properties": { "class_id": 2, "class_name": "structural intrusion" }, "geometry": { "type": "Polygon", "coordinates": [ [ [ 32.608221321326411, 0.401160621055135 ], [ 32.608214935984734, 0.401301892673274 ], [ 32.608511542069273, 0.401298696243064 ], [ 32.608473277203352, 0.401154211743468 ], [ 32.608221321326411, 0.401160621055135 ] ] ] } },
{ "type": "Feature", "properties": { "class_id": 2, "class_name": "structural intrusion" }, "geometry": { "type": "Polygon", "coordinates": [ [ [ 32.608530685260703, 0.401144582331227 ], [ 32.608540246022301, 0.401295486900206 ], [ 32.608884692702176, 0.401273028405474 ], [ 32.608900645966074, 0.401131757235741 ], [ 32.608530685260703, 0.401144582331227 ] ] ] } },
{ "type": "Feature", "properties": { "class_id": 4, "class_name": "garden" }, "geometry": { "type": "Polygon", "coordinates": [ [ [ 32.608626338952419, 0.401683988862387 ], [ 32.608623159260873, 0.401481712987269 ], [ 32.609165346766346, 0.401385417316689 ], [ 32.609120682835631, 0.401671169776102 ], [ 32.608626338952419, 0.401683988862387 ] ] ] } },
{ "type": "Feature", "properties": { "class_id": 2, "class_name": "structural intrusion" }, "geometry": { "type": "Polygon", "coordinates": [ [ [ 32.609611837891876, 0.401648718326486 ], [ 32.609611842918241, 0.401542764364649 ], [ 32.609742605002083, 0.401536349197251 ], [ 32.609742599368339, 0.401655146065413 ], [ 32.609611837891876, 0.401648718326486 ] ] ] } },
{ "type": "Feature", "properties": { "class_id": 2, "class_name": "structural intrusion" }, "geometry": { "type": "Polygon", "coordinates": [ [ [ 32.609273795236717, 0.401134985905517 ], [ 32.609289737377424, 0.401228097725844 ], [ 32.609458770884487, 0.401228105850209 ], [ 32.60948429055135, 0.401118942389823 ], [ 32.609273795236717, 0.401134985905517 ] ] ] } },
{ "type": "Feature", "properties": { "class_id": 2, "class_name": "structural intrusion" }, "geometry": { "type": "Polygon", "coordinates": [ [ [ 32.61032308087244, 0.401090086101932 ], [ 32.61028799829127, 0.401093295146722 ], [ 32.610310318006107, 0.40120888236682 ], [ 32.610466595500583, 0.401183204046584 ], [ 32.610476168293793, 0.401080461258652 ], [ 32.61032308087244, 0.401090086101932 ] ] ] } },
{ "type": "Feature", "properties": { "class_id": 2, "class_name": "structural intrusion" }, "geometry": { "type": "Polygon", "coordinates": [ [ [ 32.609975419586647, 0.401645525074817 ], [ 32.610023265198272, 0.40152030904817 ], [ 32.610246517180336, 0.401517109039007 ], [ 32.610236943162043, 0.401645537634088 ], [ 32.609975419586647, 0.401645525074817 ] ] ] } },
{ "type": "Feature", "properties": { "class_id": 2, "class_name": "structural intrusion" }, "geometry": { "type": "Polygon", "coordinates": [ [ [ 32.61055906458644, 0.401626288732979 ], [ 32.610562259671909, 0.401504281279661 ], [ 32.610795078996723, 0.401513924619847 ], [ 32.610795074289669, 0.401613457143538 ], [ 32.61055906458644, 0.401626288732979 ] ] ] } },
{ "type": "Feature", "properties": { "class_id": 2, "class_name": "structural intrusion" }, "geometry": { "type": "Polygon", "coordinates": [ [ [ 32.61124160225598, 0.401099762255392 ], [ 32.611276678780783, 0.401224982276481 ], [ 32.611509498724431, 0.401221782681877 ], [ 32.611506311380701, 0.401180043080431 ], [ 32.61124160225598, 0.401099762255392 ] ] ] } },
{ "type": "Feature", "properties": { "class_id": 4, "class_name": "garden" }, "geometry": { "type": "Polygon", "coordinates": [ [ [ 32.611187358782431, 0.401632740298505 ], [ 32.611251163677252, 0.401237823963095 ], [ 32.611755070020749, 0.401343802040518 ], [ 32.611726346972304, 0.401751562988636 ], [ 32.611187358782431, 0.401632740298505 ] ] ] } },
{ "type": "Feature", "properties": { "class_id": 2, "class_name": "structural intrusion" }, "geometry": { "type": "Polygon", "coordinates": [ [ [ 32.61260339571843, 0.402011673804837 ], [ 32.612673567108189, 0.401873615882274 ], [ 32.612928701113482, 0.40210801115638 ], [ 32.61260339571843, 0.402011673804837 ] ] ] } },
{ "type": "Feature", "properties": { "class_id": 1, "class_name": "excavation" }, "geometry": { "type": "Polygon", "coordinates": [ [ [ 32.613397550989731, 0.401664953116795 ], [ 32.613362464018273, 0.401761273272585 ], [ 32.613630364670385, 0.401796604034155 ], [ 32.613639935475589, 0.401735600664201 ], [ 32.613397550989731, 0.401664953116795 ] ] ] } },
{ "type": "Feature", "properties": { "class_id": 2, "class_name": "structural intrusion" }, "geometry": { "type": "Polygon", "coordinates": [ [ [ 32.613534682405636, 0.401857603303236 ], [ 32.613537874736302, 0.401793388902809 ], [ 32.613633554285315, 0.401790182730683 ], [ 32.613668636882387, 0.401786973673081 ], [ 32.613678206782588, 0.401745234668814 ], [ 32.613821724223762, 0.40178055950335 ], [ 32.613770689178793, 0.401908986183315 ], [ 32.613534682405636, 0.401857603303236 ] ] ] } },
{ "type": "Feature", "properties": { "class_id": 2, "class_name": "structural intrusion" }, "geometry": { "type": "Polygon", "coordinates": [ [ [ 32.613844048965092, 0.401790192748791 ], [ 32.613847230589421, 0.401953940014939 ], [ 32.613936531064532, 0.401960365720626 ], [ 32.61394610624005, 0.401806251242948 ], [ 32.613844048965092, 0.401790192748791 ] ] ] } },
{ "type": "Feature", "properties": { "class_id": 2, "class_name": "structural intrusion" }, "geometry": { "type": "Polygon", "coordinates": [ [ [ 32.614064101946397, 0.40199568979663 ], [ 32.614083244307452, 0.40185762941067 ], [ 32.614599906486326, 0.401998925999148 ], [ 32.614510602088544, 0.402075979227439 ], [ 32.614064101946397, 0.40199568979663 ] ] ] } },
{ "type": "Feature", "properties": { "class_id": 2, "class_name": "structural intrusion" }, "geometry": { "type": "Polygon", "coordinates": [ [ [ 32.613419849461671, 0.402233252959814 ], [ 32.613451744710204, 0.402188304294452 ], [ 32.6137387786925, 0.402278218349425 ], [ 32.613732398253831, 0.40231674677771 ], [ 32.613419849461671, 0.402233252959814 ] ] ] } },
{ "type": "Feature", "properties": { "class_id": 2, "class_name": "structural intrusion" }, "geometry": { "type": "Polygon", "coordinates": [ [ [ 32.614185275357904, 0.402432354550657 ], [ 32.614226739000621, 0.402377774150837 ], [ 32.614421284277029, 0.402438787240486 ], [ 32.614411713320131, 0.402503001344044 ], [ 32.614185275357904, 0.402432354550657 ] ] ] } },
{ "type": "Feature", "properties": { "class_id": 1, "class_name": "excavation" }, "geometry": { "type": "Polygon", "coordinates": [ [ [ 32.615594939974208, 0.402692490548227 ], [ 32.615700206283783, 0.402287943761376 ], [ 32.616389087994492, 0.402506305943655 ], [ 32.616373131517825, 0.40271821328175 ], [ 32.616312527482201, 0.402869114657616 ], [ 32.615594939974208, 0.402692490548227 ] ] ] } },
{ "type": "Feature", "properties": { "class_id": 1, "class_name": "excavation" }, "geometry": { "type": "Polygon", "coordinates": [ [ [ 32.616774973028406, 0.402978301346298 ], [ 32.616794119117095, 0.402759972691293 ], [ 32.61710029125112, 0.402804937382339 ], [ 32.617282072619581, 0.40301043263629 ], [ 32.617269311912118, 0.403084278800312 ], [ 32.616774973028406, 0.402978301346298 ] ] ] } },
{ "type": "Feature", "properties": { "class_id": 1, "class_name": "excavation" }, "geometry": { "type": "Polygon", "coordinates": [ [ [ 32.617355415328426, 0.40325766224254 ], [ 32.617380936295184, 0.403119602100243 ], [ 32.617543592421214, 0.403097134688396 ], [ 32.617572303146659, 0.40294944250524 ], [ 32.61773176606566, 0.403010453894192 ], [ 32.618031556923214, 0.403113211390044 ], [ 32.617967761485438, 0.403309062864004 ], [ 32.617355415328426, 0.40325766224254 ] ] ] } },
{ "type": "Feature", "properties": { "class_id": 2, "class_name": "structural intrusion" }, "geometry": { "type": "Polygon", "coordinates": [ [ [ 32.617734964059849, 0.402824231751508 ], [ 32.617719011049473, 0.402962292353636 ], [ 32.617986909947646, 0.403039362507909 ], [ 32.617996484474205, 0.402898090870734 ], [ 32.617734964059849, 0.402824231751508 ] ] ] } },
{ "type": "Feature", "properties": { "class_id": 4, "class_name": "garden" }, "geometry": { "type": "Polygon", "coordinates": [ [ [ 32.618031541059715, 0.403453548696326 ], [ 32.618066635354246, 0.403199902738139 ], [ 32.619007472133696, 0.403443962569947 ], [ 32.618981948344612, 0.403643026606112 ], [ 32.618478038223984, 0.403604474070465 ], [ 32.618031541059715, 0.403453548696326 ] ] ] } },
{ "type": "Feature", "properties": { "class_id": 2, "class_name": "structural intrusion" }, "geometry": { "type": "Polygon", "coordinates": [ [ [ 32.618707692872036, 0.403090768181403 ], [ 32.618701310059159, 0.403180668308364 ], [ 32.618991534213627, 0.403257739497707 ], [ 32.619039377533518, 0.403180684239243 ], [ 32.618707692872036, 0.403090768181403 ] ] ] } },
{ "type": "Feature", "properties": { "class_id": 2, "class_name": "structural intrusion" }, "geometry": { "type": "Polygon", "coordinates": [ [ [ 32.619192463204428, 0.40321279874599 ], [ 32.619166943007158, 0.403334805274318 ], [ 32.619406139023333, 0.403392609674921 ], [ 32.619422089928626, 0.403299499260744 ], [ 32.619192463204428, 0.40321279874599 ] ] ] } },
{ "type": "Feature", "properties": { "class_id": 3, "class_name": "landuse change" }, "geometry": { "type": "Polygon", "coordinates": [ [ [ 32.6196102477994, 0.403553155777294 ], [ 32.619753772992603, 0.403424733334267 ], [ 32.619935564019066, 0.403424741884145 ], [ 32.620190705157249, 0.403514654320237 ], [ 32.620251292937098, 0.40371372243634 ], [ 32.6196102477994, 0.403553155777294 ] ] ] } },
{ "type": "Feature", "properties": { "class_id": 2, "class_name": "structural intrusion" }, "geometry": { "type": "Polygon", "coordinates": [ [ [ 32.620362927054849, 0.403540348254131 ], [ 32.62032783683167, 0.403707304574327 ], [ 32.620573413613734, 0.403720159034844 ], [ 32.620621258124515, 0.403617417913292 ], [ 32.620362927054849, 0.403540348254131 ] ] ] } },
{ "type": "Feature", "properties": { "class_id": 2, "class_name": "structural intrusion" }, "geometry": { "type": "Polygon", "coordinates": [ [ [ 32.621137920894157, 0.403758714298823 ], [ 32.621134728010198, 0.40383577168032 ], [ 32.621262299052248, 0.403871095700568 ], [ 32.621278249054512, 0.403797249646701 ], [ 32.621137920894157, 0.403758714298823 ] ] ] } },
{ "type": "Feature", "properties": { "class_id": 2, "class_name": "structural intrusion" }, "geometry": { "type": "Polygon", "coordinates": [ [ [ 32.620356522207778, 0.404105436464737 ], [ 32.62040755634154, 0.403996274038917 ], [ 32.620557452886651, 0.404025177659169 ], [ 32.620726484145166, 0.404079768019433 ], [ 32.620720101937657, 0.404156825246978 ], [ 32.620662693042689, 0.404182508390411 ], [ 32.620356522207778, 0.404105436464737 ] ] ] } },
{ "type": "Feature", "properties": { "class_id": 2, "class_name": "structural intrusion" }, "geometry": { "type": "Polygon", "coordinates": [ [ [ 32.62098799920016, 0.40427242413072 ], [ 32.621026276362052, 0.404156839633874 ], [ 32.621275038330694, 0.404259594691054 ], [ 32.621281412799689, 0.404349495444916 ], [ 32.62098799920016, 0.40427242413072 ] ] ] } },
{ "type": "Feature", "properties": { "class_id": 2, "class_name": "structural intrusion" }, "geometry": { "type": "Polygon", "coordinates": [ [ [ 32.621300548702592, 0.404349496343534 ], [ 32.62130693031196, 0.404285282032604 ], [ 32.621657755797983, 0.404272455573717 ], [ 32.621504662326331, 0.404407299076701 ], [ 32.621300548702592, 0.404349496343534 ] ] ] } },
{ "type": "Feature", "properties": { "class_id": 1, "class_name": "excavation" }, "geometry": { "type": "Polygon", "coordinates": [ [ [ 32.61995468590986, 0.403726551406123 ], [ 32.619900456793687, 0.403957721414903 ], [ 32.620165166785974, 0.404028369937184 ], [ 32.620203449018028, 0.403803620630256 ], [ 32.61995468590986, 0.403726551406123 ] ] ] } },
{ "type": "Feature", "properties": { "class_id": 4, "class_name": "garden" }, "geometry": { "type": "Polygon", "coordinates": [ [ [ 32.62055426550603, 0.403983438016051 ], [ 32.620570218938738, 0.403835745174105 ], [ 32.621342027518679, 0.403967421356446 ], [ 32.621664142157897, 0.404105497878738 ], [ 32.621645002689405, 0.404182554517132 ], [ 32.6212718516908, 0.40420180139212 ], [ 32.620927408875851, 0.404127938415931 ], [ 32.62055426550603, 0.403983438016051 ] ] ] } },
{ "type": "Feature", "properties": { "class_id": 2, "class_name": "structural intrusion" }, "geometry": { "type": "Polygon", "coordinates": [ [ [ 32.621511062807812, 0.403935321977882 ], [ 32.621511064293074, 0.40390321467186 ], [ 32.621593986536993, 0.403903218558889 ], [ 32.621667341869532, 0.403880746882079 ], [ 32.621727938152631, 0.403896803374769 ], [ 32.621696040378957, 0.40399633453121 ], [ 32.621511062807812, 0.403935321977882 ] ] ] } },
{ "type": "Feature", "properties": { "class_id": 2, "class_name": "structural intrusion" }, "geometry": { "type": "Polygon", "coordinates": [ [ [ 32.621766208919396, 0.403919280282713 ], [ 32.621759827613175, 0.403977073136369 ], [ 32.621979888275753, 0.404025244406823 ], [ 32.621979890501336, 0.40397708344518 ], [ 32.621766208919396, 0.403919280282713 ] ] ] } },
{ "type": "Feature", "properties": { "class_id": 2, "class_name": "structural intrusion" }, "geometry": { "type": "Polygon", "coordinates": [ [ [ 32.622260547014683, 0.404050943394196 ], [ 32.62225735398988, 0.404131211516887 ], [ 32.622416817638651, 0.404179379944718 ], [ 32.622458282768584, 0.404092692149281 ], [ 32.622260547014683, 0.404050943394196 ] ] ] } },
{ "type": "Feature", "properties": { "class_id": 2, "class_name": "structural intrusion" }, "geometry": { "type": "Polygon", "coordinates": [ [ [ 32.621995811998445, 0.404519697693806 ], [ 32.622014951171131, 0.404449062513828 ], [ 32.622187172830941, 0.404481177894576 ], [ 32.622171221640045, 0.404580709803379 ], [ 32.621995811998445, 0.404519697693806 ] ] ] } },
{ "type": "Feature", "properties": { "class_id": 3, "class_name": "landuse change" }, "geometry": { "type": "Polygon", "coordinates": [ [ [ 32.62201495250779, 0.404420165936756 ], [ 32.622065983071941, 0.404388061020697 ], [ 32.622132958887164, 0.404384853428616 ], [ 32.622136150134409, 0.404343114077256 ], [ 32.622174421795613, 0.404346326601209 ], [ 32.622199934999692, 0.404375224374218 ], [ 32.622266911706141, 0.404352752395594 ], [ 32.622279670311613, 0.404323856415159 ], [ 32.622423188562351, 0.404346338252067 ], [ 32.62242318262841, 0.40447476748958 ], [ 32.622289229953608, 0.404503657792988 ], [ 32.622356202506204, 0.40457108627993 ], [ 32.622308361108821, 0.404606402078165 ], [ 32.622219060958201, 0.404590344238424 ], [ 32.622190361703076, 0.404490810236592 ], [ 32.62201495250779, 0.404420165936756 ] ] ] } },
{ "type": "Feature", "properties": { "class_id": 2, "class_name": "structural intrusion" }, "geometry": { "type": "Polygon", "coordinates": [ [ [ 32.6230801917077, 0.404266100705822 ], [ 32.62308656545747, 0.404372055132986 ], [ 32.623252410873889, 0.404352798495337 ], [ 32.623252412649826, 0.40431426972038 ], [ 32.6230801917077, 0.404266100705822 ] ] ] } },
{ "type": "Feature", "properties": { "class_id": 2, "class_name": "structural intrusion" }, "geometry": { "type": "Polygon", "coordinates": [ [ [ 32.622911134303664, 0.404776599053188 ], [ 32.622917516646339, 0.404696331073786 ], [ 32.623045089362776, 0.404696337042951 ], [ 32.623188601558347, 0.404850458854371 ], [ 32.622911134303664, 0.404776599053188 ] ] ] } },
{ "type": "Feature", "properties": { "class_id": 2, "class_name": "structural intrusion" }, "geometry": { "type": "Polygon", "coordinates": [ [ [ 32.62610043191556, 0.405232671694109 ], [ 32.626228011160698, 0.405091405397797 ], [ 32.62661072462997, 0.405197377331164 ], [ 32.626530985027287, 0.405341856591626 ], [ 32.62610043191556, 0.405232671694109 ] ] ] } },
{ "type": "Feature", "properties": { "class_id": 4, "class_name": "garden" }, "geometry": { "type": "Polygon", "coordinates": [ [ [ 32.62582295186089, 0.405434934924628 ], [ 32.626087673608019, 0.405255146227345 ], [ 32.626942399166253, 0.405518465973827 ], [ 32.626524589467031, 0.405711090526735 ], [ 32.62582295186089, 0.405434934924628 ] ] ] } },
{ "type": "Feature", "properties": { "class_id": 4, "class_name": "garden" }, "geometry": { "type": "Polygon", "coordinates": [ [ [ 32.625134067050872, 0.405258312589792 ], [ 32.625347762775931, 0.405011096176854 ], [ 32.625567829760591, 0.404924416647349 ], [ 32.626141898952618, 0.40510424432818 ], [ 32.625653914993357, 0.405499141701502 ], [ 32.625134067050872, 0.405258312589792 ] ] ] } },
{ "type": "Feature", "properties": { "class_id": 2, "class_name": "structural intrusion" }, "geometry": { "type": "Polygon", "coordinates": [ [ [ 32.625169163426285, 0.404956505420879 ], [ 32.625197873340447, 0.404824866746521 ], [ 32.625427501643422, 0.404882670604812 ], [ 32.625360520346376, 0.405004675306434 ], [ 32.625169163426285, 0.404956505420879 ] ] ] } },
{ "type": "Feature", "properties": { "class_id": 2, "class_name": "structural intrusion" }, "geometry": { "type": "Polygon", "coordinates": [ [ [ 32.630402753955231, 0.406790076375548 ], [ 32.630498445131735, 0.406536432809122 ], [ 32.630718505829741, 0.406591025421003 ], [ 32.630839686188217, 0.406896050731704 ], [ 32.630402753955231, 0.406790076375548 ] ] ] } },
{ "type": "Feature", "properties": { "class_id": 2, "class_name": "structural intrusion" }, "geometry": { "type": "Polygon", "coordinates": [ [ [ 32.636995029942973, 0.407994403699406 ], [ 32.636985454774184, 0.408154940075749 ], [ 32.637180001402577, 0.408203109957444 ], [ 32.637240605470978, 0.408048997366604 ], [ 32.636995029942973, 0.407994403699406 ] ] ] } },
{ "type": "Feature", "properties": { "class_id": 4, "class_name": "garden" }, "geometry": { "type": "Polygon", "coordinates": [ [ [ 32.635362097941282, 0.407952589804427 ], [ 32.635821372971584, 0.407676487462692 ], [ 32.636985462401825, 0.407984771056184 ], [ 32.636975885649534, 0.408180625530713 ], [ 32.63720551542248, 0.408215954061415 ], [ 32.637081119387993, 0.408492071728887 ], [ 32.636133906515504, 0.408126004715084 ], [ 32.635362097941282, 0.407952589804427 ] ] ] } },
{ "type": "Feature", "properties": { "class_id": 2, "class_name": "structural intrusion" }, "geometry": { "type": "Polygon", "coordinates": [ [ [ 32.636752620267636, 0.408463160162397 ], [ 32.636759000934326, 0.408418210146748 ], [ 32.636918466289266, 0.408437481817207 ], [ 32.636918462398853, 0.408524171694363 ], [ 32.636752620267636, 0.408463160162397 ] ] ] } },
{ "type": "Feature", "properties": { "class_id": 2, "class_name": "structural intrusion" }, "geometry": { "type": "Polygon", "coordinates": [ [ [ 32.638238852294982, 0.408312323025226 ], [ 32.638232463740529, 0.408533863565848 ], [ 32.638442957035487, 0.408582034154412 ], [ 32.638458913560356, 0.408360494041712 ], [ 32.638238852294982, 0.408312323025226 ] ] ] } },
{ "type": "Feature", "properties": { "class_id": 2, "class_name": "structural intrusion" }, "geometry": { "type": "Polygon", "coordinates": [ [ [ 32.637954999803213, 0.408370103420518 ], [ 32.637964571080822, 0.408296256913314 ], [ 32.638073007548307, 0.408309104774488 ], [ 32.638066625883461, 0.408376529954056 ], [ 32.637954999803213, 0.408370103420518 ] ] ] } },
{ "type": "Feature", "properties": { "class_id": 2, "class_name": "structural intrusion" }, "geometry": { "type": "Polygon", "coordinates": [ [ [ 32.641067751237244, 0.409047709593748 ], [ 32.640911467550026, 0.409198607223377 ], [ 32.641316505988087, 0.409333476450082 ], [ 32.641753447979184, 0.409237173974068 ], [ 32.641067751237244, 0.409047709593748 ] ] ] } },
{ "type": "Feature", "properties": { "class_id": 2, "class_name": "structural intrusion" }, "geometry": { "type": "Polygon", "coordinates": [ [ [ 32.641750258367871, 0.409243595306479 ], [ 32.641699228290122, 0.409262857439316 ], [ 32.641807658979488, 0.409407345521292 ], [ 32.641874637400697, 0.409349555250013 ], [ 32.641896959268138, 0.409426613964479 ], [ 32.641970315346015, 0.409391299144568 ], [ 32.641979887597181, 0.409294977435206 ], [ 32.641750258367871, 0.409243595306479 ] ] ] } },
{ "type": "Feature", "properties": { "class_id": 2, "class_name": "structural intrusion" }, "geometry": { "type": "Polygon", "coordinates": [ [ [ 32.641491901393159, 0.409728405096371 ], [ 32.641463202163443, 0.40962244945605 ], [ 32.642037276533962, 0.409722008168728 ], [ 32.641852290452199, 0.409837586412272 ], [ 32.641491901393159, 0.409728405096371 ] ] ] } },
{ "type": "Feature", "properties": { "class_id": 2, "class_name": "structural intrusion" }, "geometry": { "type": "Polygon", "coordinates": [ [ [ 32.642876077604981, 0.409539033768089 ], [ 32.642780395522571, 0.409590401288309 ], [ 32.642917527912381, 0.409786262477332 ], [ 32.643163114053777, 0.409606472143368 ], [ 32.642876077604981, 0.409539033768089 ] ] ] } },
{ "type": "Feature", "properties": { "class_id": 2, "class_name": "structural intrusion" }, "geometry": { "type": "Polygon", "coordinates": [ [ [ 32.642397659783079, 0.409962829729286 ], [ 32.642754866116583, 0.409924316921501 ], [ 32.642958974090753, 0.410126602599721 ], [ 32.642397659783079, 0.409962829729286 ] ] ] } },
{ "type": "Feature", "properties": { "class_id": 2, "class_name": "structural intrusion" }, "geometry": { "type": "Polygon", "coordinates": [ [ [ 32.643360842823753, 0.409821600481176 ], [ 32.643344897891545, 0.409783070904917 ], [ 32.643453337430479, 0.409728493209823 ], [ 32.643469281937705, 0.409776655001735 ], [ 32.643360842823753, 0.409821600481176 ] ] ] } },
{ "type": "Feature", "properties": { "class_id": 2, "class_name": "structural intrusion" }, "geometry": { "type": "Polygon", "coordinates": [ [ [ 32.644142225337987, 0.409882639501672 ], [ 32.644142218960042, 0.410027122744791 ], [ 32.644250655815341, 0.410033549073698 ], [ 32.644308068104841, 0.409934018738898 ], [ 32.644142225337987, 0.409882639501672 ] ] ] } },
{ "type": "Feature", "properties": { "class_id": 2, "class_name": "structural intrusion" }, "geometry": { "type": "Polygon", "coordinates": [ [ [ 32.644454766127936, 0.410184462927479 ], [ 32.64445157920872, 0.410129880224514 ], [ 32.644642943547026, 0.410023934395399 ], [ 32.644783272554633, 0.410056048054062 ], [ 32.644646125512416, 0.410190892961287 ], [ 32.64452811910845, 0.410219784335379 ], [ 32.644454766127936, 0.410184462927479 ] ] ] } },
{ "type": "Feature", "properties": { "class_id": 2, "class_name": "structural intrusion" }, "geometry": { "type": "Polygon", "coordinates": [ [ [ 32.644945925870402, 0.410110637881224 ], [ 32.644996947760333, 0.410277598589434 ], [ 32.645303124100458, 0.410258347824187 ], [ 32.645239341073612, 0.41017807649952 ], [ 32.644945925870402, 0.410110637881224 ] ] ] } },
{ "type": "Feature", "properties": { "class_id": 2, "class_name": "structural intrusion" }, "geometry": { "type": "Polygon", "coordinates": [ [ [ 32.645156394631876, 0.410720687704414 ], [ 32.645150020222786, 0.410624365246842 ], [ 32.645440248242828, 0.41064364264523 ], [ 32.645899505875803, 0.410772092711611 ], [ 32.646058967640137, 0.410878054223273 ], [ 32.646058963683686, 0.410967954926416 ], [ 32.645156394631876, 0.410720687704414 ] ] ] } },
{ "type": "Feature", "properties": { "class_id": 2, "class_name": "structural intrusion" }, "geometry": { "type": "Polygon", "coordinates": [ [ [ 32.645950552361413, 0.410380384785356 ], [ 32.646014332576698, 0.410524870899598 ], [ 32.646266288821302, 0.410540935821268 ], [ 32.646275860192596, 0.41046387849992 ], [ 32.645950552361413, 0.410380384785356 ] ] ] } },
{ "type": "Feature", "properties": { "class_id": 2, "class_name": "structural intrusion" }, "geometry": { "type": "Polygon", "coordinates": [ [ [ 32.646237564111075, 0.411012913243728 ], [ 32.646234379584662, 0.410903747959918 ], [ 32.646457632170439, 0.410913390127506 ], [ 32.646524599746769, 0.411102826745053 ], [ 32.646237564111075, 0.411012913243728 ] ] ] } },
{ "type": "Feature", "properties": { "class_id": 2, "class_name": "structural intrusion" }, "geometry": { "type": "Polygon", "coordinates": [ [ [ 32.647404868626602, 0.410781791936194 ], [ 32.647478215032677, 0.410968018107786 ], [ 32.647781203132048, 0.410926291943108 ], [ 32.64777163809719, 0.410858865978558 ], [ 32.647404868626602, 0.410781791936194 ] ] ] } },
{ "type": "Feature", "properties": { "class_id": 2, "class_name": "structural intrusion" }, "geometry": { "type": "Polygon", "coordinates": [ [ [ 32.64715607954976, 0.411269813329161 ], [ 32.647092298747822, 0.411138170160356 ], [ 32.64721668300448, 0.411128543474444 ], [ 32.64729641566862, 0.411141389979747 ], [ 32.64732192311574, 0.411305138845914 ], [ 32.64715607954976, 0.411269813329161 ] ] ] } },
{ "type": "Feature", "properties": { "class_id": 2, "class_name": "structural intrusion" }, "geometry": { "type": "Polygon", "coordinates": [ [ [ 32.64751009156835, 0.411350097572867 ], [ 32.647580259770216, 0.41128267515407 ], [ 32.647841787729533, 0.411215261233992 ], [ 32.647994863581836, 0.411488180936691 ], [ 32.64751009156835, 0.411350097572867 ] ] ] } },
{ "type": "Feature", "properties": { "class_id": 2, "class_name": "structural intrusion" }, "geometry": { "type": "Polygon", "coordinates": [ [ [ 32.648482845617607, 0.411154285612081 ], [ 32.648556195704451, 0.411257032551335 ], [ 32.648696527050291, 0.41123777432813 ], [ 32.648731606729029, 0.411305201429119 ], [ 32.648897454259021, 0.411250626188905 ], [ 32.648935721446094, 0.411359793056852 ], [ 32.64912070846357, 0.411224950147638 ], [ 32.648610421326381, 0.411096497940198 ], [ 32.648482845617607, 0.411154285612081 ] ] ] } },
{ "type": "Feature", "properties": { "class_id": 2, "class_name": "structural intrusion" }, "geometry": { "type": "Polygon", "coordinates": [ [ [ 32.64862953329051, 0.411645535376955 ], [ 32.648868738222447, 0.411526748589638 ], [ 32.648961223172833, 0.411655182303616 ], [ 32.648859161807636, 0.411719392587508 ], [ 32.64862953329051, 0.411645535376955 ] ] ] } },
{ "type": "Feature", "properties": { "class_id": 2, "class_name": "structural intrusion" }, "geometry": { "type": "Polygon", "coordinates": [ [ [ 32.648999493868303, 0.411684080663259 ], [ 32.648967604078749, 0.411603810739856 ], [ 32.649040959508405, 0.411584549547197 ], [ 32.649056901807157, 0.411684083206986 ], [ 32.648999493868303, 0.411684080663259 ] ] ] } },
{ "type": "Feature", "properties": { "class_id": 2, "class_name": "structural intrusion" }, "geometry": { "type": "Polygon", "coordinates": [ [ [ 32.649500209986599, 0.411883168752441 ], [ 32.649455562730445, 0.411806109001919 ], [ 32.649640547664184, 0.411719427191566 ], [ 32.649701139471979, 0.411844648757425 ], [ 32.649611837104324, 0.411870330731038 ], [ 32.649500209986599, 0.411883168752441 ] ] ] } },
{ "type": "Feature", "properties": { "class_id": 2, "class_name": "structural intrusion" }, "geometry": { "type": "Polygon", "coordinates": [ [ [ 32.649458773645371, 0.411311655095017 ], [ 32.649500229891757, 0.411427243589294 ], [ 32.649729863334358, 0.411388724852852 ], [ 32.649458773645371, 0.411311655095017 ] ] ] } },
{ "type": "Feature", "properties": { "class_id": 2, "class_name": "structural intrusion" }, "geometry": { "type": "Polygon", "coordinates": [ [ [ 32.649729839098931, 0.41194418298784 ], [ 32.649866982684046, 0.411889606462949 ], [ 32.649988171913321, 0.412011619970508 ], [ 32.649729839098931, 0.41194418298784 ] ] ] } },
{ "type": "Feature", "properties": { "class_id": 2, "class_name": "structural intrusion" }, "geometry": { "type": "Polygon", "coordinates": [ [ [ 32.650339018267005, 0.411552499532616 ], [ 32.650377284918214, 0.411674509375219 ], [ 32.650498483247809, 0.411587824718513 ], [ 32.650339018267005, 0.411552499532616 ] ] ] } },
{ "type": "Feature", "properties": { "class_id": 4, "class_name": "garden" }, "geometry": { "type": "Polygon", "coordinates": [ [ [ 32.652281277211777, 0.412554336368462 ], [ 32.652281285571945, 0.41236169187636 ], [ 32.652338696321237, 0.412297479569335 ], [ 32.652427995927624, 0.412336012393294 ], [ 32.652606594309908, 0.412432342490256 ], [ 32.652727775821276, 0.412734157532887 ], [ 32.652281277211777, 0.412554336368462 ] ] ] } },
{ "type": "Feature", "properties": { "class_id": 4, "class_name": "garden" }, "geometry": { "type": "Polygon", "coordinates": [ [ [ 32.652871294074778, 0.412772692740732 ], [ 32.652954227133769, 0.412531890751673 ], [ 32.653445378519571, 0.412663552719493 ], [ 32.653423043050694, 0.412897935900717 ], [ 32.652871294074778, 0.412772692740732 ] ] ] } },
{ "type": "Feature", "properties": { "class_id": 4, "class_name": "garden" }, "geometry": { "type": "Polygon", "coordinates": [ [ [ 32.653381595634777, 0.412576859890237 ], [ 32.653403929290874, 0.412384216354165 ], [ 32.653738805657625, 0.41246449957624 ], [ 32.653662252114728, 0.412686037421823 ], [ 32.653381595634777, 0.412576859890237 ] ] ] } },
{ "type": "Feature", "properties": { "class_id": 1, "class_name": "excavation" }, "geometry": { "type": "Polygon", "coordinates": [ [ [ 32.65365586720101, 0.412830520532341 ], [ 32.653732420887572, 0.412605771946196 ], [ 32.65394291055231, 0.412750264560518 ], [ 32.653962040160401, 0.412897959535578 ], [ 32.65365586720101, 0.412830520532341 ] ] ] } },
{ "type": "Feature", "properties": { "class_id": 2, "class_name": "structural intrusion" }, "geometry": { "type": "Polygon", "coordinates": [ [ [ 32.654140653855443, 0.412641107985741 ], [ 32.654172551057577, 0.412551208600479 ], [ 32.654280987100243, 0.412580110024051 ], [ 32.654239522040861, 0.412666798249824 ], [ 32.654140653855443, 0.412641107985741 ] ] ] } },
{ "type": "Feature", "properties": { "class_id": 1, "class_name": "excavation" }, "geometry": { "type": "Polygon", "coordinates": [ [ [ 32.654277786678527, 0.412836969261714 ], [ 32.654360718324362, 0.412628274644958 ], [ 32.654631808236061, 0.41270534431303 ], [ 32.654536118708869, 0.412926881349058 ], [ 32.654277786678527, 0.412836969261714 ] ] ] } },
{ "type": "Feature", "properties": { "class_id": 4, "class_name": "garden" }, "geometry": { "type": "Polygon", "coordinates": [ [ [ 32.654870984201835, 0.413260813202574 ], [ 32.654861422438813, 0.41311632937566 ], [ 32.654896508974119, 0.413026430121745 ], [ 32.655521610139573, 0.413212680493817 ], [ 32.655980870199826, 0.413302601326017 ], [ 32.655977671609278, 0.413517720953627 ], [ 32.654870984201835, 0.413260813202574 ] ] ] } },
{ "type": "Feature", "properties": { "class_id": 2, "class_name": "structural intrusion" }, "geometry": { "type": "Polygon", "coordinates": [ [ [ 32.654944360726446, 0.412753519105341 ], [ 32.655087872799001, 0.412936537694272 ], [ 32.655205877687159, 0.412946175075104 ], [ 32.655394047894177, 0.412955815516765 ], [ 32.65539724054458, 0.412878757833706 ], [ 32.654944360726446, 0.412753519105341 ] ] ] } },
{ "type": "Feature", "properties": { "class_id": 2, "class_name": "structural intrusion" }, "geometry": { "type": "Polygon", "coordinates": [ [ [ 32.655429130552932, 0.412955817047707 ], [ 32.655502479950641, 0.413077828468138 ], [ 32.655588590827968, 0.413103518166809 ], [ 32.65593941743505, 0.413103533466043 ], [ 32.655913906914684, 0.413007210070874 ], [ 32.655467405446956, 0.412888393122687 ], [ 32.655429130552932, 0.412955817047707 ] ] ] } },
{ "type": "Feature", "properties": { "class_id": 1, "class_name": "excavation" }, "geometry": { "type": "Polygon", "coordinates": [ [ [ 32.656382713461085, 0.413598007186673 ], [ 32.656309362250063, 0.413517735416897 ], [ 32.656296607816984, 0.413450309260111 ], [ 32.656395481973881, 0.413337937565565 ], [ 32.656650626970489, 0.413376477590218 ], [ 32.656663373682854, 0.413623705357823 ], [ 32.656382713461085, 0.413598007186673 ] ] ] } },
{ "type": "Feature", "properties": { "class_id": 2, "class_name": "structural intrusion" }, "geometry": { "type": "Polygon", "coordinates": [ [ [ 32.657910405009979, 0.413578809159117 ], [ 32.657929532488545, 0.413777876082832 ], [ 32.658146407738251, 0.413765042519339 ], [ 32.658162360727438, 0.413617349009044 ], [ 32.657910405009979, 0.413578809159117 ] ] ] } },
{ "type": "Feature", "properties": { "class_id": 1, "class_name": "excavation" }, "geometry": { "type": "Polygon", "coordinates": [ [ [ 32.657505351930318, 0.413758593199817 ], [ 32.657514915800604, 0.413854915914685 ], [ 32.657677569341985, 0.413912716363466 ], [ 32.657782815429826, 0.413957671343445 ], [ 32.657821093214508, 0.41382282178299 ], [ 32.657821097891272, 0.413713656507185 ], [ 32.657559572116448, 0.413723277379328 ], [ 32.657505351930318, 0.413758593199817 ] ] ] } },
{ "type": "Feature", "properties": { "class_id": 4, "class_name": "garden" }, "geometry": { "type": "Polygon", "coordinates": [ [ [ 32.657310817038663, 0.413421456703108 ], [ 32.65733313934458, 0.413492094024404 ], [ 32.657779640953997, 0.413610910918562 ], [ 32.65778283290026, 0.413549906932502 ], [ 32.657782833587724, 0.413533853215527 ], [ 32.657310817038663, 0.413421456703108 ] ] ] } },
{ "type": "Feature", "properties": { "class_id": 4, "class_name": "garden" }, "geometry": { "type": "Polygon", "coordinates": [ [ [ 32.658790646339305, 0.413925607624784 ], [ 32.65868219827, 0.414176040935526 ], [ 32.658790627393593, 0.414368690259406 ], [ 32.658930966066208, 0.414182473203656 ], [ 32.659001138417274, 0.414018728309147 ], [ 32.658790646339305, 0.413925607624784 ] ] ] } },
{ "type": "Feature", "properties": { "class_id": 4, "class_name": "garden" }, "geometry": { "type": "Polygon", "coordinates": [ [ [ 32.658940533520095, 0.41419531659326 ], [ 32.659122319814387, 0.414330175707812 ], [ 32.659278606525461, 0.414111851890245 ], [ 32.659205255673839, 0.414021947887572 ], [ 32.659001138828756, 0.414009096077744 ], [ 32.658940533520095, 0.41419531659326 ] ] ] } },
{ "type": "Feature", "properties": { "class_id": 1, "class_name": "excavation" }, "geometry": { "type": "Polygon", "coordinates": [ [ [ 32.658458941030254, 0.414265932075233 ], [ 32.658682198132659, 0.414179251679218 ], [ 32.65879381713998, 0.414359058166503 ], [ 32.658458941030254, 0.414265932075233 ] ] ] } },
{ "type": "Feature", "properties": { "class_id": 2, "class_name": "structural intrusion" }, "geometry": { "type": "Polygon", "coordinates": [ [ [ 32.6589788203461, 0.413848557921459 ], [ 32.658956491167125, 0.413938457781227 ], [ 32.659623053548202, 0.414137552738775 ], [ 32.659661325014497, 0.414150397369195 ], [ 32.659696412075249, 0.414047655076482 ], [ 32.6589788203461, 0.413848557921459 ] ] ] } },
{ "type": "Feature", "properties": { "class_id": 2, "class_name": "structural intrusion" }, "geometry": { "type": "Polygon", "coordinates": [ [ [ 32.659823960259139, 0.414638437497476 ], [ 32.659926026231268, 0.414468272473697 ], [ 32.660257711028486, 0.414609559549341 ], [ 32.660117375227806, 0.414728351020545 ], [ 32.659823960259139, 0.414638437497476 ] ] ] } },
{ "type": "Feature", "properties": { "class_id": 2, "class_name": "structural intrusion" }, "geometry": { "type": "Polygon", "coordinates": [ [ [ 32.660209867583099, 0.414689826087686 ], [ 32.660308740660618, 0.414603140265007 ], [ 32.660627668551427, 0.414734794551092 ], [ 32.660477765973447, 0.414824688919733 ], [ 32.660222622595462, 0.414744409290413 ], [ 32.660209867583099, 0.414689826087686 ] ] ] } },
{ "type": "Feature", "properties": { "class_id": 1, "class_name": "excavation" }, "geometry": { "type": "Polygon", "coordinates": [ [ [ 32.66034064959976, 0.4142371167983 ], [ 32.660308751329936, 0.414352702214648 ], [ 32.660429943866227, 0.414404079353326 ], [ 32.660503298295176, 0.414410504007092 ], [ 32.660567086769838, 0.414368767082703 ], [ 32.660598983397811, 0.414291710594266 ], [ 32.66034064959976, 0.4142371167983 ] ] ] } },
{ "type": "Feature", "properties": { "class_id": 1, "class_name": "excavation" }, "geometry": { "type": "Polygon", "coordinates": [ [ [ 32.660831785178047, 0.414754067825151 ], [ 32.660841355369953, 0.414702696327316 ], [ 32.660965742445569, 0.414632065313315 ], [ 32.661023147747066, 0.41469628267736 ], [ 32.661007199705331, 0.414728389434577 ], [ 32.660831785178047, 0.414754067825151 ] ] ] } },
{ "type": "Feature", "properties": { "class_id": 4, "class_name": "garden" }, "geometry": { "type": "Polygon", "coordinates": [ [ [ 32.66118899290511, 0.414702711313997 ], [ 32.661373979398185, 0.414583921732476 ], [ 32.661600405840346, 0.414969220837755 ], [ 32.661338878422512, 0.415014159995303 ], [ 32.66118899290511, 0.414702711313997 ] ] ] } },
{ "type": "Feature", "properties": { "class_id": 2, "class_name": "structural intrusion" }, "geometry": { "type": "Polygon", "coordinates": [ [ [ 32.660994456564474, 0.414394471460314 ], [ 32.66105823848914, 0.414506850265039 ], [ 32.66131019364817, 0.414561443774082 ], [ 32.66138036202355, 0.414490810413899 ], [ 32.660994456564474, 0.414394471460314 ] ] ] } },
{ "type": "Feature", "properties": { "class_id": 2, "class_name": "structural intrusion" }, "geometry": { "type": "Polygon", "coordinates": [ [ [ 32.661456904024128, 0.414538974877384 ], [ 32.661555768919257, 0.414644933705271 ], [ 32.661609987892838, 0.414638514549067 ], [ 32.661632315966273, 0.414574300616122 ], [ 32.661456904024128, 0.414538974877384 ] ] ] } },
{ "type": "Feature", "properties": { "class_id": 4, "class_name": "garden" }, "geometry": { "type": "Polygon", "coordinates": [ [ [ 32.661460086813733, 0.41469309075634 ], [ 32.661587656273355, 0.414786207842805 ], [ 32.661724799059996, 0.414754106297933 ], [ 32.661721612995642, 0.414677048287791 ], [ 32.661609987892838, 0.414638514549067 ], [ 32.661552579856604, 0.414638512078718 ], [ 32.661460086813733, 0.41469309075634 ] ] ] } },
{ "type": "Feature", "properties": { "class_id": 2, "class_name": "structural intrusion" }, "geometry": { "type": "Polygon", "coordinates": [ [ [ 32.661523856193313, 0.41510085807124 ], [ 32.661549373061177, 0.415049487256227 ], [ 32.661763062087843, 0.414966017095865 ], [ 32.661849164738733, 0.415187562189226 ], [ 32.661523856193313, 0.41510085807124 ] ] ] } },
{ "type": "Feature", "properties": { "class_id": 2, "class_name": "structural intrusion" }, "geometry": { "type": "Polygon", "coordinates": [ [ [ 32.661845975675874, 0.415181140562426 ], [ 32.661855544773957, 0.415155455016394 ], [ 32.661967172203852, 0.415139406097233 ], [ 32.66196717029505, 0.415184356524196 ], [ 32.661928896903099, 0.415216462324617 ], [ 32.661845975675874, 0.415181140562426 ] ] ] } },
{ "type": "Feature", "properties": { "class_id": 1, "class_name": "excavation" }, "geometry": { "type": "Polygon", "coordinates": [ [ [ 32.66185555472731, 0.414921070649863 ], [ 32.661948037553202, 0.415107297825934 ], [ 32.662168102260928, 0.415094464313554 ], [ 32.662094755986239, 0.414895394979391 ], [ 32.662027781028279, 0.414869706141177 ], [ 32.66185555472731, 0.414921070649863 ] ] ] } },
{ "type": "Feature", "properties": { "class_id": 2, "class_name": "structural intrusion" }, "geometry": { "type": "Polygon", "coordinates": [ [ [ 32.662563591733729, 0.414815146497199 ], [ 32.662617803505825, 0.414978896819423 ], [ 32.662853817757608, 0.414898638321974 ], [ 32.662563591733729, 0.414815146497199 ] ] ] } },
{ "type": "Feature", "properties": { "class_id": 2, "class_name": "structural intrusion" }, "geometry": { "type": "Polygon", "coordinates": [ [ [ 32.662885710980483, 0.414901850435113 ], [ 32.662831491319231, 0.414924323324843 ], [ 32.662876139303393, 0.414988540142059 ], [ 32.662968632355209, 0.414933961442642 ], [ 32.662885710980483, 0.414901850435113 ] ] ] } },
{ "type": "Feature", "properties": { "class_id": 4, "class_name": "garden" }, "geometry": { "type": "Polygon", "coordinates": [ [ [ 32.663038785516271, 0.415222931514004 ], [ 32.663332210413166, 0.415081671307682 ], [ 32.663568214367025, 0.415245429429325 ], [ 32.663431061364356, 0.415518336900539 ], [ 32.663105748794223, 0.415524744432441 ], [ 32.663038785516271, 0.415222931514004 ] ] ] } },
{ "type": "Feature", "properties": { "class_id": 2, "class_name": "structural intrusion" }, "geometry": { "type": "Polygon", "coordinates": [ [ [ 32.663762768084482, 0.415145904654938 ], [ 32.663647949808762, 0.415197271664698 ], [ 32.663721300472965, 0.415293597166809 ], [ 32.663938179276521, 0.415200494834221 ], [ 32.663762768084482, 0.415145904654938 ] ] ] } },
{ "type": "Feature", "properties": { "class_id": 2, "class_name": "structural intrusion" }, "geometry": { "type": "Polygon", "coordinates": [ [ [ 32.663925421524432, 0.415210126524627 ], [ 32.663925419626366, 0.415255076960681 ], [ 32.663960500699552, 0.415293607407358 ], [ 32.664078506824502, 0.415277558729265 ], [ 32.6640848871236, 0.41523903005632 ], [ 32.663944557949222, 0.41520049510716 ], [ 32.663925421524432, 0.415210126524627 ] ] ] } },
{ "type": "Feature", "properties": { "class_id": 2, "class_name": "structural intrusion" }, "geometry": { "type": "Polygon", "coordinates": [ [ [ 32.664180566268108, 0.415261509367063 ], [ 32.664164615656226, 0.415354620304905 ], [ 32.664228400489137, 0.415399573470671 ], [ 32.664314513794892, 0.415370680443448 ], [ 32.664269866605601, 0.415287199149904 ], [ 32.664180566268108, 0.415261509367063 ] ] ] } },
{ "type": "Feature", "properties": { "class_id": 2, "class_name": "structural intrusion" }, "geometry": { "type": "Polygon", "coordinates": [ [ [ 32.663957291556834, 0.415762376105195 ], [ 32.663934970951239, 0.415649999058519 ], [ 32.664119950572669, 0.41569495741718 ], [ 32.664145460110547, 0.415816966838649 ], [ 32.663957291556834, 0.415762376105195 ] ] ] } },
{ "type": "Feature", "properties": { "class_id": 2, "class_name": "structural intrusion" }, "geometry": { "type": "Polygon", "coordinates": [ [ [ 32.664183731879277, 0.415823389968649 ], [ 32.664186925014121, 0.415733489230817 ], [ 32.664378285079124, 0.415736708166736 ], [ 32.664371900846852, 0.415868348462392 ], [ 32.664183731879277, 0.415823389968649 ] ] ] } },
{ "type": "Feature", "properties": { "class_id": 1, "class_name": "excavation" }, "geometry": { "type": "Polygon", "coordinates": [ [ [ 32.664442074523947, 0.415672495983845 ], [ 32.664432515049207, 0.415470218601941 ], [ 32.664601550839166, 0.415447750607533 ], [ 32.664655762929151, 0.415605079462048 ], [ 32.664725928202465, 0.415608293206288 ], [ 32.664732309177204, 0.415553710802017 ], [ 32.664770572689811, 0.415755989416717 ], [ 32.664442074523947, 0.415672495983845 ] ] ] } },
{ "type": "Feature", "properties": { "class_id": 2, "class_name": "structural intrusion" }, "geometry": { "type": "Polygon", "coordinates": [ [ [ 32.665067170600828, 0.416003229515308 ], [ 32.665067175202672, 0.415894064157978 ], [ 32.665194749630352, 0.415871594385587 ], [ 32.665299994912885, 0.415939024542321 ], [ 32.665261720703455, 0.415990394842201 ], [ 32.665067170600828, 0.416003229515308 ] ] ] } },
{ "type": "Feature", "properties": { "class_id": 1, "class_name": "excavation" }, "geometry": { "type": "Polygon", "coordinates": [ [ [ 32.666141987360106, 0.415762469404444 ], [ 32.666049487268964, 0.41598400694971 ], [ 32.666751135315963, 0.416131731141925 ], [ 32.666814930149265, 0.415939089071622 ], [ 32.666141987360106, 0.415762469404444 ] ] ] } },
{ "type": "Feature", "properties": { "class_id": 4, "class_name": "garden" }, "geometry": { "type": "Polygon", "coordinates": [ [ [ 32.666945667670596, 0.416542714954605 ], [ 32.666990324868365, 0.416388601025352 ], [ 32.667280550845611, 0.416478514263987 ], [ 32.667235893784941, 0.416629417452505 ], [ 32.666945667670596, 0.416542714954605 ] ] ] } },
{ "type": "Feature", "properties": { "class_id": 2, "class_name": "structural intrusion" }, "geometry": { "type": "Polygon", "coordinates": [ [ [ 32.66753249926272, 0.416700066482731 ], [ 32.667558017735729, 0.416610166661417 ], [ 32.667679211642643, 0.416632647034513 ], [ 32.667685586014052, 0.416735391198398 ], [ 32.66753249926272, 0.416700066482731 ] ] ] } },
{ "type": "Feature", "properties": { "class_id": 2, "class_name": "structural intrusion" }, "geometry": { "type": "Polygon", "coordinates": [ [ [ 32.668610507008346, 0.4164271987153 ], [ 32.668610503790347, 0.416504256642387 ], [ 32.668801864364092, 0.416497843245746 ], [ 32.668801860745283, 0.416584533415387 ], [ 32.668862458712887, 0.416571692990912 ], [ 32.66886565180338, 0.416481792208575 ], [ 32.668616886087285, 0.416417566744346 ], [ 32.668610507008346, 0.4164271987153 ] ] ] } },
{ "type": "Feature", "properties": { "class_id": 2, "class_name": "structural intrusion" }, "geometry": { "type": "Polygon", "coordinates": [ [ [ 32.668811410387562, 0.417024406162601 ], [ 32.668811412936833, 0.416963401969161 ], [ 32.66889114626921, 0.41696661609237 ], [ 32.668913468152439, 0.41705009646102 ], [ 32.668811410387562, 0.417024406162601 ] ] ] } },
{ "type": "Feature", "properties": { "class_id": 2, "class_name": "structural intrusion" }, "geometry": { "type": "Polygon", "coordinates": [ [ [ 32.669857525561497, 0.416735483136832 ], [ 32.669828815762436, 0.416873544062025 ], [ 32.670262563063147, 0.416940988055563 ], [ 32.670272135220436, 0.416841455286469 ], [ 32.669857525561497, 0.416735483136832 ] ] ] } },
{ "type": "Feature", "properties": { "class_id": 2, "class_name": "structural intrusion" }, "geometry": { "type": "Polygon", "coordinates": [ [ [ 32.671369254474428, 0.417165786985893 ], [ 32.671295894735096, 0.417284581571256 ], [ 32.671452169711564, 0.417348803100741 ], [ 32.671509584084411, 0.417197900363334 ], [ 32.671369254474428, 0.417165786985893 ] ] ] } },
{ "type": "Feature", "properties": { "class_id": 2, "class_name": "structural intrusion" }, "geometry": { "type": "Polygon", "coordinates": [ [ [ 32.671940140020816, 0.417316716123908 ], [ 32.671854020660874, 0.417490092900535 ], [ 32.672300522399247, 0.417631384565111 ], [ 32.672450429221641, 0.417441956711067 ], [ 32.671940140020816, 0.417316716123908 ] ] ] } },
{ "type": "Feature", "properties": { "class_id": 1, "class_name": "excavation" }, "geometry": { "type": "Polygon", "coordinates": [ [ [ 32.671318207182182, 0.417596025050182 ], [ 32.671468116942677, 0.41733596077974 ], [ 32.671694560992492, 0.417313495061786 ], [ 32.671767909550574, 0.417464403298474 ], [ 32.671656275065793, 0.417647411239766 ], [ 32.671318207182182, 0.417596025050182 ] ] ] } },
{ "type": "Feature", "properties": { "class_id": 2, "class_name": "structural intrusion" }, "geometry": { "type": "Polygon", "coordinates": [ [ [ 32.670935485623197, 0.41761527341781 ], [ 32.670973760902001, 0.417538217085281 ], [ 32.671136415087162, 0.417589595900627 ], [ 32.671136411751334, 0.417669864594964 ], [ 32.670935485623197, 0.41761527341781 ] ] ] } },
{ "type": "Feature", "properties": { "class_id": 2, "class_name": "structural intrusion" }, "geometry": { "type": "Polygon", "coordinates": [ [ [ 32.670355033990369, 0.417419393335517 ], [ 32.670355036797481, 0.417351967637551 ], [ 32.670782404134634, 0.417451518834171 ], [ 32.670772831308682, 0.417567105346558 ], [ 32.670355033990369, 0.417419393335517 ] ] ] } },
{ "type": "Feature", "properties": { "class_id": 1, "class_name": "excavation" }, "geometry": { "type": "Polygon", "coordinates": [ [ [ 32.674915752400587, 0.418341069413506 ], [ 32.674976358863283, 0.418122741008163 ], [ 32.675113498683466, 0.418167697209082 ], [ 32.675113497099517, 0.418206226197669 ], [ 32.67523469180081, 0.418212652744628 ], [ 32.675234692592525, 0.418193388250102 ], [ 32.675416482668865, 0.418251189304133 ], [ 32.675279333339859, 0.418437407041322 ], [ 32.674915752400587, 0.418341069413506 ] ] ] } },
{ "type": "Feature", "properties": { "class_id": 2, "class_name": "structural intrusion" }, "geometry": { "type": "Polygon", "coordinates": [ [ [ 32.678066796428141, 0.418967296438945 ], [ 32.678050845522108, 0.419070039778615 ], [ 32.678302802006876, 0.419108579199904 ], [ 32.678315562520353, 0.419031521725897 ], [ 32.678066796428141, 0.418967296438945 ] ] ] } },
{ "type": "Feature", "properties": { "class_id": 4, "class_name": "garden" }, "geometry": { "type": "Polygon", "coordinates": [ [ [ 32.678213489144277, 0.41938470000946 ], [ 32.678653624981635, 0.419224180703377 ], [ 32.678513299402312, 0.419089323399533 ], [ 32.678357022139863, 0.419076473940713 ], [ 32.678299612533344, 0.419111789818092 ], [ 32.678057224075928, 0.419073250792508 ], [ 32.677993433818088, 0.41915672765204 ], [ 32.678213489144277, 0.41938470000946 ] ] ] } },
{ "type": "Feature", "properties": { "class_id": 2, "class_name": "structural intrusion" }, "geometry": { "type": "Polygon", "coordinates": [ [ [ 32.678002988334306, 0.419487435293929 ], [ 32.678028505305711, 0.419432853601324 ], [ 32.678156080190334, 0.419403962133467 ], [ 32.67822304995979, 0.419561291656986 ], [ 32.678002988334306, 0.419487435293929 ] ] ] } },
{ "type": "Feature", "properties": { "class_id": 2, "class_name": "structural intrusion" }, "geometry": { "type": "Polygon", "coordinates": [ [ [ 32.678602578341831, 0.419644786864562 ], [ 32.67856112002972, 0.419567727146364 ], [ 32.678640855172134, 0.419529201441668 ], [ 32.678685501911367, 0.41962873654298 ], [ 32.678602578341831, 0.419644786864562 ] ] ] } },
{ "type": "Feature", "properties": { "class_id": 2, "class_name": "structural intrusion" }, "geometry": { "type": "Polygon", "coordinates": [ [ [ 32.678800315112461, 0.419705799294606 ], [ 32.678790751274342, 0.419603054892437 ], [ 32.678937462880924, 0.419558110451325 ], [ 32.679138382067855, 0.419789292771624 ], [ 32.678800315112461, 0.419705799294606 ] ] ] } },
{ "type": "Feature", "properties": { "class_id": 2, "class_name": "structural intrusion" }, "geometry": { "type": "Polygon", "coordinates": [ [ [ 32.679202168144663, 0.419808559908135 ], [ 32.679278717088025, 0.419692976056026 ], [ 32.67952429637797, 0.419696196939648 ], [ 32.679383958480358, 0.4198631501706 ], [ 32.679202168144663, 0.419808559908135 ] ] ] } },
{ "type": "Feature", "properties": { "class_id": 2, "class_name": "structural intrusion" }, "geometry": { "type": "Polygon", "coordinates": [ [ [ 32.67937760279667, 0.419298057838171 ], [ 32.679377597832804, 0.419420066353161 ], [ 32.679463708918803, 0.419448966657622 ], [ 32.679584907480326, 0.419362281391185 ], [ 32.67937760279667, 0.419298057838171 ] ] ] } },
{ "type": "Feature", "properties": { "class_id": 2, "class_name": "structural intrusion" }, "geometry": { "type": "Polygon", "coordinates": [ [ [ 32.679881513518588, 0.419432930119839 ], [ 32.679808155363745, 0.419513195862336 ], [ 32.68010794554165, 0.41971227474456 ], [ 32.680420500804182, 0.419721919859388 ], [ 32.680493860654074, 0.41959991434816 ], [ 32.679881513518588, 0.419432930119839 ] ] ] } },
{ "type": "Feature", "properties": { "class_id": 2, "class_name": "structural intrusion" }, "geometry": { "type": "Polygon", "coordinates": [ [ [ 32.679537045385835, 0.419901685494074 ], [ 32.679556187588297, 0.4197507810127 ], [ 32.679674196030255, 0.419683360119129 ], [ 32.680152584867692, 0.419994822638713 ], [ 32.68040773143661, 0.420017308400391 ], [ 32.680548061772562, 0.420036578680348 ], [ 32.680509784563696, 0.420161796384477 ], [ 32.679537045385835, 0.419901685494074 ] ] ] } },
{ "type": "Feature", "properties": { "class_id": 2, "class_name": "structural intrusion" }, "geometry": { "type": "Polygon", "coordinates": [ [ [ 32.680506617767307, 0.419606336374136 ], [ 32.680493855573644, 0.419725133627167 ], [ 32.680608671548839, 0.419734770600469 ], [ 32.680615054403063, 0.419632026837687 ], [ 32.680506617767307, 0.419606336374136 ] ] ] } },
{ "type": "Feature", "properties": { "class_id": 2, "class_name": "structural intrusion" }, "geometry": { "type": "Polygon", "coordinates": [ [ [ 32.680564002884502, 0.420174641619288 ], [ 32.680579955208842, 0.420036579992647 ], [ 32.680800017707341, 0.420091171808168 ], [ 32.680777686567815, 0.420232443926557 ], [ 32.680564002884502, 0.420174641619288 ] ] ] } },
{ "type": "Feature", "properties": { "class_id": 2, "class_name": "structural intrusion" }, "geometry": { "type": "Polygon", "coordinates": [ [ [ 32.680697976552814, 0.419651294750241 ], [ 32.680694785256456, 0.419699455881289 ], [ 32.680646945103582, 0.419699453915077 ], [ 32.680621427880986, 0.419760457131194 ], [ 32.68080321994335, 0.419773307606274 ], [ 32.68087976692275, 0.419705884982931 ], [ 32.680697976552814, 0.419651294750241 ] ] ] } },
{ "type": "Feature", "properties": { "class_id": 2, "class_name": "structural intrusion" }, "geometry": { "type": "Polygon", "coordinates": [ [ [ 32.68090847010432, 0.419728361417967 ], [ 32.68090846385747, 0.419882477459869 ], [ 32.681109391730317, 0.419901750218424 ], [ 32.681106208109661, 0.419760477046327 ], [ 32.68090847010432, 0.419728361417967 ] ] ] } },
{ "type": "Feature", "properties": { "class_id": 2, "class_name": "structural intrusion" }, "geometry": { "type": "Polygon", "coordinates": [ [ [ 32.680784066558573, 0.420200336680657 ], [ 32.680787257466037, 0.420161807801866 ], [ 32.680886126210858, 0.420184287123774 ], [ 32.680876555052656, 0.420261344750964 ], [ 32.680764929192726, 0.420232443401734 ], [ 32.680784066558573, 0.420200336680657 ] ] ] } },
{ "type": "Feature", "properties": { "class_id": 1, "class_name": "excavation" }, "geometry": { "type": "Polygon", "coordinates": [ [ [ 32.681326249287551, 0.420341632008145 ], [ 32.681323064758047, 0.420222834090163 ], [ 32.681527181732079, 0.420248528478463 ], [ 32.68141873831204, 0.420389797072367 ], [ 32.681326249287551, 0.420341632008145 ] ] ] } },
{ "type": "Feature", "properties": { "class_id": 2, "class_name": "structural intrusion" }, "geometry": { "type": "Polygon", "coordinates": [ [ [ 32.682094890303155, 0.42011691095703 ], [ 32.682078947474885, 0.420020587766748 ], [ 32.682225655877794, 0.420055912037207 ], [ 32.682212895128956, 0.420139391048251 ], [ 32.682094890303155, 0.42011691095703 ] ] ] } },
{ "type": "Feature", "properties": { "class_id": 2, "class_name": "structural intrusion" }, "geometry": { "type": "Polygon", "coordinates": [ [ [ 32.682413824981133, 0.420110502510396 ], [ 32.682515878164978, 0.420254990497313 ], [ 32.682783781796509, 0.420287108968912 ], [ 32.68278697463775, 0.420200418809946 ], [ 32.682413824981133, 0.420110502510396 ] ] ] } },
{ "type": "Feature", "properties": { "class_id": 2, "class_name": "structural intrusion" }, "geometry": { "type": "Polygon", "coordinates": [ [ [ 32.682853949704807, 0.420229318310686 ], [ 32.68279654021034, 0.4202614234788 ], [ 32.682857132962631, 0.420380223760558 ], [ 32.683035741044186, 0.420261433253805 ], [ 32.682853949704807, 0.420229318310686 ] ] ] } },
{ "type": "Feature", "properties": { "class_id": 1, "class_name": "excavation" }, "geometry": { "type": "Polygon", "coordinates": [ [ [ 32.682136339187764, 0.420428355526709 ], [ 32.68213315218037, 0.420370561873465 ], [ 32.682225643423664, 0.420364144160337 ], [ 32.682286236682742, 0.420470101435329 ], [ 32.682219259543089, 0.420492573950188 ], [ 32.682136339187764, 0.420428355526709 ] ] ] } },
{ "type": "Feature", "properties": { "class_id": 4, "class_name": "garden" }, "geometry": { "type": "Polygon", "coordinates": [ [ [ 32.682528621537472, 0.420601752167846 ], [ 32.682528622834695, 0.420569644654103 ], [ 32.682630681857802, 0.42056964883226 ], [ 32.682809284502639, 0.420585709898112 ], [ 32.682847548471024, 0.420787988806555 ], [ 32.682592403497679, 0.420723763332505 ], [ 32.682528621537472, 0.420601752167846 ] ] ] } },
{ "type": "Feature", "properties": { "class_id": 2, "class_name": "structural intrusion" }, "geometry": { "type": "Polygon", "coordinates": [ [ [ 32.682981519210692, 0.4203352783237 ], [ 32.68307720096977, 0.420299963965967 ], [ 32.683150552141456, 0.420393078757583 ], [ 32.683099521075121, 0.420431605691618 ], [ 32.683061248940263, 0.420431604127794 ], [ 32.682981519210692, 0.4203352783237 ] ] ] } },
{ "type": "Feature", "properties": { "class_id": 2, "class_name": "structural intrusion" }, "geometry": { "type": "Polygon", "coordinates": [ [ [ 32.683137796963067, 0.420338495459834 ], [ 32.683182443387409, 0.420447662837153 ], [ 32.683294072389742, 0.420399506121988 ], [ 32.683220722120772, 0.420283916069237 ], [ 32.683137796963067, 0.420338495459834 ] ] ] } },
{ "type": "Feature", "properties": { "class_id": 2, "class_name": "structural intrusion" }, "geometry": { "type": "Polygon", "coordinates": [ [ [ 32.683415269167043, 0.420357771297947 ], [ 32.683392940651082, 0.420434828426304 ], [ 32.68342164242538, 0.420492623127743 ], [ 32.683507754603397, 0.42049583739427 ], [ 32.683660845865219, 0.420428417854273 ], [ 32.683415269167043, 0.420357771297947 ] ] ] } },
{ "type": "Feature", "properties": { "class_id": 2, "class_name": "structural intrusion" }, "geometry": { "type": "Polygon", "coordinates": [ [ [ 32.683176048383977, 0.42085221727515 ], [ 32.683262164318919, 0.420762319750891 ], [ 32.683386547471073, 0.420794432349805 ], [ 32.683510925578474, 0.420951764262951 ], [ 32.683169669435344, 0.420858638517473 ], [ 32.683176048383977, 0.42085221727515 ] ] ] } },
{ "type": "Feature", "properties": { "class_id": 2, "class_name": "structural intrusion" }, "geometry": { "type": "Polygon", "coordinates": [ [ [ 32.68387771898611, 0.420486220228941 ], [ 32.683833063895655, 0.420592173217497 ], [ 32.684572981875533, 0.420842642012623 ], [ 32.684665479203041, 0.420685318927303 ], [ 32.68387771898611, 0.420486220228941 ] ] ] } },
{ "type": "Feature", "properties": { "class_id": 2, "class_name": "structural intrusion" }, "geometry": { "type": "Polygon", "coordinates": [ [ [ 32.683520493742648, 0.420948553902172 ], [ 32.683549201082073, 0.420868286282545 ], [ 32.684234903929351, 0.421025641101579 ], [ 32.684199816740033, 0.421134805235499 ], [ 32.683520493742648, 0.420948553902172 ] ] ] } },
{ "type": "Feature", "properties": { "class_id": 2, "class_name": "structural intrusion" }, "geometry": { "type": "Polygon", "coordinates": [ [ [ 32.684378418394118, 0.421176552292968 ], [ 32.684413503774678, 0.42111233868391 ], [ 32.684582535203056, 0.42120866813132 ], [ 32.684572966392523, 0.421227932253528 ], [ 32.684378418394118, 0.421176552292968 ] ] ] } },
{ "type": "Feature", "properties": { "class_id": 3, "class_name": "landuse change" }, "geometry": { "type": "Polygon", "coordinates": [ [ [ 32.686486593914253, 0.420723921829069 ], [ 32.686390916234188, 0.420656492154208 ], [ 32.686486607876517, 0.420373949795222 ], [ 32.686508939696097, 0.420213413066836 ], [ 32.68686296242538, 0.420078575745826 ], [ 32.687111734959757, 0.419988684698507 ], [ 32.687197827880667, 0.420476722597771 ], [ 32.686486593914253, 0.420723921829069 ] ] ] } },
{ "type": "Feature", "properties": { "class_id": 2, "class_name": "structural intrusion" }, "geometry": { "type": "Polygon", "coordinates": [ [ [ 32.689787611218001, 0.419609923142615 ], [ 32.689778047604847, 0.419497546383869 ], [ 32.690409549154268, 0.419218235977777 ], [ 32.690428678926864, 0.419378774430563 ], [ 32.689787611218001, 0.419609923142615 ] ] ] } },
{ "type": "Feature", "properties": { "class_id": 2, "class_name": "structural intrusion" }, "geometry": { "type": "Polygon", "coordinates": [ [ [ 32.690144845397143, 0.418913203832252 ], [ 32.690167168045626, 0.418983841303325 ], [ 32.690412749970776, 0.418926057507031 ], [ 32.69038723923304, 0.418823312370142 ], [ 32.690144845397143, 0.418913203832252 ] ] ] } },
{ "type": "Feature", "properties": { "class_id": 2, "class_name": "structural intrusion" }, "geometry": { "type": "Polygon", "coordinates": [ [ [ 32.69072850418469, 0.418698106530298 ], [ 32.690773150880254, 0.418804063183055 ], [ 32.691165445755324, 0.41866922708253 ], [ 32.691165450653713, 0.418544007674436 ], [ 32.69072850418469, 0.418698106530298 ] ] ] } },
{ "type": "Feature", "properties": { "class_id": 2, "class_name": "structural intrusion" }, "geometry": { "type": "Polygon", "coordinates": [ [ [ 32.691241995843562, 0.418521535429691 ], [ 32.691270694310369, 0.418666020500971 ], [ 32.691404648490128, 0.418624286005722 ], [ 32.691375950020095, 0.418479800933201 ], [ 32.691241995843562, 0.418521535429691 ] ] ] } },
{ "type": "Feature", "properties": { "class_id": 2, "class_name": "structural intrusion" }, "geometry": { "type": "Polygon", "coordinates": [ [ [ 32.691446117144643, 0.418441274662207 ], [ 32.691487574005777, 0.418560074207352 ], [ 32.691934088395897, 0.418409186424579 ], [ 32.691889442053807, 0.418293597505565 ], [ 32.691446117144643, 0.418441274662207 ] ] ] } },
{ "type": "Feature", "properties": { "class_id": 2, "class_name": "structural intrusion" }, "geometry": { "type": "Polygon", "coordinates": [ [ [ 32.690795458555421, 0.419256780374872 ], [ 32.690776325499293, 0.419179721519777 ], [ 32.691226031777084, 0.418964618859544 ], [ 32.691761847893325, 0.418813734648561 ], [ 32.691790548751584, 0.418897215395138 ], [ 32.690795458555421, 0.419256780374872 ] ] ] } },
{ "type": "Feature", "properties": { "class_id": 2, "class_name": "structural intrusion" }, "geometry": { "type": "Polygon", "coordinates": [ [ [ 32.693391644984629, 0.417760671445694 ], [ 32.693436288619402, 0.417946896974833 ], [ 32.693691439469461, 0.417866638125273 ], [ 32.693640417506273, 0.417670780078694 ], [ 32.693391644984629, 0.417760671445694 ] ] ] } },
{ "type": "Feature", "properties": { "class_id": 2, "class_name": "structural intrusion" }, "geometry": { "type": "Polygon", "coordinates": [ [ [ 32.693895568348204, 0.417590521214248 ], [ 32.693933835168615, 0.417728585175086 ], [ 32.694179418596832, 0.417632272150608 ], [ 32.694157098876417, 0.417484576547642 ], [ 32.693895568348204, 0.417590521214248 ] ] ] } },
{ "type": "Feature", "properties": { "class_id": 2, "class_name": "structural intrusion" }, "geometry": { "type": "Polygon", "coordinates": [ [ [ 32.693876409772969, 0.418171667097458 ], [ 32.693857279535912, 0.418020760867192 ], [ 32.694217681575026, 0.417869869518362 ], [ 32.69431973471935, 0.41802398975747 ], [ 32.693876409772969, 0.418171667097458 ] ] ] } },
{ "type": "Feature", "properties": { "class_id": 2, "class_name": "structural intrusion" }, "geometry": { "type": "Polygon", "coordinates": [ [ [ 32.694517477461723, 0.417940517871663 ], [ 32.6945174818025, 0.417828141444093 ], [ 32.694721603481874, 0.417738248287249 ], [ 32.694763060532999, 0.417853837093926 ], [ 32.694517477461723, 0.417940517871663 ] ] ] } },
{ "type": "Feature", "properties": { "class_id": 2, "class_name": "structural intrusion" }, "geometry": { "type": "Polygon", "coordinates": [ [ [ 32.694763082574504, 0.417282322677248 ], [ 32.694861947007254, 0.417420389011232 ], [ 32.695136238263743, 0.417227754404065 ], [ 32.695034181634249, 0.417163535317719 ], [ 32.694763082574504, 0.417282322677248 ] ] ] } },
{ "type": "Feature", "properties": { "class_id": 2, "class_name": "structural intrusion" }, "geometry": { "type": "Polygon", "coordinates": [ [ [ 32.695072434011436, 0.41767725764981 ], [ 32.695030974726549, 0.417619462436207 ], [ 32.695082005269455, 0.41759377838713 ], [ 32.695152170163219, 0.417613045658233 ], [ 32.695148978589621, 0.417670839128491 ], [ 32.695072434011436, 0.41767725764981 ] ] ] } },
{ "type": "Feature", "properties": { "class_id": 2, "class_name": "structural intrusion" }, "geometry": { "type": "Polygon", "coordinates": [ [ [ 32.695617839160406, 0.416980545007945 ], [ 32.695707137424399, 0.417070449635493 ], [ 32.695866607242529, 0.417006240730471 ], [ 32.69580920281534, 0.416906705077972 ], [ 32.695617839160406, 0.416980545007945 ] ] ] } },
{ "type": "Feature", "properties": { "class_id": 2, "class_name": "structural intrusion" }, "geometry": { "type": "Polygon", "coordinates": [ [ [ 32.695793233886164, 0.417484640440941 ], [ 32.695758152177127, 0.417455742275461 ], [ 32.695825133772743, 0.417317682398584 ], [ 32.696026058826227, 0.417417223638993 ], [ 32.695793233886164, 0.417484640440941 ] ] ] } },
{ "type": "Feature", "properties": { "class_id": 2, "class_name": "structural intrusion" }, "geometry": { "type": "Polygon", "coordinates": [ [ [ 32.695825149796825, 0.416900284187187 ], [ 32.695924015736331, 0.416999821452012 ], [ 32.696016508033672, 0.416967717492644 ], [ 32.69606116480206, 0.416813602961942 ], [ 32.695825149796825, 0.416900284187187 ] ] ] } },
{ "type": "Feature", "properties": { "class_id": 2, "class_name": "structural intrusion" }, "geometry": { "type": "Polygon", "coordinates": [ [ [ 32.69623018038007, 0.41733054117771 ], [ 32.696201478594482, 0.417269535705662 ], [ 32.696271648174417, 0.417166794253628 ], [ 32.696443869359371, 0.417259912857697 ], [ 32.69623018038007, 0.41733054117771 ] ] ] } },
{ "type": "Feature", "properties": { "class_id": 2, "class_name": "structural intrusion" }, "geometry": { "type": "Polygon", "coordinates": [ [ [ 32.696447058952828, 0.417253491470264 ], [ 32.696396032718098, 0.417166799085696 ], [ 32.696584211217854, 0.416983793317107 ], [ 32.69666713117492, 0.417064065427098 ], [ 32.696447058952828, 0.417253491470264 ] ] ] } },
{ "type": "Feature", "properties": { "class_id": 2, "class_name": "structural intrusion" }, "geometry": { "type": "Polygon", "coordinates": [ [ [ 32.695426467975189, 0.417250241007083 ], [ 32.695487063593902, 0.417301615454353 ], [ 32.695541285950128, 0.417211716416198 ], [ 32.695509393837177, 0.417176396864627 ], [ 32.695426467975189, 0.417250241007083 ] ] ] } },
{ "type": "Feature", "properties": { "class_id": 1, "class_name": "excavation" }, "geometry": { "type": "Polygon", "coordinates": [ [ [ 32.696963762199445, 0.416495773149295 ], [ 32.697027544606819, 0.416614573583842 ], [ 32.697193387478556, 0.416698059654622 ], [ 32.697505936173144, 0.41689071710114 ], [ 32.697792981981081, 0.416771930222114 ], [ 32.697142367604272, 0.416444407966144 ], [ 32.696963762199445, 0.416495773149295 ] ] ] } },
{ "type": "Feature", "properties": { "class_id": 2, "class_name": "structural intrusion" }, "geometry": { "type": "Polygon", "coordinates": [ [ [ 32.697171072464435, 0.416425144541009 ], [ 32.697311400926409, 0.416498997352818 ], [ 32.697375193749238, 0.416344883533443 ], [ 32.697171072464435, 0.416425144541009 ] ] ] } },
{ "type": "Feature", "properties": { "class_id": 1, "class_name": "excavation" }, "geometry": { "type": "Polygon", "coordinates": [ [ [ 32.697872729243272, 0.41641553937565 ], [ 32.698041759526703, 0.416550397653273 ], [ 32.698252256954312, 0.416537562744979 ], [ 32.698300097168257, 0.416537564588794 ], [ 32.698316046225735, 0.41647656083515 ], [ 32.698134256834592, 0.416386652655823 ], [ 32.697926951204565, 0.41633527256466 ], [ 32.697872729243272, 0.41641553937565 ] ] ] } },
{ "type": "Feature", "properties": { "class_id": 2, "class_name": "structural intrusion" }, "geometry": { "type": "Polygon", "coordinates": [ [ [ 32.69777705664405, 0.416210047295648 ], [ 32.697968413209651, 0.416322431139123 ], [ 32.698108749746673, 0.416184374034201 ], [ 32.69798755662179, 0.416129786509504 ], [ 32.69777705664405, 0.416210047295648 ] ] ] } },
{ "type": "Feature", "properties": { "class_id": 2, "class_name": "structural intrusion" }, "geometry": { "type": "Polygon", "coordinates": [ [ [ 32.698086427244384, 0.416107315026257 ], [ 32.698239511404815, 0.416226118901992 ], [ 32.698529745928134, 0.416123385874258 ], [ 32.698316063915613, 0.416011001182908 ], [ 32.698086427244384, 0.416107315026257 ] ] ] } },
{ "type": "Feature", "properties": { "class_id": 2, "class_name": "structural intrusion" }, "geometry": { "type": "Polygon", "coordinates": [ [ [ 32.69840534466325, 0.416563254694129 ], [ 32.698338370804407, 0.416499036988914 ], [ 32.698322426507666, 0.416434821250028 ], [ 32.698552061974034, 0.416370614967612 ], [ 32.698660495892142, 0.416473363343022 ], [ 32.69840534466325, 0.416563254694129 ] ] ] } },
{ "type": "Feature", "properties": { "class_id": 3, "class_name": "landuse change" }, "geometry": { "type": "Polygon", "coordinates": [ [ [ 32.698134264281833, 0.416190796529577 ], [ 32.698115121604488, 0.416364176625063 ], [ 32.698446813137451, 0.416380243184625 ], [ 32.698504223955112, 0.416312819513081 ], [ 32.698134264281833, 0.416190796529577 ] ] ] } },
{ "type": "Feature", "properties": { "class_id": 4, "class_name": "garden" }, "geometry": { "type": "Polygon", "coordinates": [ [ [ 32.699343025803849, 0.416222950571784 ], [ 32.698982639731724, 0.415953233193588 ], [ 32.699349425882133, 0.415657857667064 ], [ 32.699419592985166, 0.415619331277049 ], [ 32.699913926472611, 0.416027116300987 ], [ 32.699343025803849, 0.416222950571784 ] ] ] } },
{ "type": "Feature", "properties": { "class_id": 2, "class_name": "structural intrusion" }, "geometry": { "type": "Polygon", "coordinates": [ [ [ 32.699913927321617, 0.416004641004104 ], [ 32.699926689563455, 0.415876211224402 ], [ 32.700210542007291, 0.41586337905497 ], [ 32.700197782192987, 0.415927593702867 ], [ 32.699913927321617, 0.416004641004104 ] ] ] } },
{ "type": "Feature", "properties": { "class_id": 2, "class_name": "structural intrusion" }, "geometry": { "type": "Polygon", "coordinates": [ [ [ 32.699815076938009, 0.415490916151166 ], [ 32.699850156247976, 0.41558402943674 ], [ 32.700035140836832, 0.415519821375807 ], [ 32.700012819398772, 0.415413865550301 ], [ 32.699815076938009, 0.415490916151166 ] ] ] } },
{ "type": "Feature", "properties": { "class_id": 1, "class_name": "excavation" }, "geometry": { "type": "Polygon", "coordinates": [ [ [ 32.699913941868864, 0.415619350200189 ], [ 32.699901185810916, 0.415584031388572 ], [ 32.700057466634036, 0.415510189958884 ], [ 32.700028766137066, 0.415413866159704 ], [ 32.700398735428735, 0.415282239258063 ], [ 32.700516732713638, 0.415510207498174 ], [ 32.700350888078589, 0.41547167208567 ], [ 32.700149956507467, 0.415542301060977 ], [ 32.700185035337945, 0.415648257375199 ], [ 32.700044702460914, 0.415689991848718 ], [ 32.699913941868864, 0.415619350200189 ] ] ] } },
{ "type": "Feature", "properties": { "class_id": 3, "class_name": "landuse change" }, "geometry": { "type": "Polygon", "coordinates": [ [ [ 32.700213737652213, 0.415696419823924 ], [ 32.700162713777416, 0.415545512305204 ], [ 32.700334941097793, 0.41547809299049 ], [ 32.700478459693194, 0.415532681335671 ], [ 32.700213737652213, 0.415696419823924 ] ] ] } },
{ "type": "Feature", "properties": { "class_id": 2, "class_name": "structural intrusion" }, "geometry": { "type": "Polygon", "coordinates": [ [ [ 32.700341304666381, 0.415879437837352 ], [ 32.700338122581286, 0.415686792305978 ], [ 32.700516726062958, 0.415686799126517 ], [ 32.700513531876361, 0.415815229279828 ], [ 32.700341304666381, 0.415879437837352 ] ] ] } },
{ "type": "Feature", "properties": { "class_id": 2, "class_name": "structural intrusion" }, "geometry": { "type": "Polygon", "coordinates": [ [ [ 32.700551804777795, 0.415795966199985 ], [ 32.700535863722585, 0.415645060017555 ], [ 32.700736798079397, 0.415500583622059 ], [ 32.700784629840818, 0.415725338433186 ], [ 32.700551804777795, 0.415795966199985 ] ] ] } },
{ "type": "Feature", "properties": { "class_id": 2, "class_name": "structural intrusion" }, "geometry": { "type": "Polygon", "coordinates": [ [ [ 32.700926922467204, 0.415579249824566 ], [ 32.700886988589609, 0.415436288827031 ], [ 32.70104674744951, 0.415387152592883 ], [ 32.701077805269477, 0.415547983188177 ], [ 32.700926922467204, 0.415579249824566 ] ] ] } },
{ "type": "Feature", "properties": { "class_id": 2, "class_name": "structural intrusion" }, "geometry": { "type": "Polygon", "coordinates": [ [ [ 32.700855932452072, 0.415230783398178 ], [ 32.700918055140249, 0.415364810272903 ], [ 32.70114881912879, 0.415262066935278 ], [ 32.701060072615277, 0.415065494275403 ], [ 32.700855932452072, 0.415230783398178 ] ] ] } },
{ "type": "Feature", "properties": { "class_id": 2, "class_name": "structural intrusion" }, "geometry": { "type": "Polygon", "coordinates": [ [ [ 32.70119319624451, 0.415257601140292 ], [ 32.701082261759375, 0.41504762518492 ], [ 32.701361840546227, 0.414940416205495 ], [ 32.70138845867254, 0.415154856440116 ], [ 32.70119319624451, 0.415257601140292 ] ] ] } },
{ "type": "Feature", "properties": { "class_id": 2, "class_name": "structural intrusion" }, "geometry": { "type": "Polygon", "coordinates": [ [ [ 32.701246437509916, 0.415552457093746 ], [ 32.70121094014555, 0.415440768648778 ], [ 32.701574836496633, 0.415297823007899 ], [ 32.701610333197834, 0.415427381390103 ], [ 32.701246437509916, 0.415552457093746 ] ] ] } },
{ "type": "Feature", "properties": { "class_id": 2, "class_name": "structural intrusion" }, "geometry": { "type": "Polygon", "coordinates": [ [ [ 32.70144615004579, 0.415119118762447 ], [ 32.701397342438831, 0.414931482586871 ], [ 32.701707985087666, 0.41482427476895 ], [ 32.701787857405286, 0.414989574706666 ], [ 32.70144615004579, 0.415119118762447 ] ] ] } },
{ "type": "Feature", "properties": { "class_id": 2, "class_name": "structural intrusion" }, "geometry": { "type": "Polygon", "coordinates": [ [ [ 32.701663586543987, 0.415400578510731 ], [ 32.701632527369057, 0.41527548778074 ], [ 32.702071868378113, 0.415029792836888 ], [ 32.702568888063794, 0.415087888963283 ], [ 32.701663586543987, 0.415400578510731 ] ] ] } },
{ "type": "Feature", "properties": { "class_id": 2, "class_name": "structural intrusion" }, "geometry": { "type": "Polygon", "coordinates": [ [ [ 32.701725736201283, 0.414815340474602 ], [ 32.701841111918434, 0.414931499435523 ], [ 32.702293760813298, 0.414824296974987 ], [ 32.702315957632578, 0.414600923605662 ], [ 32.701725736201283, 0.414815340474602 ] ] ] } },
{ "type": "Feature", "properties": { "class_id": 2, "class_name": "structural intrusion" }, "geometry": { "type": "Polygon", "coordinates": [ [ [ 32.703292241903242, 0.414833269694751 ], [ 32.703301122617333, 0.414690310522785 ], [ 32.703620641337984, 0.414565232999662 ], [ 32.70378926978006, 0.414672458986805 ], [ 32.703292241903242, 0.414833269694751 ] ] ] } },
{ "type": "Feature", "properties": { "class_id": 2, "class_name": "structural intrusion" }, "geometry": { "type": "Polygon", "coordinates": [ [ [ 32.703567403439258, 0.414176559823619 ], [ 32.7035807127072, 0.414279312473236 ], [ 32.704255252005524, 0.414020223716712 ], [ 32.704281882480224, 0.413904070106462 ], [ 32.703567403439258, 0.414176559823619 ] ] ] } },
{ "type": "Feature", "properties": { "class_id": 2, "class_name": "structural intrusion" }, "geometry": { "type": "Polygon", "coordinates": [ [ [ 32.704916480684382, 0.413694122093207 ], [ 32.704947536630321, 0.413908562549045 ], [ 32.70520048841442, 0.413823689796105 ], [ 32.705058488753593, 0.413644985069528 ], [ 32.704916480684382, 0.413694122093207 ] ] ] } },
{ "type": "Feature", "properties": { "class_id": 2, "class_name": "structural intrusion" }, "geometry": { "type": "Polygon", "coordinates": [ [ [ 32.705076239700396, 0.413640518248295 ], [ 32.70516942734865, 0.413747741382771 ], [ 32.705466758555787, 0.413595857993235 ], [ 32.705404633781932, 0.413515440933839 ], [ 32.705076239700396, 0.413640518248295 ] ] ] } },
{ "type": "Feature", "properties": { "class_id": 2, "class_name": "structural intrusion" }, "geometry": { "type": "Polygon", "coordinates": [ [ [ 32.70612354967863, 0.413265288555648 ], [ 32.706105792491364, 0.41343951983851 ], [ 32.706230047316993, 0.413457394410679 ], [ 32.706376501779864, 0.413171480769439 ], [ 32.70612354967863, 0.413265288555648 ] ] ] } },
{ "type": "Feature", "properties": { "class_id": 1, "class_name": "excavation" }, "geometry": { "type": "Polygon", "coordinates": [ [ [ 32.705746319392098, 0.413975604707784 ], [ 32.705879458333698, 0.41375670288319 ], [ 32.706136849462332, 0.413627155397601 ], [ 32.706403106950177, 0.413743319950283 ], [ 32.705746319392098, 0.413975604707784 ] ] ] } },
{ "type": "Feature", "properties": { "class_id": 1, "class_name": "excavation" }, "geometry": { "type": "Polygon", "coordinates": [ [ [ 32.708009584852483, 0.412872219759941 ], [ 32.708093896518541, 0.412997312499911 ], [ 32.708311346571378, 0.412916905776579 ], [ 32.708253661240626, 0.412787346533855 ], [ 32.708182660217268, 0.412729266585729 ], [ 32.708067280442208, 0.41272032735026 ], [ 32.708018461385613, 0.41284094768244 ], [ 32.708009584852483, 0.412872219759941 ] ] ] } },
{ "type": "Feature", "properties": { "class_id": 4, "class_name": "garden" }, "geometry": { "type": "Polygon", "coordinates": [ [ [ 32.709185583498872, 0.412622083877168 ], [ 32.709048017665417, 0.412546131535845 ], [ 32.709114594463522, 0.412233409898612 ], [ 32.709647125958696, 0.412014522591472 ], [ 32.709900071100861, 0.412112816587147 ], [ 32.709766926455508, 0.412492548118802 ], [ 32.709185583498872, 0.412622083877168 ] ] ] } },
{ "type": "Feature", "properties": { "class_id": 2, "class_name": "structural intrusion" }, "geometry": { "type": "Polygon", "coordinates": [ [ [ 32.7085510007118, 0.41240762113658 ], [ 32.708559873016796, 0.41249250371173 ], [ 32.708724067778391, 0.412492509763228 ], [ 32.708750699801534, 0.412331681218923 ], [ 32.7085510007118, 0.41240762113658 ] ] ] } },
{ "type": "Feature", "properties": { "class_id": 2, "class_name": "structural intrusion" }, "geometry": { "type": "Polygon", "coordinates": [ [ [ 32.710330519603311, 0.412336206729376 ], [ 32.710352713414373, 0.412188780456109 ], [ 32.710676666411494, 0.412157519896996 ], [ 32.710765419221318, 0.412188795555422 ], [ 32.710330519603311, 0.412336206729376 ] ] ] } },
{ "type": "Feature", "properties": { "class_id": 2, "class_name": "structural intrusion" }, "geometry": { "type": "Polygon", "coordinates": [ [ [ 32.711147086732431, 0.411478478943178 ], [ 32.711164834466324, 0.41156336185804 ], [ 32.711364532587758, 0.411514226768805 ], [ 32.711351223671642, 0.411398071599564 ], [ 32.711147086732431, 0.411478478943178 ] ] ] } },
{ "type": "Feature", "properties": { "class_id": 2, "class_name": "structural intrusion" }, "geometry": { "type": "Polygon", "coordinates": [ [ [ 32.711497669268809, 0.411353402051952 ], [ 32.711502101831101, 0.411496361826827 ], [ 32.711688485901639, 0.411474031170091 ], [ 32.711684055259347, 0.41127746153707 ], [ 32.711497669268809, 0.411353402051952 ] ] ] } },
{ "type": "Feature", "properties": { "class_id": 2, "class_name": "structural intrusion" }, "geometry": { "type": "Polygon", "coordinates": [ [ [ 32.711027246402196, 0.412103922856678 ], [ 32.711022813373006, 0.411974365550694 ], [ 32.711510966308438, 0.411800151328422 ], [ 32.711573090855197, 0.411889503350407 ], [ 32.711027246402196, 0.412103922856678 ] ] ] } },
{ "type": "Feature", "properties": { "class_id": 2, "class_name": "structural intrusion" }, "geometry": { "type": "Polygon", "coordinates": [ [ [ 32.711741725110961, 0.41184036712406 ], [ 32.711763920495123, 0.411648265947057 ], [ 32.71231420022135, 0.411500858838454 ], [ 32.712256504395086, 0.411661686319589 ], [ 32.711741725110961, 0.41184036712406 ] ] ] } },
{ "type": "Feature", "properties": { "class_id": 2, "class_name": "structural intrusion" }, "geometry": { "type": "Polygon", "coordinates": [ [ [ 32.711777247533213, 0.41125959497317 ], [ 32.711794994314317, 0.411371282819263 ], [ 32.711990254260066, 0.411335550011116 ], [ 32.711976946613454, 0.411183654931794 ], [ 32.711777247533213, 0.41125959497317 ] ] ] } },
{ "type": "Feature", "properties": { "class_id": 1, "class_name": "excavation" }, "geometry": { "type": "Polygon", "coordinates": [ [ [ 32.710978442840897, 0.41179566442221 ], [ 32.710805373311089, 0.411777788153001 ], [ 32.710783189817363, 0.411639295226142 ], [ 32.711022825438107, 0.411639303971393 ], [ 32.711036134025349, 0.411764394113481 ], [ 32.710978442840897, 0.41179566442221 ] ] ] } },
{ "type": "Feature", "properties": { "class_id": 2, "class_name": "structural intrusion" }, "geometry": { "type": "Polygon", "coordinates": [ [ [ 32.71280680664637, 0.410884363301694 ], [ 32.712824553286659, 0.41100051864359 ], [ 32.713086378852047, 0.410960320719103 ], [ 32.713064196262998, 0.410795022840795 ], [ 32.71280680664637, 0.410884363301694 ] ] ] } },
{ "type": "Feature", "properties": { "class_id": 2, "class_name": "structural intrusion" }, "geometry": { "type": "Polygon", "coordinates": [ [ [ 32.713574537638344, 0.410620809210453 ], [ 32.713610035081942, 0.410736965198486 ], [ 32.713787544403182, 0.41069676420031 ], [ 32.713774236554308, 0.410549336589293 ], [ 32.713574537638344, 0.410620809210453 ] ] ] } },
{ "type": "Feature", "properties": { "class_id": 2, "class_name": "structural intrusion" }, "geometry": { "type": "Polygon", "coordinates": [ [ [ 32.713800842869681, 0.411107773652443 ], [ 32.713800848594396, 0.410946944054658 ], [ 32.713991670221105, 0.410929080979164 ], [ 32.714000541802697, 0.411036301032792 ], [ 32.713800842869681, 0.411107773652443 ] ] ] } },
{ "type": "Feature", "properties": { "class_id": 2, "class_name": "structural intrusion" }, "geometry": { "type": "Polygon", "coordinates": [ [ [ 32.714763835314649, 0.410768279160156 ], [ 32.714728340701171, 0.410571708359935 ], [ 32.715078919132111, 0.410562785965481 ], [ 32.715123293263176, 0.410643202365572 ], [ 32.714763835314649, 0.410768279160156 ] ] ] } },
{ "type": "Feature", "properties": { "class_id": 2, "class_name": "structural intrusion" }, "geometry": { "type": "Polygon", "coordinates": [ [ [ 32.715833354397709, 0.409807807244737 ], [ 32.715833350461622, 0.4099194944856 ], [ 32.716117365474481, 0.409852492279775 ], [ 32.7160951820184, 0.409709531816459 ], [ 32.715833354397709, 0.409807807244737 ] ] ] } },
{ "type": "Feature", "properties": { "class_id": 2, "class_name": "structural intrusion" }, "geometry": { "type": "Polygon", "coordinates": [ [ [ 32.716392491576386, 0.410169693871338 ], [ 32.716356992351237, 0.410102680257277 ], [ 32.716680949017942, 0.409968667107767 ], [ 32.716729760870109, 0.410049083666033 ], [ 32.716392491576386, 0.410169693871338 ] ] ] } },
{ "type": "Feature", "properties": { "class_id": 4, "class_name": "garden" }, "geometry": { "type": "Polygon", "coordinates": [ [ [ 32.718367292634461, 0.4094460305926 ], [ 32.718322934347214, 0.408909930150339 ], [ 32.719228230372643, 0.408749132400652 ], [ 32.719223780878629, 0.409088661557218 ], [ 32.718367292634461, 0.4094460305926 ] ] ] } },
{ "type": "Feature", "properties": { "class_id": 4, "class_name": "garden" }, "geometry": { "type": "Polygon", "coordinates": [ [ [ 32.719676432334069, 0.408909977843115 ], [ 32.719658697646743, 0.408445358141906 ], [ 32.720248917251411, 0.40828008166471 ], [ 32.720537353765799, 0.408682165994724 ], [ 32.719676432334069, 0.408909977843115 ] ] ] } },
{ "type": "Feature", "properties": { "class_id": 3, "class_name": "landuse change" }, "geometry": { "type": "Polygon", "coordinates": [ [ [ 32.721939685085957, 0.408146115946273 ], [ 32.72197964231264, 0.407623420769405 ], [ 32.722272534105876, 0.407516211131549 ], [ 32.722401221100441, 0.407699382776821 ], [ 32.722201511170013, 0.408092515148954 ], [ 32.721939685085957, 0.408146115946273 ] ] ] } },
{ "type": "Feature", "properties": { "class_id": 3, "class_name": "landuse change" }, "geometry": { "type": "Polygon", "coordinates": [ [ [ 32.721451530979238, 0.408356071057902 ], [ 32.721513661838912, 0.40826672338797 ], [ 32.721868684817224, 0.408061231127242 ], [ 32.721855366042369, 0.408226527866892 ], [ 32.721451530979238, 0.408356071057902 ] ] ] } },
{ "type": "Feature", "properties": { "class_id": 3, "class_name": "landuse change" }, "geometry": { "type": "Polygon", "coordinates": [ [ [ 32.721052132844392, 0.408507951832892 ], [ 32.72104770022802, 0.40836052445297 ], [ 32.721123142339323, 0.408324787154446 ], [ 32.721345024666689, 0.408400742259863 ], [ 32.721052132844392, 0.408507951832892 ] ] ] } },
{ "type": "Feature", "properties": { "class_id": 4, "class_name": "garden" }, "geometry": { "type": "Polygon", "coordinates": [ [ [ 32.722414524249722, 0.407989770231196 ], [ 32.722436729421254, 0.407502814352064 ], [ 32.723195584943028, 0.407239258580366 ], [ 32.723279885982265, 0.407686010746877 ], [ 32.722414524249722, 0.407989770231196 ] ] ] } },
{ "type": "Feature", "properties": { "class_id": 4, "class_name": "garden" }, "geometry": { "type": "Polygon", "coordinates": [ [ [ 32.723297636626867, 0.407690478853492 ], [ 32.723213336653231, 0.40721245423897 ], [ 32.723750298394926, 0.407208005287921 ], [ 32.723728098336295, 0.407547533967143 ], [ 32.723297636626867, 0.407690478853492 ] ] ] } },
{ "type": "Feature", "properties": { "class_id": 4, "class_name": "garden" }, "geometry": { "type": "Polygon", "coordinates": [ [ [ 32.724207376105475, 0.407364383293414 ], [ 32.724154131153441, 0.407145474308605 ], [ 32.724651156365013, 0.407060609043306 ], [ 32.724686653718095, 0.407185700069114 ], [ 32.724207376105475, 0.407364383293414 ] ] ] } },
{ "type": "Feature", "properties": { "class_id": 4, "class_name": "garden" }, "geometry": { "type": "Polygon", "coordinates": [ [ [ 32.725711774576581, 0.406823868275575 ], [ 32.72568959738755, 0.406488805508185 ], [ 32.726115620160563, 0.406381600217738 ], [ 32.726350810573884, 0.406609450420317 ], [ 32.725711774576581, 0.406823868275575 ] ] ] } },
{ "type": "Feature", "properties": { "class_id": 2, "class_name": "structural intrusion" }, "geometry": { "type": "Polygon", "coordinates": [ [ [ 32.727238379777397, 0.405738319320448 ], [ 32.72726500118786, 0.405881280033358 ], [ 32.727557893561425, 0.405756200134469 ], [ 32.727478018701468, 0.405644510073146 ], [ 32.727238379777397, 0.405738319320448 ] ] ] } },
{ "type": "Feature", "properties": { "class_id": 2, "class_name": "structural intrusion" }, "geometry": { "type": "Polygon", "coordinates": [ [ [ 32.728853722188965, 0.405148664687339 ], [ 32.729009036493146, 0.405305032232675 ], [ 32.729621444899571, 0.405130820534247 ], [ 32.730047473145156, 0.404858317633414 ], [ 32.729807838960753, 0.404809167153266 ], [ 32.728853722188965, 0.405148664687339 ] ] ] } },
{ "type": "Feature", "properties": { "class_id": 2, "class_name": "structural intrusion" }, "geometry": { "type": "Polygon", "coordinates": [ [ [ 32.729856635171039, 0.405367605667018 ], [ 32.729856640203188, 0.405215710836666 ], [ 32.730202781723705, 0.405188917478052 ], [ 32.730375851748406, 0.405197858268603 ], [ 32.729856635171039, 0.405367605667018 ] ] ] } },
{ "type": "Feature", "properties": { "class_id": 2, "class_name": "structural intrusion" }, "geometry": { "type": "Polygon", "coordinates": [ [ [ 32.729985349035751, 0.404746628174319 ], [ 32.730034161521829, 0.404813642236391 ], [ 32.73022498233739, 0.404822583619587 ], [ 32.730233863051481, 0.404661754091213 ], [ 32.729985349035751, 0.404746628174319 ] ] ] } },
{ "type": "Feature", "properties": { "class_id": 2, "class_name": "structural intrusion" }, "geometry": { "type": "Polygon", "coordinates": [ [ [ 32.730287115896701, 0.404648353388211 ], [ 32.730269360521199, 0.404786845144344 ], [ 32.730433555875493, 0.40477344815463 ], [ 32.730424684751746, 0.404643890496068 ], [ 32.730287115896701, 0.404648353388211 ] ] ] } },
{ "type": "Feature", "properties": { "class_id": 2, "class_name": "structural intrusion" }, "geometry": { "type": "Polygon", "coordinates": [ [ [ 32.730584445204187, 0.404545610942262 ], [ 32.730611068164428, 0.404643896728689 ], [ 32.730917268902736, 0.404661776940274 ], [ 32.730881774804899, 0.404433933489475 ], [ 32.730584445204187, 0.404545610942262 ] ] ] } },
{ "type": "Feature", "properties": { "class_id": 2, "class_name": "structural intrusion" }, "geometry": { "type": "Polygon", "coordinates": [ [ [ 32.731139164218781, 0.404349059661854 ], [ 32.731156911933979, 0.404442877659125 ], [ 32.731795944770795, 0.404322276556665 ], [ 32.73178263811775, 0.404125706301702 ], [ 32.731139164218781, 0.404349059661854 ] ] ] } },
{ "type": "Feature", "properties": { "class_id": 2, "class_name": "structural intrusion" }, "geometry": { "type": "Polygon", "coordinates": [ [ [ 32.731835872492248, 0.404675210048908 ], [ 32.731835878358815, 0.404496510218987 ], [ 32.732292960807989, 0.404518862890079 ], [ 32.731835872492248, 0.404675210048908 ] ] ] } },
{ "type": "Feature", "properties": { "class_id": 1, "class_name": "excavation" }, "geometry": { "type": "Polygon", "coordinates": [ [ [ 32.733491158018417, 0.403969400539625 ], [ 32.733437909972537, 0.403835373891011 ], [ 32.733841743524017, 0.403750504778583 ], [ 32.734019251566444, 0.403750510626305 ], [ 32.73400149945541, 0.403790717510654 ], [ 32.733695295175231, 0.403880057347958 ], [ 32.733491158018417, 0.403969400539625 ] ] ] } },
{ "type": "Feature", "properties": { "class_id": 2, "class_name": "structural intrusion" }, "geometry": { "type": "Polygon", "coordinates": [ [ [ 32.733655350338957, 0.404049820894538 ], [ 32.733615415684021, 0.403906859691361 ], [ 32.733779611786076, 0.403871125135598 ], [ 32.733788482536553, 0.40401408531527 ], [ 32.733655350338957, 0.404049820894538 ] ] ] } },
{ "type": "Feature", "properties": { "class_id": 2, "class_name": "structural intrusion" }, "geometry": { "type": "Polygon", "coordinates": [ [ [ 32.733877238013257, 0.403969413277096 ], [ 32.733846177883549, 0.403853257344151 ], [ 32.734019249533915, 0.403813055578086 ], [ 32.734063623786788, 0.403897939474486 ], [ 32.733877238013257, 0.403969413277096 ] ] ] } },
{ "type": "Feature", "properties": { "class_id": 2, "class_name": "structural intrusion" }, "geometry": { "type": "Polygon", "coordinates": [ [ [ 32.733176073233622, 0.40421510242445 ], [ 32.733145014137378, 0.404067674021275 ], [ 32.733362463233355, 0.404014071252837 ], [ 32.733424586824718, 0.404143630698741 ], [ 32.733176073233622, 0.40421510242445 ] ] ] } },
{ "type": "Feature", "properties": { "class_id": 2, "class_name": "structural intrusion" }, "geometry": { "type": "Polygon", "coordinates": [ [ [ 32.732834385140357, 0.403759406511117 ], [ 32.732865446274538, 0.403844289965198 ], [ 32.733220465104566, 0.403759419273363 ], [ 32.733220469035416, 0.403638796874202 ], [ 32.732834385140357, 0.403759406511117 ] ] ] } },
{ "type": "Feature", "properties": { "class_id": 2, "class_name": "structural intrusion" }, "geometry": { "type": "Polygon", "coordinates": [ [ [ 32.733610991502758, 0.403491382379007 ], [ 32.733615425570648, 0.403603069935559 ], [ 32.733988195931865, 0.403495862300099 ], [ 32.733983762873216, 0.40335290226453 ], [ 32.733610991502758, 0.403491382379007 ] ] ] } },
{ "type": "Feature", "properties": { "class_id": 2, "class_name": "structural intrusion" }, "geometry": { "type": "Polygon", "coordinates": [ [ [ 32.734147959255786, 0.40330823269952 ], [ 32.734152391882873, 0.403464595226736 ], [ 32.734471908674941, 0.403393125782502 ], [ 32.734729302425407, 0.403174226888692 ], [ 32.734715991924531, 0.403093811509345 ], [ 32.734147959255786, 0.40330823269952 ] ] ] } },
{ "type": "Feature", "properties": { "class_id": 2, "class_name": "structural intrusion" }, "geometry": { "type": "Polygon", "coordinates": [ [ [ 32.734822497760156, 0.403062542523238 ], [ 32.734911247446881, 0.403196570338471 ], [ 32.735532534840722, 0.402910670862938 ], [ 32.735497036400297, 0.40281238476651 ], [ 32.734822497760156, 0.403062542523238 ] ] ] } },
{ "type": "Feature", "properties": { "class_id": 2, "class_name": "structural intrusion" }, "geometry": { "type": "Polygon", "coordinates": [ [ [ 32.735017740425782, 0.403562908576395 ], [ 32.734991117108812, 0.403473557764939 ], [ 32.735195253825083, 0.403397617007057 ], [ 32.735261816457538, 0.403486969127573 ], [ 32.735017740425782, 0.403562908576395 ] ] ] } },
{ "type": "Feature", "properties": { "class_id": 2, "class_name": "structural intrusion" }, "geometry": { "type": "Polygon", "coordinates": [ [ [ 32.736042861570944, 0.40318767235557 ], [ 32.736025116230948, 0.403017906879153 ], [ 32.736371257808223, 0.402991113180004 ], [ 32.736375692780825, 0.403075995775543 ], [ 32.736042861570944, 0.40318767235557 ] ] ] } },
{ "type": "Feature", "properties": { "class_id": 2, "class_name": "structural intrusion" }, "geometry": { "type": "Polygon", "coordinates": [ [ [ 32.735874244739954, 0.402696242154007 ], [ 32.735900868359082, 0.40277665797295 ], [ 32.736193757506456, 0.402749862537703 ], [ 32.736144947962323, 0.402589031042838 ], [ 32.735874244739954, 0.402696242154007 ] ] ] } },
{ "type": "Feature", "properties": { "class_id": 2, "class_name": "structural intrusion" }, "geometry": { "type": "Polygon", "coordinates": [ [ [ 32.736300269515361, 0.402526491137365 ], [ 32.736313578601028, 0.40265158149795 ], [ 32.736717411577587, 0.402584582173207 ], [ 32.736957053325192, 0.402401422555819 ], [ 32.736974807421227, 0.402298670686208 ], [ 32.736300269515361, 0.402526491137365 ] ] ] } },
{ "type": "Feature", "properties": { "class_id": 1, "class_name": "excavation" }, "geometry": { "type": "Polygon", "coordinates": [ [ [ 32.734414206245283, 0.403772861106989 ], [ 32.73441864800477, 0.403647771345266 ], [ 32.73451628119701, 0.403531619638994 ], [ 32.734587278043762, 0.403728191828984 ], [ 32.734414206245283, 0.403772861106989 ] ] ] } },
{ "type": "Feature", "properties": { "class_id": 2, "class_name": "structural intrusion" }, "geometry": { "type": "Polygon", "coordinates": [ [ [ 32.737152299314559, 0.402803503684886 ], [ 32.737138990645725, 0.402665010823998 ], [ 32.737409693592134, 0.402566734654508 ], [ 32.737693705074832, 0.402611418835453 ], [ 32.737152299314559, 0.402803503684886 ] ] ] } },
{ "type": "Feature", "properties": { "class_id": 2, "class_name": "structural intrusion" }, "geometry": { "type": "Polygon", "coordinates": [ [ [ 32.737591638933594, 0.402580143044245 ], [ 32.737573891410939, 0.402477390018476 ], [ 32.737875655556806, 0.402463997293044 ], [ 32.737884528250611, 0.402548880041568 ], [ 32.737591638933594, 0.402580143044245 ] ] ] } },
{ "type": "Feature", "properties": { "class_id": 2, "class_name": "structural intrusion" }, "geometry": { "type": "Polygon", "coordinates": [ [ [ 32.737396394056056, 0.402142321932454 ], [ 32.737445205917069, 0.402231673469438 ], [ 32.737711469436185, 0.402187007109125 ], [ 32.737715912127712, 0.402030644825762 ], [ 32.737396394056056, 0.402142321932454 ] ] ] } },
{ "type": "Feature", "properties": { "class_id": 2, "class_name": "structural intrusion" }, "geometry": { "type": "Polygon", "coordinates": [ [ [ 32.738066476164875, 0.402481873456291 ], [ 32.737928910259377, 0.402392519047907 ], [ 32.738057607172784, 0.402280835757923 ], [ 32.738670014433808, 0.402142363078355 ], [ 32.738905211074893, 0.402191513136561 ], [ 32.738066476164875, 0.402481873456291 ] ] ] } },
{ "type": "Feature", "properties": { "class_id": 1, "class_name": "excavation" }, "geometry": { "type": "Polygon", "coordinates": [ [ [ 32.739078297474109, 0.401686691388597 ], [ 32.739309053863593, 0.401816256258283 ], [ 32.739459936438124, 0.401793923610935 ], [ 32.739544253907773, 0.401758186328697 ], [ 32.739477691066035, 0.40167330171999 ], [ 32.739557571821997, 0.401606291804305 ], [ 32.739513197206747, 0.401530342905224 ], [ 32.739362316334656, 0.401499065574752 ], [ 32.739260249193897, 0.401499062298681 ], [ 32.73918480628236, 0.401561604854639 ], [ 32.739087174861005, 0.401624146696138 ], [ 32.739078297474109, 0.401686691388597 ] ] ] } },
{ "type": "Feature", "properties": { "class_id": 1, "class_name": "excavation" }, "geometry": { "type": "Polygon", "coordinates": [ [ [ 32.73976171500945, 0.401324845934405 ], [ 32.739770587165637, 0.401427598687736 ], [ 32.740036850974967, 0.401373997228066 ], [ 32.740050168875413, 0.401222102696345 ], [ 32.73976171500945, 0.401324845934405 ] ] ] } },
{ "type": "Feature", "properties": { "class_id": 1, "class_name": "excavation" }, "geometry": { "type": "Polygon", "coordinates": [ [ [ 32.739948088467322, 0.401642044310676 ], [ 32.74007677999343, 0.401700125915628 ], [ 32.740214354543376, 0.401516962868023 ], [ 32.740214356517278, 0.40145441788465 ], [ 32.740098976264036, 0.401454414193686 ], [ 32.7400457234166, 0.401467814985869 ], [ 32.739925902074859, 0.401575031119319 ], [ 32.739948088467322, 0.401642044310676 ] ] ] } },
{ "type": "Feature", "properties": { "class_id": 1, "class_name": "excavation" }, "geometry": { "type": "Polygon", "coordinates": [ [ [ 32.740240983152603, 0.401441016239712 ], [ 32.740240974550957, 0.401713533667782 ], [ 32.740635934419899, 0.401575053828905 ], [ 32.740675875992686, 0.40150357512086 ], [ 32.74077794173801, 0.4015482533693 ], [ 32.740822321574647, 0.401458904805152 ], [ 32.740738011561405, 0.401257864659354 ], [ 32.740178863217132, 0.401190834319855 ], [ 32.740098983878163, 0.401213169259947 ], [ 32.7400901039627, 0.40135612893678 ], [ 32.740209922198389, 0.40134719777124 ], [ 32.740240983152603, 0.401441016239712 ] ] ] } },
{ "type": "Feature", "properties": { "class_id": 4, "class_name": "garden" }, "geometry": { "type": "Polygon", "coordinates": [ [ [ 32.741696557783349, 0.401177480194495 ], [ 32.741257234506975, 0.400882611275097 ], [ 32.742091533012527, 0.400547575308446 ], [ 32.743258660705258, 0.40016340720703 ], [ 32.743511597392597, 0.400561022671704 ], [ 32.741696557783349, 0.401177480194495 ] ] ] } },
{ "type": "Feature", "properties": { "class_id": 4, "class_name": "garden" }, "geometry": { "type": "Polygon", "coordinates": [ [ [ 32.7432897246224, 0.400163408185672 ], [ 32.743582615484208, 0.400083002406712 ], [ 32.743751238198506, 0.400404667715634 ], [ 32.743476098270669, 0.400480606553525 ], [ 32.7432897246224, 0.400163408185672 ] ] ] } },
{ "type": "Feature", "properties": { "class_id": 4, "class_name": "garden" }, "geometry": { "type": "Polygon", "coordinates": [ [ [ 32.744066321883324, 0.400185770114165 ], [ 32.743999765340945, 0.399895380512389 ], [ 32.74431040728787, 0.399806040253161 ], [ 32.744381400993859, 0.400114299999449 ], [ 32.744066321883324, 0.400185770114165 ] ] ] } },
{ "type": "Feature", "properties": { "class_id": 4, "class_name": "garden" }, "geometry": { "type": "Polygon", "coordinates": [ [ [ 32.744408027901933, 0.400091963332981 ], [ 32.744319284489379, 0.399747963027743 ], [ 32.744976071929052, 0.399506738559314 ], [ 32.745060377398815, 0.399859673735975 ], [ 32.744408027901933, 0.400091963332981 ] ] ] } },
{ "type": "Feature", "properties": { "class_id": 3, "class_name": "landuse change" }, "geometry": { "type": "Polygon", "coordinates": [ [ [ 32.745095879435461, 0.399846272344067 ], [ 32.745055945620095, 0.399667571074096 ], [ 32.745273394848219, 0.399609500357713 ], [ 32.745353264004542, 0.399917760395085 ], [ 32.744820733579431, 0.400114313767013 ], [ 32.744918368148674, 0.399949019305223 ], [ 32.745095879435461, 0.399846272344067 ] ] ] } },
{ "type": "Feature", "properties": { "class_id": 4, "class_name": "garden" }, "geometry": { "type": "Polygon", "coordinates": [ [ [ 32.745557406733944, 0.399645249224104 ], [ 32.745468661609742, 0.399354858911414 ], [ 32.745921313334811, 0.399158302971404 ], [ 32.745956808787469, 0.399359341614072 ], [ 32.745557406733944, 0.399645249224104 ] ] ] } },
{ "type": "Feature", "properties": { "class_id": 4, "class_name": "garden" }, "geometry": { "type": "Polygon", "coordinates": [ [ [ 32.74653815308551, 0.39918959463989 ], [ 32.746493784260132, 0.398921543200029 ], [ 32.74740352305426, 0.398604378765424 ], [ 32.747385764072334, 0.398872428298896 ], [ 32.74653815308551, 0.39918959463989 ] ] ] } },
{ "type": "Feature", "properties": { "class_id": 2, "class_name": "structural intrusion" }, "geometry": { "type": "Polygon", "coordinates": [ [ [ 32.747669770818881, 0.399077942136785 ], [ 32.747585461261416, 0.398854564461288 ], [ 32.747780723740661, 0.398738415448448 ], [ 32.747838405997129, 0.398997532315314 ], [ 32.747669770818881, 0.399077942136785 ] ] ] } },
{ "type": "Feature", "properties": { "class_id": 2, "class_name": "structural intrusion" }, "geometry": { "type": "Polygon", "coordinates": [ [ [ 32.747927161968782, 0.398934990031618 ], [ 32.747904979567998, 0.398733951778121 ], [ 32.748175681371379, 0.398671415095199 ], [ 32.748348745291423, 0.398885860502968 ], [ 32.747927161968782, 0.398934990031618 ] ] ] } },
{ "type": "Feature", "properties": { "class_id": 2, "class_name": "structural intrusion" }, "geometry": { "type": "Polygon", "coordinates": [ [ [ 32.748424193303364, 0.398653552735572 ], [ 32.748548456044041, 0.398421246464503 ], [ 32.748672705103587, 0.398640157869514 ], [ 32.748424193303364, 0.398653552735572 ] ] ] } },
{ "type": "Feature", "properties": { "class_id": 4, "class_name": "garden" }, "geometry": { "type": "Polygon", "coordinates": [ [ [ 32.748743707547334, 0.398666965061703 ], [ 32.748712648361497, 0.398510601543759 ], [ 32.748823593383371, 0.398430189916528 ], [ 32.749338364831999, 0.398501685731122 ], [ 32.7492673556293, 0.398698253644262 ], [ 32.748743707547334, 0.398666965061703 ] ] ] } },
{ "type": "Feature", "properties": { "class_id": 4, "class_name": "garden" }, "geometry": { "type": "Polygon", "coordinates": [ [ [ 32.749409352421381, 0.399019918144405 ], [ 32.74941380471433, 0.398537428058187 ], [ 32.750248089806227, 0.398644673622672 ], [ 32.75031465213727, 0.39875189571161 ], [ 32.750092761274196, 0.398939524030177 ], [ 32.749924124741128, 0.399064608935194 ], [ 32.749409352421381, 0.399019918144405 ] ] ] } },
{ "type": "Feature", "properties": { "class_id": 1, "class_name": "excavation" }, "geometry": { "type": "Polygon", "coordinates": [ [ [ 32.750456651134762, 0.399002080181341 ], [ 32.750425591915238, 0.398845716648664 ], [ 32.750824990538149, 0.398671496231544 ], [ 32.75090042358746, 0.398935081180839 ], [ 32.750456651134762, 0.399002080181341 ] ] ] } },
{ "type": "Feature", "properties": { "class_id": 4, "class_name": "garden" }, "geometry": { "type": "Polygon", "coordinates": [ [ [ 32.751313120981422, 0.399238883931324 ], [ 32.751375254079512, 0.399064653216429 ], [ 32.751792406353857, 0.398796615725745 ], [ 32.752608940965537, 0.398899393043182 ], [ 32.752586738290496, 0.399372947704167 ], [ 32.751313120981422, 0.399238883931324 ] ] ] } },
{ "type": "Feature", "properties": { "class_id": 1, "class_name": "excavation" }, "geometry": { "type": "Polygon", "coordinates": [ [ [ 32.752990577869916, 0.399091507224643 ], [ 32.752968392808476, 0.398975351468894 ], [ 32.753034960516615, 0.398903873427882 ], [ 32.753168090739088, 0.398935149972167 ], [ 32.753141462377826, 0.399006629221313 ], [ 32.753043832996788, 0.399002158768471 ], [ 32.752990577869916, 0.399091507224643 ] ] ] } },
{ "type": "Feature", "properties": { "class_id": 1, "class_name": "excavation" }, "geometry": { "type": "Polygon", "coordinates": [ [ [ 32.753429902841482, 0.399355103195964 ], [ 32.753358902882049, 0.399243413466679 ], [ 32.753385531776175, 0.399154064202539 ], [ 32.753483161294675, 0.399154067149095 ], [ 32.753500907859369, 0.399297027794951 ], [ 32.753429902841482, 0.399355103195964 ] ] ] } },
{ "type": "Feature", "properties": { "class_id": 1, "class_name": "excavation" }, "geometry": { "type": "Polygon", "coordinates": [ [ [ 32.753567478229463, 0.399136199679035 ], [ 32.753744986447515, 0.399136205031349 ], [ 32.753873681766116, 0.399073663859353 ], [ 32.753873683757604, 0.399006651305759 ], [ 32.753602984259224, 0.398988773134921 ], [ 32.753558604547081, 0.399078121866261 ], [ 32.753567478229463, 0.399136199679035 ] ] ] } },
{ "type": "Feature", "properties": { "class_id": 4, "class_name": "garden" }, "geometry": { "type": "Polygon", "coordinates": [ [ [ 32.754423944400806, 0.399507028280042 ], [ 32.754441708346029, 0.399064745941686 ], [ 32.754960917672847, 0.399140709094944 ], [ 32.754876588292774, 0.399578521948477 ], [ 32.754423944400806, 0.399507028280042 ] ] ] } },
{ "type": "Feature", "properties": { "class_id": 4, "class_name": "garden" }, "geometry": { "type": "Polygon", "coordinates": [ [ [ 32.755129536352229, 0.399618737078134 ], [ 32.75515617633711, 0.399154117461049 ], [ 32.7561457803289, 0.399306042207247 ], [ 32.756163518380482, 0.39973939065789 ], [ 32.755129536352229, 0.399618737078134 ] ] ] } },
{ "type": "Feature", "properties": { "class_id": 4, "class_name": "garden" }, "geometry": { "type": "Polygon", "coordinates": [ [ [ 32.75641203705873, 0.399498152843706 ], [ 32.756425356096258, 0.399297115541862 ], [ 32.757086571883725, 0.399382017824572 ], [ 32.757042187731273, 0.399623261754184 ], [ 32.75641203705873, 0.399498152843706 ] ] ] } },
{ "type": "Feature", "properties": { "class_id": 4, "class_name": "garden" }, "geometry": { "type": "Polygon", "coordinates": [ [ [ 32.757135379968823, 0.399609862014398 ], [ 32.757139824364536, 0.399382019408708 ], [ 32.757880918273386, 0.39948926153637 ], [ 32.75816493009058, 0.399538412510737 ], [ 32.758080601758628, 0.399944952964399 ], [ 32.757108747821817, 0.399810898931127 ], [ 32.757135379968823, 0.399609862014398 ] ] ] } },
{ "type": "Feature", "properties": { "class_id": 4, "class_name": "garden" }, "geometry": { "type": "Polygon", "coordinates": [ [ [ 32.758209296448996, 0.399904749236728 ], [ 32.758240371112592, 0.399538414745739 ], [ 32.759110157845988, 0.399672465623044 ], [ 32.758985890701076, 0.400061134911984 ], [ 32.758209296448996, 0.399904749236728 ] ] ] } },
{ "type": "Feature", "properties": { "class_id": 4, "class_name": "garden" }, "geometry": { "type": "Polygon", "coordinates": [ [ [ 32.759141210081211, 0.400074542019031 ], [ 32.759269915968915, 0.399650132811414 ], [ 32.760241771504084, 0.399735044034574 ], [ 32.760121940680136, 0.40017285606522 ], [ 32.759141210081211, 0.400074542019031 ] ] ] } },
{ "type": "Feature", "properties": { "class_id": 4, "class_name": "garden" }, "geometry": { "type": "Polygon", "coordinates": [ [ [ 32.760197379383605, 0.400253273387625 ], [ 32.760259509244307, 0.400186262630778 ], [ 32.760459206633058, 0.400168398480692 ], [ 32.760485839488524, 0.399940556469502 ], [ 32.7611603685598, 0.400029926376044 ], [ 32.761404440717968, 0.400092478608488 ], [ 32.76138668136327, 0.400387333488434 ], [ 32.760197379383605, 0.400253273387625 ] ] ] } },
{ "type": "Feature", "properties": { "class_id": 1, "class_name": "excavation" }, "geometry": { "type": "Polygon", "coordinates": [ [ [ 32.761431062968541, 0.400230972076072 ], [ 32.76141331613502, 0.400092478868303 ], [ 32.761741712109433, 0.3999003857092 ], [ 32.7618659676913, 0.399909324351269 ], [ 32.761852651089029, 0.400029946630124 ], [ 32.761755021241783, 0.400038878789695 ], [ 32.761706205673995, 0.400065682399799 ], [ 32.761777204115162, 0.400235449710237 ], [ 32.761666260108093, 0.400280121527112 ], [ 32.761537567975459, 0.400230975193941 ], [ 32.761431062968541, 0.400230972076072 ] ] ] } },
{ "type": "Feature", "properties": { "class_id": 1, "class_name": "excavation" }, "geometry": { "type": "Polygon", "coordinates": [ [ [ 32.76116924526805, 0.399985251576223 ], [ 32.761164811562253, 0.399846758760666 ], [ 32.761324569191409, 0.399842295931634 ], [ 32.761364508308738, 0.399851232112487 ], [ 32.761324565836766, 0.399958451088623 ], [ 32.76116924526805, 0.399985251576223 ] ] ] } },
{ "type": "Feature", "properties": { "class_id": 4, "class_name": "garden" }, "geometry": { "type": "Polygon", "coordinates": [ [ [ 32.762189904339763, 0.400467772095232 ], [ 32.762181044489303, 0.399927203571987 ], [ 32.763112960014411, 0.400043385871857 ], [ 32.763046379633344, 0.400557147195514 ], [ 32.762189904339763, 0.400467772095232 ] ] ] } },
{ "type": "Feature", "properties": { "class_id": 1, "class_name": "excavation" }, "geometry": { "type": "Polygon", "coordinates": [ [ [ 32.76308631965852, 0.400534810824882 ], [ 32.763108521664812, 0.40006572327598 ], [ 32.763357033630264, 0.400056795481298 ], [ 32.763467976359046, 0.400056798701421 ], [ 32.763490162346557, 0.400146149480079 ], [ 32.763494598264614, 0.400208694703248 ], [ 32.763570037403433, 0.40027570949413 ], [ 32.763645478334183, 0.400280179189992 ], [ 32.76377417190583, 0.400280182922723 ], [ 32.763845173467111, 0.400342730077239 ], [ 32.763876236538714, 0.400374003525849 ], [ 32.763907298588201, 0.400441017029457 ], [ 32.763854045434933, 0.400463353019649 ], [ 32.763805229351682, 0.400508026672241 ], [ 32.763783039908837, 0.400539298576347 ], [ 32.763632157401695, 0.400552696717513 ], [ 32.763556714932221, 0.40060183710113 ], [ 32.76308631965852, 0.400534810824882 ] ] ] } },
{ "type": "Feature", "properties": { "class_id": 4, "class_name": "garden" }, "geometry": { "type": "Polygon", "coordinates": [ [ [ 32.764120301749557, 0.400682268577041 ], [ 32.764084816161066, 0.400119361674831 ], [ 32.768735521620776, 0.400646660966267 ], [ 32.768629002509876, 0.401147018877809 ], [ 32.764120301749557, 0.400682268577041 ] ] ] } },
{ "type": "Feature", "properties": { "class_id": 4, "class_name": "garden" }, "geometry": { "type": "Polygon", "coordinates": [ [ [ 32.768691130469591, 0.401147020645886 ], [ 32.768753270962442, 0.400700271571669 ], [ 32.770084581644248, 0.400798594487195 ], [ 32.770075690763193, 0.401352565331835 ], [ 32.768691130469591, 0.401147020645886 ] ] ] } },
{ "type": "Feature", "properties": { "class_id": 1, "class_name": "excavation" }, "geometry": { "type": "Polygon", "coordinates": [ [ [ 32.770905555843846, 0.400887967827572 ], [ 32.771003183273585, 0.400968385740943 ], [ 32.771087500423086, 0.40094605056891 ], [ 32.771207315300579, 0.401066676688568 ], [ 32.771251691802171, 0.401089015483222 ], [ 32.771309386399693, 0.400932654283385 ], [ 32.770905555843846, 0.400887967827572 ] ] ] } },
{ "type": "Feature", "properties": { "class_id": 1, "class_name": "excavation" }, "geometry": { "type": "Polygon", "coordinates": [ [ [ 32.772032724223578, 0.401267737798662 ], [ 32.771961724286243, 0.401142645542664 ], [ 32.772023856215768, 0.400999686982996 ], [ 32.772334494728177, 0.401048838290678 ], [ 32.772290116368637, 0.401093512143294 ], [ 32.772347805520489, 0.401133721344812 ], [ 32.772401058318053, 0.4011247878168 ], [ 32.772365553654801, 0.401232007052008 ], [ 32.772267922248275, 0.401294549450212 ], [ 32.772032724223578, 0.401267737798662 ] ] ] } },
{ "type": "Feature", "properties": { "class_id": 2, "class_name": "structural intrusion" }, "geometry": { "type": "Polygon", "coordinates": [ [ [ 32.771353750005289, 0.401419614037627 ], [ 32.771389253937258, 0.401339199870409 ], [ 32.771580073587316, 0.401410685386051 ], [ 32.771504629747561, 0.401508968468589 ], [ 32.771353750005289, 0.401419614037627 ] ] ] } },
{ "type": "Feature", "properties": { "class_id": 2, "class_name": "structural intrusion" }, "geometry": { "type": "Polygon", "coordinates": [ [ [ 32.771633323534402, 0.401504504578927 ], [ 32.771633328367287, 0.401330271715464 ], [ 32.772290105251315, 0.401495588000643 ], [ 32.772272351680925, 0.401593872712346 ], [ 32.771633323534402, 0.401504504578927 ] ] ] } },
{ "type": "Feature", "properties": { "class_id": 2, "class_name": "structural intrusion" }, "geometry": { "type": "Polygon", "coordinates": [ [ [ 32.772352230140392, 0.401607277480818 ], [ 32.772378862841265, 0.401374967730599 ], [ 32.772627370558922, 0.401526870016778 ], [ 32.772631805432944, 0.401629622862498 ], [ 32.772352230140392, 0.401607277480818 ] ] ] } },
{ "type": "Feature", "properties": { "class_id": 2, "class_name": "structural intrusion" }, "geometry": { "type": "Polygon", "coordinates": [ [ [ 32.772689495454038, 0.401638559497127 ], [ 32.77269837396473, 0.401526872004355 ], [ 32.772929134419748, 0.401549216008306 ], [ 32.772951320149545, 0.401651969352461 ], [ 32.772689495454038, 0.401638559497127 ] ] ] } },
{ "type": "Feature", "properties": { "class_id": 3, "class_name": "landuse change" }, "geometry": { "type": "Polygon", "coordinates": [ [ [ 32.770284274936294, 0.400932625395017 ], [ 32.770404089795178, 0.40105325151959 ], [ 32.77058603747686, 0.400999646547313 ], [ 32.770599353596708, 0.400892426706871 ], [ 32.7705594155575, 0.400843282981519 ], [ 32.770284274936294, 0.400932625395017 ] ] ] } },
{ "type": "Feature", "properties": { "class_id": 2, "class_name": "structural intrusion" }, "geometry": { "type": "Polygon", "coordinates": [ [ [ 32.773545972107911, 0.401710063589564 ], [ 32.773625854510698, 0.401580508029331 ], [ 32.774171691894665, 0.401629665838974 ], [ 32.774211626655926, 0.401799432334253 ], [ 32.773545972107911, 0.401710063589564 ] ] ] } },
{ "type": "Feature", "properties": { "class_id": 4, "class_name": "garden" }, "geometry": { "type": "Polygon", "coordinates": [ [ [ 32.773616982524807, 0.401455417503679 ], [ 32.773603673561993, 0.401303521794878 ], [ 32.773616989525337, 0.401200769437185 ], [ 32.774043008507206, 0.401254391412647 ], [ 32.774043001518912, 0.401509039486632 ], [ 32.773616982524807, 0.401455417503679 ] ] ] } },
{ "type": "Feature", "properties": { "class_id": 4, "class_name": "garden" }, "geometry": { "type": "Polygon", "coordinates": [ [ [ 32.774832904722828, 0.401866462249653 ], [ 32.774863983629793, 0.401321426852392 ], [ 32.775134682931551, 0.401366109452388 ], [ 32.775258932324526, 0.401607358454487 ], [ 32.775214547618802, 0.401884342872584 ], [ 32.774832904722828, 0.401866462249653 ] ] ] } },
{ "type": "Feature", "properties": { "class_id": 4, "class_name": "garden" }, "geometry": { "type": "Polygon", "coordinates": [ [ [ 32.775294426346072, 0.401888812595536 ], [ 32.775321067510788, 0.401343777056523 ], [ 32.776084351229379, 0.401455485895134 ], [ 32.776031095016016, 0.401589509747406 ], [ 32.775853586703228, 0.401580569828127 ], [ 32.775751518554102, 0.401607372073634 ], [ 32.775760390450834, 0.401736930126044 ], [ 32.77580476637258, 0.401781606457965 ], [ 32.775889077946466, 0.401964776722612 ], [ 32.775294426346072, 0.401888812595536 ] ] ] } },
{ "type": "Feature", "properties": { "class_id": 2, "class_name": "structural intrusion" }, "geometry": { "type": "Polygon", "coordinates": [ [ [ 32.776084336881041, 0.401982652157179 ], [ 32.77608877860969, 0.401835224426749 ], [ 32.776798808878169, 0.401982671847068 ], [ 32.777029569542911, 0.402000548237018 ], [ 32.777105007781437, 0.402107770574444 ], [ 32.776084336881041, 0.401982652157179 ] ] ] } },
{ "type": "Feature", "properties": { "class_id": 4, "class_name": "garden" }, "geometry": { "type": "Polygon", "coordinates": [ [ [ 32.777286957951816, 0.401964815219362 ], [ 32.77732690476072, 0.401692298140202 ], [ 32.777278090265433, 0.401678894267896 ], [ 32.777295844024714, 0.401571674489261 ], [ 32.778338703072443, 0.401714663387401 ], [ 32.778285441823925, 0.402036322751397 ], [ 32.777286957951816, 0.401964815219362 ] ] ] } },
{ "type": "Feature", "properties": { "class_id": 2, "class_name": "structural intrusion" }, "geometry": { "type": "Polygon", "coordinates": [ [ [ 32.777859416856913, 0.402197141499333 ], [ 32.777886046526604, 0.402072051914055 ], [ 32.778067992350145, 0.402089926940108 ], [ 32.778059113542206, 0.402215017013446 ], [ 32.777859416856913, 0.402197141499333 ] ] ] } },
{ "type": "Feature", "properties": { "class_id": 2, "class_name": "structural intrusion" }, "geometry": { "type": "Polygon", "coordinates": [ [ [ 32.778352002004347, 0.402241830094308 ], [ 32.778365317679814, 0.402148012719178 ], [ 32.778689270633379, 0.402156956590208 ], [ 32.778680391713529, 0.402286514180927 ], [ 32.778352002004347, 0.402241830094308 ] ] ] } },
{ "type": "Feature", "properties": { "class_id": 1, "class_name": "excavation" }, "geometry": { "type": "Polygon", "coordinates": [ [ [ 32.778857904166607, 0.402143558656419 ], [ 32.779204044026741, 0.402215048275155 ], [ 32.779199608712297, 0.40212569792151 ], [ 32.779195172917404, 0.402054217614454 ], [ 32.779155235401483, 0.401982736341001 ], [ 32.779177426496553, 0.401888919200695 ], [ 32.779119737041043, 0.401857645049116 ], [ 32.779035418535351, 0.401929122939061 ], [ 32.778959977860524, 0.401911250837771 ], [ 32.778893411535144, 0.401933586581771 ], [ 32.778849032462666, 0.402005065556802 ], [ 32.77878690409203, 0.402018466397292 ], [ 32.778786906255739, 0.401938051189995 ], [ 32.778755842611723, 0.401924647808405 ], [ 32.778733651872898, 0.402005062410315 ], [ 32.778782465054533, 0.402067608902925 ], [ 32.778857904166607, 0.402143558656419 ] ] ] } },
{ "type": "Feature", "properties": { "class_id": 1, "class_name": "excavation" }, "geometry": { "type": "Polygon", "coordinates": [ [ [ 32.779439240656977, 0.402299937399622 ], [ 32.779443683408836, 0.402112302028437 ], [ 32.779443686645358, 0.401991679212146 ], [ 32.779425940218651, 0.401826380796199 ], [ 32.779665576476162, 0.401839789841382 ], [ 32.779638947790893, 0.401929139353899 ], [ 32.779638945515813, 0.402014022077612 ], [ 32.77963006768988, 0.402103372071905 ], [ 32.779634501691277, 0.402241865057388 ], [ 32.779634500492968, 0.402286540175086 ], [ 32.779439240656977, 0.402299937399622 ] ] ] } },
{ "type": "Feature", "properties": { "class_id": 2, "class_name": "structural intrusion" }, "geometry": { "type": "Polygon", "coordinates": [ [ [ 32.780007268710598, 0.402282082788552 ], [ 32.779989514019334, 0.402425042686815 ], [ 32.780135958155689, 0.402442916709306 ], [ 32.780118210163693, 0.402335695941687 ], [ 32.780007268710598, 0.402282082788552 ] ] ] } },
{ "type": "Feature", "properties": { "class_id": 4, "class_name": "garden" }, "geometry": { "type": "Polygon", "coordinates": [ [ [ 32.779878576038769, 0.402241871688281 ], [ 32.779865266243469, 0.402116780995256 ], [ 32.780664052647502, 0.402206152881184 ], [ 32.780712861914715, 0.402416127270054 ], [ 32.779878576038769, 0.402241871688281 ] ] ] } },
{ "type": "Feature", "properties": { "class_id": 4, "class_name": "garden" }, "geometry": { "type": "Polygon", "coordinates": [ [ [ 32.780735049658709, 0.40244740045517 ], [ 32.780681803748642, 0.402197218337209 ], [ 32.78163147398066, 0.402232984069519 ], [ 32.781613712781002, 0.402621657166938 ], [ 32.780735049658709, 0.40244740045517 ] ] ] } },
{ "type": "Feature", "properties": { "class_id": 4, "class_name": "garden" }, "geometry": { "type": "Polygon", "coordinates": [ [ [ 32.780579737481673, 0.402152540455048 ], [ 32.780570866820938, 0.401973839732711 ], [ 32.781622602110353, 0.402098958459397 ], [ 32.781609285638353, 0.402224048447098 ], [ 32.780579737481673, 0.402152540455048 ] ] ] } },
{ "type": "Feature", "properties": { "class_id": 4, "class_name": "garden" }, "geometry": { "type": "Polygon", "coordinates": [ [ [ 32.781635901956086, 0.40259932020336 ], [ 32.781622601754243, 0.402112360996505 ], [ 32.781902177502644, 0.402125771057652 ], [ 32.781906607391186, 0.402420626998844 ], [ 32.781844474142282, 0.402617195873434 ], [ 32.781635901956086, 0.40259932020336 ] ] ] } },
{ "type": "Feature", "properties": { "class_id": 2, "class_name": "structural intrusion" }, "geometry": { "type": "Polygon", "coordinates": [ [ [ 32.781933227517719, 0.4026529383632 ], [ 32.781982046193605, 0.402509979278386 ], [ 32.782075237404392, 0.402541254373232 ], [ 32.782092984830221, 0.402670812713357 ], [ 32.781933227517719, 0.4026529383632 ] ] ] } },
{ "type": "Feature", "properties": { "class_id": 4, "class_name": "garden" }, "geometry": { "type": "Polygon", "coordinates": [ [ [ 32.781950982654678, 0.402492108392514 ], [ 32.781995365745786, 0.402268733962867 ], [ 32.782128498295336, 0.40222852992943 ], [ 32.7824657640137, 0.40225534406184 ], [ 32.782745341319675, 0.4022106764322 ], [ 32.78272314552958, 0.402483194111973 ], [ 32.782408062693484, 0.402670821185332 ], [ 32.781950982654678, 0.402492108392514 ] ] ] } },
{ "type": "Feature", "properties": { "class_id": 1, "class_name": "excavation" }, "geometry": { "type": "Polygon", "coordinates": [ [ [ 32.782763085568391, 0.40246085761943 ], [ 32.782771967026832, 0.402233014709208 ], [ 32.783166923075456, 0.402259830359406 ], [ 32.783060415049867, 0.402367047816995 ], [ 32.782763085568391, 0.40246085761943 ] ] ] } },
{ "type": "Feature", "properties": { "class_id": 4, "class_name": "garden" }, "geometry": { "type": "Polygon", "coordinates": [ [ [ 32.782532317807025, 0.402706564624097 ], [ 32.783011598516424, 0.402429591689078 ], [ 32.783082600328072, 0.402492138769339 ], [ 32.783051528991408, 0.402769123730518 ], [ 32.782532317807025, 0.402706564624097 ] ] ] } },
{ "type": "Feature", "properties": { "class_id": 4, "class_name": "garden" }, "geometry": { "type": "Polygon", "coordinates": [ [ [ 32.783109219662549, 0.402755722737776 ], [ 32.783126979617229, 0.402411724726718 ], [ 32.783224612210361, 0.402304507030749 ], [ 32.783268976401978, 0.402795934631483 ], [ 32.783109219662549, 0.402755722737776 ] ] ] } },
{ "type": "Feature", "properties": { "class_id": 2, "class_name": "structural intrusion" }, "geometry": { "type": "Polygon", "coordinates": [ [ [ 32.783295604000394, 0.40274679270279 ], [ 32.783295607303351, 0.402621702342673 ], [ 32.783402112267943, 0.402630640217434 ], [ 32.783402110027815, 0.402715522962402 ], [ 32.783295604000394, 0.40274679270279 ] ] ] } },
{ "type": "Feature", "properties": { "class_id": 4, "class_name": "garden" }, "geometry": { "type": "Polygon", "coordinates": [ [ [ 32.78332223431093, 0.402594897977827 ], [ 32.78327342815237, 0.402264300720369 ], [ 32.784156531994427, 0.402331336979069 ], [ 32.784050019978245, 0.402590449901131 ], [ 32.784050012571598, 0.402871903225448 ], [ 32.783499736731784, 0.402831680909283 ], [ 32.783424297904141, 0.402742328633295 ], [ 32.783402112032164, 0.402639575243221 ], [ 32.78332223431093, 0.402594897977827 ] ] ] } },
{ "type": "Feature", "properties": { "class_id": 2, "class_name": "structural intusion" }, "geometry": { "type": "Polygon", "coordinates": [ [ [ 32.784187581447362, 0.402885309433944 ], [ 32.784205334900925, 0.402787024618383 ], [ 32.784418345084788, 0.402795965319719 ], [ 32.78441390408036, 0.402921055570881 ], [ 32.784187581447362, 0.402885309433944 ] ] ] } },
{ "type": "Feature", "properties": { "class_id": 4, "class_name": "garden" }, "geometry": { "type": "Polygon", "coordinates": [ [ [ 32.784125460930284, 0.402599386938332 ], [ 32.78412546339721, 0.40250556916305 ], [ 32.784187595542292, 0.402349207858783 ], [ 32.784986382595832, 0.402425176816798 ], [ 32.785576596992712, 0.402501140186525 ], [ 32.785567711285942, 0.402894281142452 ], [ 32.784125460930284, 0.402599386938332 ] ] ] } },
{ "type": "Feature", "properties": { "class_id": 4, "class_name": "garden" }, "geometry": { "type": "Polygon", "coordinates": [ [ [ 32.78558546227265, 0.402889814099182 ], [ 32.785585471610581, 0.402532413016199 ], [ 32.786038116568562, 0.402617307743797 ], [ 32.786078050202768, 0.402840684482873 ], [ 32.786308811286986, 0.402849625605412 ], [ 32.786308807795294, 0.402983651017827 ], [ 32.78558546227265, 0.402889814099182 ] ] ] } },
{ "type": "Feature", "properties": { "class_id": 1, "class_name": "excavation" }, "geometry": { "type": "Polygon", "coordinates": [ [ [ 32.786126865911683, 0.402809413176893 ], [ 32.786046992585717, 0.402594970409888 ], [ 32.786317693701946, 0.402581575014593 ], [ 32.786588392963722, 0.402639659831093 ], [ 32.786615017527296, 0.402706673240265 ], [ 32.786410878793788, 0.402849628299258 ], [ 32.786126865911683, 0.402809413176893 ] ] ] } },
{ "type": "Feature", "properties": { "class_id": 4, "class_name": "garden" }, "geometry": { "type": "Polygon", "coordinates": [ [ [ 32.786641632212188, 0.403153425326313 ], [ 32.786659396213885, 0.402648596729487 ], [ 32.787822074936642, 0.402778185185668 ], [ 32.787901947046464, 0.403041770617203 ], [ 32.787711123891071, 0.403090908268302 ], [ 32.787622364781363, 0.403274074017994 ], [ 32.786641632212188, 0.403153425326313 ] ] ] } },
{ "type": "Feature", "properties": { "class_id": 2, "class_name": "structural intrusion" }, "geometry": { "type": "Polygon", "coordinates": [ [ [ 32.787768809253997, 0.403283012891298 ], [ 32.787755500726263, 0.403104311975209 ], [ 32.787937448561323, 0.403050706576237 ], [ 32.788168209912207, 0.403050712621425 ], [ 32.788323522324134, 0.403350040146778 ], [ 32.787768809253997, 0.403283012891298 ] ] ] } },
{ "type": "Feature", "properties": { "class_id": 4, "class_name": "garden" }, "geometry": { "type": "Polygon", "coordinates": [ [ [ 32.788336837326099, 0.403278560266002 ], [ 32.788101649793155, 0.402831802679087 ], [ 32.789286517265111, 0.402961391531862 ], [ 32.789384139384858, 0.403260717554208 ], [ 32.788336837326099, 0.403278560266002 ] ] ] } },
{ "type": "Feature", "properties": { "class_id": 1, "class_name": "excavation" }, "geometry": { "type": "Polygon", "coordinates": [ [ [ 32.790857456046346, 0.403497534091898 ], [ 32.790844147792797, 0.403305430599972 ], [ 32.791012782833135, 0.403238422233847 ], [ 32.791043839461537, 0.403528811518911 ], [ 32.790857456046346, 0.403497534091898 ] ] ] } },
{ "type": "Feature", "properties": { "class_id": 4, "class_name": "garden" }, "geometry": { "type": "Polygon", "coordinates": [ [ [ 32.792122202704917, 0.403631592185595 ], [ 32.792131084607313, 0.403376944034906 ], [ 32.792512725784228, 0.403484174212023 ], [ 32.792459468278075, 0.403676276011821 ], [ 32.792122202704917, 0.403631592185595 ] ] ] } },
{ "type": "Feature", "properties": { "class_id": 2, "class_name": "structural intrusion" }, "geometry": { "type": "Polygon", "coordinates": [ [ [ 32.800328260064163, 0.404787397079227 ], [ 32.800346014304573, 0.404650393642984 ], [ 32.800890372918886, 0.404733800777788 ], [ 32.800931788324377, 0.404870805682324 ], [ 32.800328260064163, 0.404787397079227 ] ] ] } },
{ "type": "Feature", "properties": { "class_id": 4, "class_name": "garden" }, "geometry": { "type": "Polygon", "coordinates": [ [ [ 32.799375633057238, 0.404620586093583 ], [ 32.799275047905034, 0.40448953641157 ], [ 32.799357889335383, 0.404328707846008 ], [ 32.799340143855943, 0.404108309877753 ], [ 32.800635954382507, 0.404287042707773 ], [ 32.800813454570047, 0.404644448519904 ], [ 32.800340097341113, 0.404650393496388 ], [ 32.800292759011363, 0.404757612747964 ], [ 32.799375633057238, 0.404620586093583 ] ] ] } },
{ "type": "Feature", "properties": { "class_id": 4, "class_name": "garden" }, "geometry": { "type": "Polygon", "coordinates": [ [ [ 32.800973207071266, 0.404870806705921 ], [ 32.800919961367534, 0.404584884246876 ], [ 32.800789794267772, 0.40433470003229 ], [ 32.802334116166612, 0.404567048979407 ], [ 32.802428775483619, 0.405067413346492 ], [ 32.800973207071266, 0.404870806705921 ] ] ] } },
{ "type": "Feature", "properties": { "class_id": 4, "class_name": "garden" }, "geometry": { "type": "Polygon", "coordinates": [ [ [ 32.803405071355634, 0.405204441149145 ], [ 32.803665429710293, 0.404710042113227 ], [ 32.805168333693743, 0.404924519506447 ], [ 32.805251170925089, 0.404936434894188 ], [ 32.805416832598858, 0.40549636795536 ], [ 32.803405071355634, 0.405204441149145 ] ] ] } },
{ "type": "Feature", "properties": { "class_id": 1, "class_name": "excavation" }, "geometry": { "type": "Polygon", "coordinates": [ [ [ 32.806061779979487, 0.405576798881174 ], [ 32.806150539714068, 0.405356403404786 ], [ 32.80644047062858, 0.405374280463344 ], [ 32.806446380945737, 0.405654245150792 ], [ 32.806061779979487, 0.405576798881174 ] ] ] } },
{ "type": "Feature", "properties": { "class_id": 1, "class_name": "excavation" }, "geometry": { "type": "Polygon", "coordinates": [ [ [ 32.807665277467429, 0.40559470747789 ], [ 32.807830948743423, 0.40575554214878 ], [ 32.808185965780609, 0.405797247481349 ], [ 32.808316140318553, 0.405743640349578 ], [ 32.808505485226725, 0.405660251158879 ], [ 32.808351650386669, 0.405392196302271 ], [ 32.8080025504688, 0.405344534433251 ], [ 32.80775403491981, 0.405469619049552 ], [ 32.807665277467429, 0.40559470747789 ] ] ] } },
{ "type": "Feature", "properties": { "class_id": 1, "class_name": "excavation" }, "geometry": { "type": "Polygon", "coordinates": [ [ [ 32.809824957530004, 0.406148731360686 ], [ 32.809783540843213, 0.406059379975379 ], [ 32.809830879647357, 0.405928333836639 ], [ 32.809807214280838, 0.405821112791141 ], [ 32.810037974353534, 0.40589259857424 ], [ 32.810061636664855, 0.406130866882126 ], [ 32.809824957530004, 0.406148731360686 ] ] ] } },
{ "type": "Feature", "properties": { "class_id": 4, "class_name": "garden" }, "geometry": { "type": "Polygon", "coordinates": [ [ [ 32.811576374461261, 0.406392997117706 ], [ 32.812061576631436, 0.405928386333591 ], [ 32.815244895971468, 0.406369255642445 ], [ 32.815327721097901, 0.406917273535241 ], [ 32.811576374461261, 0.406392997117706 ] ] ] } },
{ "type": "Feature", "properties": { "class_id": 4, "class_name": "garden" }, "geometry": { "type": "Polygon", "coordinates": [ [ [ 32.815375056996032, 0.406911317930416 ], [ 32.815440155438729, 0.406393086917853 ], [ 32.817475586544553, 0.406690968287398 ], [ 32.817522910265389, 0.407227072025623 ], [ 32.815375056996032, 0.406911317930416 ] ] ] } },
{ "type": "Feature", "properties": { "class_id": 2, "class_name": "structural intrusion" }, "geometry": { "type": "Polygon", "coordinates": [ [ [ 32.831161493917435, 0.409157342197045 ], [ 32.831303503730545, 0.409044167892375 ], [ 32.833380356627323, 0.409342046632809 ], [ 32.833356685641611, 0.409490963668841 ], [ 32.831161493917435, 0.409157342197045 ] ] ] } },
{ "type": "Feature", "properties": { "class_id": 4, "class_name": "garden" }, "geometry": { "type": "Polygon", "coordinates": [ [ [ 32.834534161481791, 0.409627992358718 ], [ 32.83458741941535, 0.40937781199755 ], [ 32.835214622766543, 0.409199123942984 ], [ 32.836995627784262, 0.409473168879627 ], [ 32.836912782732455, 0.409836526024634 ], [ 32.836285584148094, 0.40977694612303 ], [ 32.836250080217553, 0.409878209328464 ], [ 32.834534161481791, 0.409627992358718 ] ] ] } },
{ "type": "Feature", "properties": { "class_id": 2, "class_name": "structural intrusion" }, "geometry": { "type": "Polygon", "coordinates": [ [ [ 32.836291498950438, 0.409884166882974 ], [ 32.836315168559764, 0.409800773540141 ], [ 32.836705688579421, 0.409830565074896 ], [ 32.836699768825333, 0.409967569105077 ], [ 32.836291498950438, 0.409884166882974 ] ] ] } },
{ "type": "Feature", "properties": { "class_id": 4, "class_name": "garden" }, "geometry": { "type": "Polygon", "coordinates": [ [ [ 32.837871328127164, 0.410098640528253 ], [ 32.83798967729718, 0.409622106730017 ], [ 32.838747048893509, 0.409711472650056 ], [ 32.839107973127, 0.410289280141209 ], [ 32.837871328127164, 0.410098640528253 ] ] ] } },
{ "type": "Feature", "properties": { "class_id": 1, "class_name": "excavation" }, "geometry": { "type": "Polygon", "coordinates": [ [ [ 32.839705588615764, 0.410265465403972 ], [ 32.839693757380928, 0.410128460993441 ], [ 32.839823932842378, 0.410033156366272 ], [ 32.839894936369163, 0.410045071202392 ], [ 32.839912683286371, 0.410247599468182 ], [ 32.839705588615764, 0.410265465403972 ] ] ] } },
{ "type": "Feature", "properties": { "class_id": 1, "class_name": "excavation" }, "geometry": { "type": "Polygon", "coordinates": [ [ [ 32.840794310214754, 0.410408448168365 ], [ 32.840652305150208, 0.410283354550243 ], [ 32.840782481551315, 0.410140396276385 ], [ 32.840912653949523, 0.410199965916905 ], [ 32.840888982496772, 0.410378666547387 ], [ 32.840794310214754, 0.410408448168365 ] ] ] } },
{ "type": "Feature", "properties": { "class_id": 1, "class_name": "excavation" }, "geometry": { "type": "Polygon", "coordinates": [ [ [ 32.840906740731938, 0.410009351287136 ], [ 32.840906738968187, 0.410098701839346 ], [ 32.841042829288313, 0.410110617968085 ], [ 32.841226255338299, 0.410128491743603 ], [ 32.841261756518762, 0.410164232673955 ], [ 32.841391929861999, 0.410176148679212 ], [ 32.841468852488021, 0.410080842955166 ], [ 32.840906740731938, 0.410009351287136 ] ] ] } },
{ "type": "Feature", "properties": { "class_id": 4, "class_name": "garden" }, "geometry": { "type": "Polygon", "coordinates": [ [ [ 32.841504343353229, 0.410640773805902 ], [ 32.841522105198038, 0.410086800720304 ], [ 32.842853421507371, 0.410313181895333 ], [ 32.842841582545368, 0.410569319934778 ], [ 32.84268182299661, 0.410622927107884 ], [ 32.842598982109372, 0.410783756473376 ], [ 32.841504343353229, 0.410640773805902 ] ] ] } },
{ "type": "Feature", "properties": { "class_id": 1, "class_name": "excavation" }, "geometry": { "type": "Polygon", "coordinates": [ [ [ 32.840989570818415, 0.410396538671401 ], [ 32.840971821757698, 0.410301231060229 ], [ 32.841036909722149, 0.410241665327161 ], [ 32.841291338723678, 0.410301237447162 ], [ 32.841362341555971, 0.410348892493606 ], [ 32.840989570818415, 0.410396538671401 ] ] ] } },
{ "type": "Feature", "properties": { "class_id": 3, "class_name": "landuse change" }, "geometry": { "type": "Polygon", "coordinates": [ [ [ 32.843326779325849, 0.410348931466125 ], [ 32.843303109545261, 0.410444238266134 ], [ 32.843350443659439, 0.41053358976228 ], [ 32.843297188737189, 0.410640809386805 ], [ 32.843297187693281, 0.410694419724253 ], [ 32.843563451410994, 0.410718251791657 ], [ 32.84353978892549, 0.410438286226395 ], [ 32.843527956003925, 0.410384675655264 ], [ 32.843326779325849, 0.410348931466125 ] ] ] } },
{ "type": "Feature", "properties": { "class_id": 1, "class_name": "excavation" }, "geometry": { "type": "Polygon", "coordinates": [ [ [ 32.847427231310228, 0.411224646933576 ], [ 32.847533741529027, 0.410986380768043 ], [ 32.847859175943597, 0.410968516898524 ], [ 32.847847336790991, 0.411242525121758 ], [ 32.847427231310228, 0.411224646933576 ] ] ] } },
{ "type": "Feature", "properties": { "class_id": 1, "class_name": "excavation" }, "geometry": { "type": "Polygon", "coordinates": [ [ [ 32.847178720843914, 0.411075724516911 ], [ 32.847178724353221, 0.41089106665405 ], [ 32.847421319979382, 0.410926811553736 ], [ 32.847427234136859, 0.411075729300566 ], [ 32.847178720843914, 0.411075724516911 ] ] ] } },
{ "type": "Feature", "properties": { "class_id": 4, "class_name": "garden" }, "geometry": { "type": "Polygon", "coordinates": [ [ [ 32.848977472929697, 0.411653559423167 ], [ 32.849160908831465, 0.411153199631074 ], [ 32.850231880027586, 0.411308094285481 ], [ 32.850072111223945, 0.411856108222058 ], [ 32.848977472929697, 0.411653559423167 ] ] ] } },
{ "type": "Feature", "properties": { "class_id": 2, "class_name": "structural intrusion" }, "geometry": { "type": "Polygon", "coordinates": [ [ [ 32.862864604559029, 0.413655266358599 ], [ 32.862923778128994, 0.41344082584986 ], [ 32.863296546606151, 0.413548053090154 ], [ 32.86334979645256, 0.413726755297874 ], [ 32.862864604559029, 0.413655266358599 ] ] ] } },
{ "type": "Feature", "properties": { "class_id": 2, "class_name": "structural intrusion" }, "geometry": { "type": "Polygon", "coordinates": [ [ [ 32.863651562198818, 0.413768457490851 ], [ 32.863763987334913, 0.413631455114443 ], [ 32.864065752578334, 0.413702940839427 ], [ 32.864095334991902, 0.413851859091396 ], [ 32.863651562198818, 0.413768457490851 ] ] ] } },
{ "type": "Feature", "properties": { "class_id": 1, "class_name": "excavation" }, "geometry": { "type": "Polygon", "coordinates": [ [ [ 32.872805118057656, 0.415555624064699 ], [ 32.872964884855712, 0.415055262863098 ], [ 32.873840597135427, 0.415222064909427 ], [ 32.873876096449649, 0.415388853415389 ], [ 32.873177887476658, 0.415627110639978 ], [ 32.872805118057656, 0.415555624064699 ] ] ] } },
{ "type": "Feature", "properties": { "class_id": 1, "class_name": "excavation" }, "geometry": { "type": "Polygon", "coordinates": [ [ [ 32.875278413567415, 0.41604411417363 ], [ 32.875278417961667, 0.415764148695402 ], [ 32.875402676883006, 0.415633102998972 ], [ 32.875491433372744, 0.415531840297927 ], [ 32.875562436549835, 0.415579495123118 ], [ 32.875491424694559, 0.416085814546725 ], [ 32.875278413567415, 0.41604411417363 ] ] ] } },
{ "type": "Feature", "properties": { "class_id": 1, "class_name": "excavation" }, "geometry": { "type": "Polygon", "coordinates": [ [ [ 32.875822909986951, 0.415948947791573 ], [ 32.875822910715129, 0.415902353063261 ], [ 32.875856571902197, 0.415898117711903 ], [ 32.875856572497753, 0.415859994752322 ], [ 32.876130068246773, 0.415915065575218 ], [ 32.876184765522524, 0.416046378857157 ], [ 32.875822909986951, 0.415948947791573 ] ] ] } },
{ "type": "Feature", "properties": { "class_id": 4, "class_name": "garden" }, "geometry": { "type": "Polygon", "coordinates": [ [ [ 32.876550826736306, 0.416270886510156 ], [ 32.87659711880849, 0.415754109328504 ], [ 32.877194601295358, 0.415910846436819 ], [ 32.877257708174888, 0.416410681810233 ], [ 32.876550826736306, 0.416270886510156 ] ] ] } },
{ "type": "Feature", "properties": { "class_id": 4, "class_name": "garden" }, "geometry": { "type": "Polygon", "coordinates": [ [ [ 32.875587288306086, 0.415555006810741 ], [ 32.87553258653427, 0.415711733664208 ], [ 32.875907065303238, 0.415787985516617 ], [ 32.875915483227907, 0.415618550273393 ], [ 32.875587288306086, 0.415555006810741 ] ] ] } },
{ "type": "Feature", "properties": { "class_id": 4, "class_name": "garden" }, "geometry": { "type": "Polygon", "coordinates": [ [ [ 32.878923933777912, 0.416419179518753 ], [ 32.878953389524852, 0.416270924003075 ], [ 32.879167978045928, 0.416347173244547 ], [ 32.87918901508975, 0.416423419497692 ], [ 32.879037536982032, 0.416622503749504 ], [ 32.878911305682905, 0.41675805011372 ], [ 32.878717754648726, 0.416728395922108 ], [ 32.878923933777912, 0.416419179518753 ] ] ] } },
{ "type": "Feature", "properties": { "class_id": 4, "class_name": "garden" }, "geometry": { "type": "Polygon", "coordinates": [ [ [ 32.880005289749811, 0.416931738254089 ], [ 32.880072616751605, 0.416618283792476 ], [ 32.880426056886925, 0.416732658097951 ], [ 32.880400806438139, 0.417037641439793 ], [ 32.880005289749811, 0.416931738254089 ] ] ] } },
{ "type": "Feature", "properties": { "class_id": 4, "class_name": "garden" }, "geometry": { "type": "Polygon", "coordinates": [ [ [ 32.880628023732527, 0.416728425296451 ], [ 32.88095200995236, 0.416872450328745 ], [ 32.880779492831152, 0.417126600811223 ], [ 32.880514413331788, 0.416999520210517 ], [ 32.880628023732527, 0.416728425296451 ] ] ] } },
{ "type": "Feature", "properties": { "class_id": 3, "class_name": "landuse change" }, "geometry": { "type": "Polygon", "coordinates": [ [ [ 32.881048784434107, 0.416957169505094 ], [ 32.881107688745821, 0.41713507757982 ], [ 32.881318070635828, 0.417147788432329 ], [ 32.881334903485985, 0.416995296818871 ], [ 32.881233920660186, 0.416957172318748 ], [ 32.881048784434107, 0.416957169505094 ] ] ] } },
{ "type": "Feature", "properties": { "class_id": 1, "class_name": "excavation" }, "geometry": { "type": "Polygon", "coordinates": [ [ [ 32.881671510763347, 0.417266398578707 ], [ 32.881810370016801, 0.416791981523729 ], [ 32.882193264579286, 0.416847053808447 ], [ 32.882083861801448, 0.417122384708943 ], [ 32.881907138070588, 0.417308760996186 ], [ 32.881671510763347, 0.417266398578707 ] ] ] } },
{ "type": "Feature", "properties": { "class_id": 1, "class_name": "excavation" }, "geometry": { "type": "Polygon", "coordinates": [ [ [ 32.882231129703236, 0.417092735731119 ], [ 32.882222716874821, 0.416927536074298 ], [ 32.882277417474391, 0.416842819189878 ], [ 32.882395231, 0.416872472159796 ], [ 32.882357358641272, 0.417113917058556 ], [ 32.882231129703236, 0.417092735731119 ] ] ] } },
{ "type": "Feature", "properties": { "class_id": 1, "class_name": "excavation" }, "geometry": { "type": "Polygon", "coordinates": [ [ [ 32.882428885533649, 0.417317240634539 ], [ 32.8824246804068, 0.417147805154651 ], [ 32.882592985639839, 0.417177458882332 ], [ 32.882580361898071, 0.417232525203425 ], [ 32.882580360328056, 0.417338422339367 ], [ 32.882428885533649, 0.417317240634539 ] ] ] } },
{ "type": "Feature", "properties": { "class_id": 1, "class_name": "excavation" }, "geometry": { "type": "Polygon", "coordinates": [ [ [ 32.884061448277677, 0.417478228682848 ], [ 32.884225550040618, 0.417224077975647 ], [ 32.884351779304218, 0.417224079844444 ], [ 32.884368609254352, 0.417266438950551 ], [ 32.884419099662011, 0.417355393297494 ], [ 32.884288661144282, 0.417465524394954 ], [ 32.884061448277677, 0.417478228682848 ] ] ] } },
{ "type": "Feature", "properties": { "class_id": 1, "class_name": "excavation" }, "geometry": { "type": "Polygon", "coordinates": [ [ [ 32.885529912448952, 0.417685808749173 ], [ 32.885664558602102, 0.417575677688843 ], [ 32.885731879842595, 0.417647688734666 ], [ 32.885820240030867, 0.417668869456924 ], [ 32.885845484908529, 0.417736644000877 ], [ 32.885715046824778, 0.417817123924515 ], [ 32.885529912448952, 0.417685808749173 ] ] ] } },
{ "type": "Feature", "properties": { "class_id": 1, "class_name": "excavation" }, "geometry": { "type": "Polygon", "coordinates": [ [ [ 32.88616947406274, 0.417690053986319 ], [ 32.886287286291385, 0.417812896396891 ], [ 32.886219962362439, 0.417927264337144 ], [ 32.886186299878823, 0.418020453337596 ], [ 32.886118979911849, 0.417859488688525 ], [ 32.88616947406274, 0.417690053986319 ] ] ] } },
{ "type": "Feature", "properties": { "class_id": 1, "class_name": "excavation" }, "geometry": { "type": "Polygon", "coordinates": [ [ [ 32.888908642771419, 0.418172984490263 ], [ 32.889173720854323, 0.418418669673552 ], [ 32.889409347703264, 0.418503390749431 ], [ 32.889708088976668, 0.418605056259234 ], [ 32.889884808887658, 0.418685540602809 ], [ 32.890196173345444, 0.418770262729633 ], [ 32.890360270747969, 0.418821095680676 ], [ 32.890591690984571, 0.41883380659582 ], [ 32.890675843569092, 0.418854987210975 ], [ 32.890785241783377, 0.418893111726065 ], [ 32.890907263223916, 0.418910056983589 ], [ 32.890949339897922, 0.418893114026545 ], [ 32.890823111926998, 0.418795686864672 ], [ 32.890751582860268, 0.418732147562028 ], [ 32.890713713478981, 0.418774505896891 ], [ 32.890671636688133, 0.418799920625926 ], [ 32.890499123289331, 0.418799918201764 ], [ 32.89028874174479, 0.418753320488152 ], [ 32.889615522770711, 0.418465270694748 ], [ 32.889392517722342, 0.4184610316462 ], [ 32.888908642771419, 0.418172984490263 ] ] ] } },
{ "type": "Feature", "properties": { "class_id": 1, "class_name": "excavation" }, "geometry": { "type": "Polygon", "coordinates": [ [ [ 32.889501919002001, 0.418278890080834 ], [ 32.889552409361308, 0.418376316184856 ], [ 32.889649184096747, 0.418452563512082 ], [ 32.889796451089573, 0.418490688574497 ], [ 32.889733337973269, 0.418380554633059 ], [ 32.889767000067231, 0.418312780925379 ], [ 32.889501919002001, 0.418278890080834 ] ] ] } },
{ "type": "Feature", "properties": { "class_id": 1, "class_name": "excavation" }, "geometry": { "type": "Polygon", "coordinates": [ [ [ 32.890141479634032, 0.41836361685029 ], [ 32.890057325642367, 0.418444097507822 ], [ 32.890137269928218, 0.418511872819911 ], [ 32.890208801401478, 0.418401740777826 ], [ 32.890141479634032, 0.41836361685029 ] ] ] } },
{ "type": "Feature", "properties": { "class_id": 1, "class_name": "excavation" }, "geometry": { "type": "Polygon", "coordinates": [ [ [ 32.890440221330763, 0.418435631127077 ], [ 32.890360274631135, 0.418541527167063 ], [ 32.89044021903873, 0.418600830703816 ], [ 32.890536995314882, 0.418566944971498 ], [ 32.890642185587204, 0.418626248861319 ], [ 32.890696883138148, 0.418757562114193 ], [ 32.890751582801634, 0.418736383448653 ], [ 32.890659016924992, 0.418571182571611 ], [ 32.890612734251917, 0.4184695206433 ], [ 32.890440221330763, 0.418435631127077 ] ] ] } },
{ "type": "Feature", "properties": { "class_id": 1, "class_name": "excavation" }, "geometry": { "type": "Polygon", "coordinates": [ [ [ 32.890709509705474, 0.418494937320912 ], [ 32.890705300537306, 0.418605070314025 ], [ 32.890776829075151, 0.418706732596374 ], [ 32.890865189596141, 0.418706733835068 ], [ 32.89095775858047, 0.418647432718505 ], [ 32.891012458827653, 0.418583895184106 ], [ 32.891012459295411, 0.418550008090796 ], [ 32.890709509705474, 0.418494937320912 ] ] ] } },
{ "type": "Feature", "properties": { "class_id": 1, "class_name": "excavation" }, "geometry": { "type": "Polygon", "coordinates": [ [ [ 32.891079781362563, 0.418566952578958 ], [ 32.891117648404283, 0.418694029708638 ], [ 32.891201800639955, 0.418740625638229 ], [ 32.891264915824152, 0.41870250353946 ], [ 32.891311199907271, 0.418702504185518 ], [ 32.891382729329422, 0.418740628163859 ], [ 32.891551034622388, 0.41877451760341 ], [ 32.89164360249962, 0.418795698325824 ], [ 32.891685678242119, 0.418846529552317 ], [ 32.891765624060241, 0.418804171796453 ], [ 32.891807701952402, 0.418698275211878 ], [ 32.891079781362563, 0.418566952578958 ] ] ] } },
{ "type": "Feature", "properties": { "class_id": 4, "class_name": "garden" }, "geometry": { "type": "Polygon", "coordinates": [ [ [ 32.900387061582258, 0.420884107835455 ], [ 32.900525920185451, 0.420388510731681 ], [ 32.901056082100524, 0.420507122376274 ], [ 32.900938261756878, 0.421002719765985 ], [ 32.900387061582258, 0.420884107835455 ] ] ] } },
{ "type": "Feature", "properties": { "class_id": 3, "class_name": "landuse change" }, "geometry": { "type": "Polygon", "coordinates": [ [ [ 32.902448809390599, 0.420799416305251 ], [ 32.902705473362758, 0.420998506277611 ], [ 32.903075743812636, 0.421197597667502 ], [ 32.903130446358091, 0.420943445056693 ], [ 32.902448809390599, 0.420799416305251 ] ] ] } },
{ "type": "Feature", "properties": { "class_id": 3, "class_name": "landuse change" }, "geometry": { "type": "Polygon", "coordinates": [ [ [ 32.913649536392207, 0.423506282596609 ], [ 32.913489648019194, 0.423298722218061 ], [ 32.913439157309099, 0.423201296193279 ], [ 32.913430742668211, 0.423141993646284 ], [ 32.913514895743894, 0.423133522812196 ], [ 32.913548558483633, 0.422993738837183 ], [ 32.913636919019559, 0.423002211606529 ], [ 32.913653750037021, 0.422964088789668 ], [ 32.9138473015187, 0.422997978071024 ], [ 32.913935661449052, 0.423061517400771 ], [ 32.913746313824447, 0.423370735217504 ], [ 32.913649536392207, 0.423506282596609 ] ] ] } },
{ "type": "Feature", "properties": { "class_id": 3, "class_name": "landuse change" }, "geometry": { "type": "Polygon", "coordinates": [ [ [ 32.913843090879176, 0.423269074952493 ], [ 32.913994565364213, 0.423349558545902 ], [ 32.914251230574102, 0.423476638093963 ], [ 32.914272269611878, 0.423404628205819 ], [ 32.914305931039003, 0.423383449132645 ], [ 32.914154456409207, 0.423315673213192 ], [ 32.914150249365434, 0.423260606602277 ], [ 32.91409134297524, 0.423197067602632 ], [ 32.91392303850175, 0.423061517259818 ], [ 32.913822052773426, 0.423256367048679 ], [ 32.913843090879176, 0.423269074952493 ] ] ] } },
{ "type": "Feature", "properties": { "class_id": 3, "class_name": "landuse change" }, "geometry": { "type": "Polygon", "coordinates": [ [ [ 32.913973526931173, 0.423366501869048 ], [ 32.913851503793424, 0.423485105411402 ], [ 32.9139777346738, 0.423358030137001 ], [ 32.91424702283166, 0.423485109826205 ], [ 32.914221776237035, 0.423548647888202 ], [ 32.914150246104157, 0.423557118870006 ], [ 32.914150245311788, 0.423629128992135 ], [ 32.913733689050702, 0.423535934766323 ], [ 32.913624290402581, 0.423514754092405 ], [ 32.913725275203667, 0.423404622097815 ], [ 32.913868334577714, 0.423468162041652 ], [ 32.913973526931173, 0.423366501869048 ] ] ] } },
{ "type": "Feature", "properties": { "class_id": 1, "class_name": "excavation" }, "geometry": { "type": "Polygon", "coordinates": [ [ [ 32.926146234378649, 0.425870039649658 ], [ 32.926091536154672, 0.425738726508579 ], [ 32.926108367729469, 0.425637065292852 ], [ 32.926112576187322, 0.425552347518312 ], [ 32.926213560552696, 0.425476102457559 ], [ 32.926310335576702, 0.425577764767265 ], [ 32.926297711254378, 0.425721784932147 ], [ 32.926386070697163, 0.425853098396023 ], [ 32.926146234378649, 0.425870039649658 ] ] ] } },
{ "type": "Feature", "properties": { "class_id": 1, "class_name": "excavation" }, "geometry": { "type": "Polygon", "coordinates": [ [ [ 32.927172898705322, 0.426162325951931 ], [ 32.927341206973267, 0.425929353554197 ], [ 32.927383283334954, 0.425946297516894 ], [ 32.927437981860628, 0.4260479594166 ], [ 32.927311751027482, 0.426183506726523 ], [ 32.927172898705322, 0.426162325951931 ] ] ] } },
{ "type": "Feature", "properties": { "class_id": 1, "class_name": "excavation" }, "geometry": { "type": "Polygon", "coordinates": [ [ [ 32.9287297322795, 0.425916658932859 ], [ 32.928717107493696, 0.426115745692203 ], [ 32.92908738066113, 0.42614116447841 ], [ 32.929108420238904, 0.425997144378234 ], [ 32.9287297322795, 0.425916658932859 ] ] ] } },
{ "type": "Feature", "properties": { "class_id": 4, "class_name": "garden" }, "geometry": { "type": "Polygon", "coordinates": [ [ [ 32.929693277947209, 0.426653712890223 ], [ 32.929710113321107, 0.42612846255059 ], [ 32.929954156584216, 0.426192003154928 ], [ 32.929954154594029, 0.426412269492511 ], [ 32.930126668271591, 0.426420742852935 ], [ 32.930164534166238, 0.426751142706472 ], [ 32.929693277947209, 0.426653712890223 ] ] ] } },
{ "type": "Feature", "properties": { "class_id": 1, "class_name": "excavation" }, "geometry": { "type": "Polygon", "coordinates": [ [ [ 32.930324424741599, 0.426776559512884 ], [ 32.930290765539965, 0.426552056975762 ], [ 32.930416995157188, 0.426547822234584 ], [ 32.930442240122233, 0.426653719743033 ], [ 32.930442239361405, 0.426738437565979 ], [ 32.930324424741599, 0.426776559512884 ] ] ] } },
{ "type": "Feature", "properties": { "class_id": 1, "class_name": "excavation" }, "geometry": { "type": "Polygon", "coordinates": [ [ [ 32.93399770415256, 0.426962971349965 ], [ 32.933993495234894, 0.427111227514569 ], [ 32.933976663573546, 0.427234068221188 ], [ 32.934317482954661, 0.427297609533912 ], [ 32.934313275804882, 0.427238307016963 ], [ 32.934401637315666, 0.427145118164122 ], [ 32.934351145799369, 0.427106994706727 ], [ 32.934363769298173, 0.427043456442942 ], [ 32.93399770415256, 0.426962971349965 ] ] ] } },
{ "type": "Feature", "properties": { "class_id": 1, "class_name": "excavation" }, "geometry": { "type": "Polygon", "coordinates": [ [ [ 32.934468956646121, 0.427513641302241 ], [ 32.934473164658677, 0.427471282423467 ], [ 32.934717207954066, 0.427543294671562 ], [ 32.934755078230218, 0.427378095226456 ], [ 32.934889723177143, 0.427373860485082 ], [ 32.934864476292802, 0.427488229340814 ], [ 32.934746661064096, 0.427598361513294 ], [ 32.934468956646121, 0.427513641302241 ] ] ] } },
{ "type": "Feature", "properties": { "class_id": 3, "class_name": "landuse change" }, "geometry": { "type": "Polygon", "coordinates": [ [ [ 32.936572783902385, 0.427458592494779 ], [ 32.936699009487178, 0.427949956977665 ], [ 32.937431141793361, 0.427886424648519 ], [ 32.937401690309123, 0.427628035010941 ], [ 32.936572783902385, 0.427458592494779 ] ] ] } },
{ "type": "Feature", "properties": { "class_id": 1, "class_name": "excavation" }, "geometry": { "type": "Polygon", "coordinates": [ [ [ 32.93749846600462, 0.42767039472217 ], [ 32.937485842631823, 0.427721225319575 ], [ 32.937485841740653, 0.427831358504803 ], [ 32.937586825435389, 0.427831359332377 ], [ 32.93765414830888, 0.427780529182316 ], [ 32.93766256416356, 0.42771275498307 ], [ 32.937645733923986, 0.427666160036151 ], [ 32.937557373090186, 0.427678866988298 ], [ 32.93749846600462, 0.42767039472217 ] ] ] } },
{ "type": "Feature", "properties": { "class_id": 3, "class_name": "landuse change" }, "geometry": { "type": "Polygon", "coordinates": [ [ [ 32.961536774678777, 0.432194487909902 ], [ 32.961326389726501, 0.432601132586955 ], [ 32.961986991251607, 0.432762099892028 ], [ 32.962033277723314, 0.432313095436794 ], [ 32.961536774678777, 0.432194487909902 ] ] ] } },
{ "type": "Feature", "properties": { "class_id": 1, "class_name": "excavation" }, "geometry": { "type": "Polygon", "coordinates": [ [ [ 32.959050051346445, 0.431736998364022 ], [ 32.95952972311791, 0.431961503287328 ], [ 32.959942073326488, 0.432008100311706 ], [ 32.960089341346666, 0.432008101091796 ], [ 32.96008092653954, 0.431910675503784 ], [ 32.959050051346445, 0.431736998364022 ] ] ] } },
{ "type": "Feature", "properties": { "class_id": 4, "class_name": "garden" }, "geometry": { "type": "Polygon", "coordinates": [ [ [ 32.964099233797796, 0.433168756016405 ], [ 32.964174973878336, 0.432694336317893 ], [ 32.964919728719501, 0.432842596091167 ], [ 32.964873442332149, 0.433308544151413 ], [ 32.964099233797796, 0.433168756016405 ] ] ] } },
{ "type": "Feature", "properties": { "class_id": 1, "class_name": "excavation" }, "geometry": { "type": "Polygon", "coordinates": [ [ [ 33.008776166604164, 0.439899672276096 ], [ 33.00871305191346, 0.44011993884328 ], [ 33.009066495699258, 0.44018347683049 ], [ 33.009070703311323, 0.440141117884488 ], [ 33.009188517881277, 0.440141117739311 ], [ 33.009184310171435, 0.44010299469777 ], [ 33.009470431567507, 0.44034020440605 ], [ 33.01036666408752, 0.44050963896832 ], [ 33.011002021329119, 0.440556232885919 ], [ 33.011027266861475, 0.440251248476261 ], [ 33.008776166604164, 0.439899672276096 ] ] ] } },
{ "type": "Feature", "properties": { "class_id": 4, "class_name": "garden" }, "geometry": { "type": "Polygon", "coordinates": [ [ [ 33.011195573941244, 0.440619771006482 ], [ 33.011212404101336, 0.440289371244824 ], [ 33.012504157032232, 0.440475748514135 ], [ 33.012478911545443, 0.440772261138982 ], [ 33.011195573941244, 0.440619771006482 ] ] ] } },
{ "type": "Feature", "properties": { "class_id": 4, "class_name": "garden" }, "geometry": { "type": "Polygon", "coordinates": [ [ [ 33.012504157618395, 0.440827327718743 ], [ 33.012512572351874, 0.440471512605883 ], [ 33.015209685334845, 0.440861209802526 ], [ 33.015154986325854, 0.441166194281336 ], [ 33.012504157618395, 0.440827327718743 ] ] ] } },
{ "type": "Feature", "properties": { "class_id": 4, "class_name": "garden" }, "geometry": { "type": "Polygon", "coordinates": [ [ [ 33.015596790977895, 0.441149249786434 ], [ 33.015638867146087, 0.440924747317139 ], [ 33.016114333308607, 0.441009464175659 ], [ 33.016068049581534, 0.441276325595839 ], [ 33.015596790977895, 0.441149249786434 ] ] ] } },
{ "type": "Feature", "properties": { "class_id": 1, "class_name": "excavation" }, "geometry": { "type": "Polygon", "coordinates": [ [ [ 33.021786266828066, 0.442072658986952 ], [ 33.02180730434538, 0.441797325827175 ], [ 33.022669875773943, 0.441907456466755 ], [ 33.022653045670076, 0.442089599951165 ], [ 33.022783483293658, 0.442102307230765 ], [ 33.022758238031827, 0.442339517360305 ], [ 33.021786266828066, 0.442072658986952 ] ] ] } },
{ "type": "Feature", "properties": { "class_id": 1, "class_name": "excavation" }, "geometry": { "type": "Polygon", "coordinates": [ [ [ 33.031880457343803, 0.44321207760571 ], [ 33.031817342957197, 0.443347626469169 ], [ 33.031947781262168, 0.44351282574786 ], [ 33.032057180557437, 0.443517061165127 ], [ 33.032082425341152, 0.443237492088418 ], [ 33.031880457343803, 0.44321207760571 ] ] ] } },
{ "type": "Feature", "properties": { "class_id": 1, "class_name": "excavation" }, "geometry": { "type": "Polygon", "coordinates": [ [ [ 33.039976011416293, 0.444745431360372 ], [ 33.039984426176211, 0.444639533988281 ], [ 33.040119071540147, 0.44465647682513 ], [ 33.040215848150723, 0.44471577879758 ], [ 33.040480931124954, 0.444732720911039 ], [ 33.040703937637247, 0.444783550392587 ], [ 33.04108262779738, 0.444842850782215 ], [ 33.04126355761997, 0.444885208695791 ], [ 33.041385579664279, 0.444842849078131 ], [ 33.041473939726814, 0.444681884645941 ], [ 33.041511808685577, 0.444677648538704 ], [ 33.04157492306387, 0.444571750857038 ], [ 33.04218924248449, 0.444639521636275 ], [ 33.042378587514335, 0.444660700009209 ], [ 33.042492195307638, 0.444808955603798 ], [ 33.042538480226035, 0.444914852658116 ], [ 33.042715202366182, 0.444952974666414 ], [ 33.043047608081075, 0.444986859864515 ], [ 33.043186462103385, 0.44517323833386 ], [ 33.039976011416293, 0.444745431360372 ] ] ] } },
{ "type": "Feature", "properties": { "class_id": 1, "class_name": "excavation" }, "geometry": { "type": "Polygon", "coordinates": [ [ [ 33.080807232899929, 0.449836634612926 ], [ 33.080857720633894, 0.449451168079684 ], [ 33.081686631625935, 0.449552820147325 ], [ 33.080807232899929, 0.449836634612926 ] ] ] } },
{ "type": "Feature", "properties": { "class_id": 1, "class_name": "excavation" }, "geometry": { "type": "Polygon", "coordinates": [ [ [ 33.086037362561832, 0.4500907277789 ], [ 33.086037365441392, 0.450336409353349 ], [ 33.086096274132764, 0.450455013550957 ], [ 33.086315073275394, 0.450505841615654 ], [ 33.086365564499403, 0.450442302675763 ], [ 33.086487587313023, 0.450488895999804 ], [ 33.086571741798871, 0.450590556333481 ], [ 33.086571739999258, 0.450438064324037 ], [ 33.086559116456769, 0.450391469694283 ], [ 33.086357148173768, 0.450357584992618 ], [ 33.08628982435048, 0.450255924454775 ], [ 33.08625195412845, 0.450150027676095 ], [ 33.086037362561832, 0.4500907277789 ] ] ] } },
{ "type": "Feature", "properties": { "class_id": 1, "class_name": "excavation" }, "geometry": { "type": "Polygon", "coordinates": [ [ [ 33.08708086963513, 0.450628673227106 ], [ 33.087097698833745, 0.450505832240906 ], [ 33.087240758964562, 0.45046770751641 ], [ 33.087291250834248, 0.450459235129595 ], [ 33.08735015697318, 0.450361808970559 ], [ 33.087266002934797, 0.450298271649142 ], [ 33.086967258330048, 0.450260152240966 ], [ 33.086958842349439, 0.450205085783571 ], [ 33.089500275196784, 0.450518510599272 ], [ 33.089458203621611, 0.450933628223659 ], [ 33.08708086963513, 0.450628673227106 ] ] ] } },
{ "type": "Feature", "properties": { "class_id": 4, "class_name": "garden" }, "geometry": { "type": "Polygon", "coordinates": [ [ [ 33.08949186498711, 0.450937863695986 ], [ 33.089563390363338, 0.450535453373821 ], [ 33.091238043330684, 0.45075569866556 ], [ 33.091145479781908, 0.451162345139746 ], [ 33.08949186498711, 0.450937863695986 ] ] ] } },
{ "type": "Feature", "properties": { "class_id": 1, "class_name": "excavation" }, "geometry": { "type": "Polygon", "coordinates": [ [ [ 33.108224415953444, 0.453301232221127 ], [ 33.108136047114641, 0.452767511864176 ], [ 33.11040398239458, 0.453102112455961 ], [ 33.11144327585761, 0.453152927068882 ], [ 33.111300223412378, 0.453682415025354 ], [ 33.108224415953444, 0.453301232221127 ] ] ] } }
]
}
