{
"type": "FeatureCollection",
"name": "Kawanda_Masaka_220Line_Annotations",
"crs": { "type": "name", "properties": { "name": "urn:ogc:def:crs:OGC:1.3:CRS84" } },
"features": [
{ "type": "Feature", "properties": { "fid": 1, "class_name": "disturbance", "class_id": null, "dist_to_line": null, "risk_level": null, "area_m2": 333.52368012558145, "perimeter_m": 81.318476029340758, "compactness": 0.63380852471012483, "dist_bin": 2 }, "geometry": { "type": "Polygon", "coordinates": [ [ [ 32.538991037985369, 0.414671820641861 ], [ 32.53891980461497, 0.414568930689804 ], [ 32.538959378709635, 0.41449769918375 ], [ 32.539075462720646, 0.414582121709373 ], [ 32.539093930631481, 0.414608503748446 ], [ 32.539117675088292, 0.414579483505461 ], [ 32.539165164001886, 0.41461641836015 ], [ 32.539167802274861, 0.414661267826327 ], [ 32.539138781272108, 0.41470875549612 ], [ 32.538991037985369, 0.414671820641861 ] ] ] } },
{ "type": "Feature", "properties": { "fid": 2, "class_name": "disturbance", "class_id": null, "dist_to_line": null, "risk_level": null, "area_m2": 217.90848786452261, "perimeter_m": 58.278433007272504, "compactness": 0.80624731096670488, "dist_bin": 2 }, "geometry": { "type": "Polygon", "coordinates": [ [ [ 32.538159981997431, 0.414471317144309 ], [ 32.53823121536783, 0.414344683353765 ], [ 32.538254959824627, 0.414323577721811 ], [ 32.538326193195026, 0.414381618209549 ], [ 32.538310363557144, 0.414481869960096 ], [ 32.538249683278671, 0.41449506097981 ], [ 32.538159981997431, 0.414471317144309 ] ] ] } },
{ "type": "Feature", "properties": { "fid": 3, "class_name": "disturbance", "class_id": null, "dist_to_line": null, "risk_level": null, "area_m2": 46.220386094064452, "perimeter_m": 31.576846689421277, "compactness": 0.58251339418830617, "dist_bin": 2 }, "geometry": { "type": "Polygon", "coordinates": [ [ [ 32.537555817485575, 0.413954229153516 ], [ 32.537576923669398, 0.413970058378225 ], [ 32.537576923669398, 0.413996440419335 ], [ 32.537595391580233, 0.41402018425626 ], [ 32.537642880493834, 0.41401754605216 ], [ 32.537642880493834, 0.41401754605216 ], [ 32.537663986677657, 0.413980611194679 ], [ 32.537555817485575, 0.413954229153516 ] ] ] } },
{ "type": "Feature", "properties": { "fid": 4, "class_name": "disturbance", "class_id": null, "dist_to_line": null, "risk_level": null, "area_m2": 111.24598582801627, "perimeter_m": 44.42149104792928, "compactness": 0.70844795187780307, "dist_bin": 2 }, "geometry": { "type": "Polygon", "coordinates": [ [ [ 32.537189097541692, 0.41401490784806 ], [ 32.537189097541692, 0.413930485316394 ], [ 32.537278798822932, 0.413925208908136 ], [ 32.537273522276976, 0.413985887602902 ], [ 32.537257692639109, 0.41402018425626 ], [ 32.537270884003995, 0.414025460664455 ], [ 32.537273522276976, 0.414038651684929 ], [ 32.537199650633603, 0.414038651684929 ], [ 32.537189097541692, 0.41401490784806 ] ] ] } },
{ "type": "Feature", "properties": { "fid": 5, "class_name": "structure", "class_id": null, "dist_to_line": null, "risk_level": null, "area_m2": 46.734443877243393, "perimeter_m": 26.950149221559059, "compactness": 0.80858297848695448, "dist_bin": 2 }, "geometry": { "type": "Polygon", "coordinates": [ [ [ 32.537215480271463, 0.414128350623571 ], [ 32.537215480271463, 0.41407822474622 ], [ 32.537286713641869, 0.414070310133977 ], [ 32.537284075368888, 0.414107244991041 ], [ 32.537262969185065, 0.414136265235755 ], [ 32.537215480271463, 0.414128350623571 ] ] ] } },
{ "type": "Feature", "properties": { "fid": 6, "class_name": null, "class_id": null, "dist_to_line": null, "risk_level": null, "area_m2": 104.99188318093002, "perimeter_m": 49.924496244520462, "compactness": 0.52934425832029852, "dist_bin": 2 }, "geometry": { "type": "Polygon", "coordinates": [ [ [ 32.537041354254946, 0.413993802215228 ], [ 32.537033439436016, 0.413901465070927 ], [ 32.537057183892813, 0.413901465070927 ], [ 32.537054545619831, 0.413848700987986 ], [ 32.537115225898312, 0.413843424579673 ], [ 32.537107311079382, 0.413943676337027 ], [ 32.537083566622591, 0.413943676337027 ], [ 32.537078290076636, 0.414001716827547 ], [ 32.537041354254946, 0.413993802215228 ] ] ] } },
{ "type": "Feature", "properties": { "fid": 7, "class_name": "structure", "class_id": null, "dist_to_line": null, "risk_level": null, "area_m2": 50.80390171133331, "perimeter_m": 28.849132854612861, "compactness": 0.76708131445604355, "dist_bin": 2 }, "geometry": { "type": "Polygon", "coordinates": [ [ [ 32.536893610968207, 0.414030737072648 ], [ 32.53687778133034, 0.413954229153516 ], [ 32.53693054678989, 0.41394631454115 ], [ 32.536949014700731, 0.41401490784806 ], [ 32.536893610968207, 0.414030737072648 ] ] ] } },
{ "type": "Feature", "properties": { "fid": 8, "class_name": "structure", "class_id": null, "dist_to_line": null, "risk_level": null, "area_m2": 47.891047488057666, "perimeter_m": 29.144646036718001, "compactness": 0.70851105317739727, "dist_bin": 2 }, "geometry": { "type": "Polygon", "coordinates": [ [ [ 32.536904164060118, 0.41394631454115 ], [ 32.536898887514162, 0.413904103275065 ], [ 32.536988588795403, 0.413890912254367 ], [ 32.536983312249447, 0.413927847112266 ], [ 32.536978035703491, 0.413933123520523 ], [ 32.536978035703491, 0.413943676337027 ], [ 32.536904164060118, 0.41394631454115 ] ] ] } },
{ "type": "Feature", "properties": { "fid": 9, "class_name": "structure", "class_id": null, "dist_to_line": null, "risk_level": null, "area_m2": 51.403616959334613, "perimeter_m": 30.639227002845402, "compactness": 0.68809425866344331, "dist_bin": 2 }, "geometry": { "type": "Polygon", "coordinates": [ [ [ 32.536867228238435, 0.413890912254367 ], [ 32.536864589965454, 0.413824957150549 ], [ 32.53693846160882, 0.413819680742219 ], [ 32.536941099881801, 0.413848700987986 ], [ 32.536917355425004, 0.41385661560045 ], [ 32.53691471715203, 0.413890912254367 ], [ 32.536867228238435, 0.413890912254367 ] ] ] } },
{ "type": "Feature", "properties": { "fid": 10, "class_name": "structure", "class_id": null, "dist_to_line": null, "risk_level": null, "area_m2": 6.6931850874589145, "perimeter_m": 10.931037807170521, "compactness": 0.7039144912863291, "dist_bin": 2 }, "geometry": { "type": "Polygon", "coordinates": [ [ [ 32.536753782500412, 0.414088777562531 ], [ 32.536749825090943, 0.414057119113556 ], [ 32.536766973865298, 0.414053161807426 ], [ 32.536769612138272, 0.414086139358454 ], [ 32.536753782500412, 0.414088777562531 ] ] ] } },
{ "type": "Feature", "properties": { "fid": 11, "class_name": "structure", "class_id": null, "dist_to_line": null, "risk_level": null, "area_m2": 10.409232579026138, "perimeter_m": 13.969139903254405, "compactness": 0.67033090488045199, "dist_bin": 2 }, "geometry": { "type": "Polygon", "coordinates": [ [ [ 32.53665352812726, 0.413962143765874 ], [ 32.536654847263748, 0.413941038132902 ], [ 32.536697059631386, 0.413938399928776 ], [ 32.536697059631386, 0.413956867357636 ], [ 32.53665352812726, 0.413962143765874 ] ] ] } },
{ "type": "Feature", "properties": { "fid": 12, "class_name": "disturbance", "class_id": null, "dist_to_line": null, "risk_level": null, "area_m2": 484.84317158398062, "perimeter_m": 125.82465028460346, "compactness": 0.38483953703280632, "dist_bin": 2 }, "geometry": { "type": "Polygon", "coordinates": [ [ [ 32.536642975035349, 0.414099330378827 ], [ 32.536635060216419, 0.413960824663815 ], [ 32.536703655313836, 0.413956867357637 ], [ 32.536699697904361, 0.413933123520523 ], [ 32.536649570717799, 0.413938399928776 ], [ 32.536649570717799, 0.413938399928776 ], [ 32.536637698489393, 0.413836829069276 ], [ 32.536673315174589, 0.41381572343597 ], [ 32.536674634311083, 0.413741853718957 ], [ 32.536749825090943, 0.413756363841996 ], [ 32.536768293001785, 0.414051842705381 ], [ 32.536748505954456, 0.414053161807425 ], [ 32.536747186817969, 0.41408877756253 ], [ 32.536772250411254, 0.414088777562531 ], [ 32.536776207820715, 0.414133627031695 ], [ 32.536642975035349, 0.414099330378827 ] ] ] } },
{ "type": "Feature", "properties": { "fid": 13, "class_name": "structure", "class_id": null, "dist_to_line": null, "risk_level": null, "area_m2": 17.991282763832714, "perimeter_m": 18.213767587346979, "compactness": 0.68151028159458438, "dist_bin": 2 }, "geometry": { "type": "Polygon", "coordinates": [ [ [ 32.534926778463451, 0.410036495069599 ], [ 32.534926778463451, 0.410014070323516 ], [ 32.534982182195989, 0.410007474809949 ], [ 32.534982182195989, 0.410037814172308 ], [ 32.534926778463451, 0.410036495069599 ] ] ] } },
{ "type": "Feature", "properties": { "fid": 14, "class_name": "disturbance", "class_id": null, "dist_to_line": null, "risk_level": null, "area_m2": 312.35233575266102, "perimeter_m": 78.070384161070777, "compactness": 0.64399424914732339, "dist_bin": 2 }, "geometry": { "type": "Polygon", "coordinates": [ [ [ 32.53470252526035, 0.408763560854383 ], [ 32.534697248714401, 0.408605268502622 ], [ 32.5347684820848, 0.408585481958432 ], [ 32.534834438909229, 0.40879126201562 ], [ 32.53484367286466, 0.408813686765124 ], [ 32.534744737628003, 0.408826877794214 ], [ 32.534693291304933, 0.408825558691306 ], [ 32.534680099940047, 0.408770156368972 ], [ 32.53470252526035, 0.408763560854383 ] ] ] } },
{ "type": "Feature", "properties": { "fid": 15, "class_name": "agricultural_activity", "class_id": null, "dist_to_line": null, "risk_level": null, "area_m2": 1599.5128614305286, "perimeter_m": 204.8833910687481, "compactness": 0.47883302208258249, "dist_bin": 2 }, "geometry": { "type": "Polygon", "coordinates": [ [ [ 32.53326598562407, 0.404728424016774 ], [ 32.533486281417701, 0.404535834892121 ], [ 32.532957307685699, 0.404001597912829 ], [ 32.533180241752305, 0.404657192423257 ], [ 32.53326598562407, 0.404728424016774 ] ] ] } },
{ "type": "Feature", "properties": { "fid": 16, "class_name": "disturbance", "class_id": null, "dist_to_line": null, "risk_level": null, "area_m2": 289.24264610782393, "perimeter_m": 75.743619274550184, "compactness": 0.63354881575169186, "dist_bin": 2 }, "geometry": { "type": "Polygon", "coordinates": [ [ [ 32.529630445460988, 0.401301392199556 ], [ 32.52972410415169, 0.401364709197688 ], [ 32.529741252926044, 0.401323816969784 ], [ 32.529809848023469, 0.40137262382242 ], [ 32.529834911616753, 0.401337008011066 ], [ 32.529829635070797, 0.401293477574755 ], [ 32.529830954207284, 0.401278967429267 ], [ 32.529842826435683, 0.401271052804445 ], [ 32.529834911616753, 0.401197182972398 ], [ 32.529712231923291, 0.401207735805589 ], [ 32.529691125739475, 0.401252585346496 ], [ 32.529630445460988, 0.401301392199556 ] ] ] } },
{ "type": "Feature", "properties": { "fid": 17, "class_name": "agricultural_activity", "class_id": null, "dist_to_line": null, "risk_level": null, "area_m2": 444.42842373297026, "perimeter_m": 94.246542136599018, "compactness": 0.62875411527922409, "dist_bin": 2 }, "geometry": { "type": "Polygon", "coordinates": [ [ [ 32.527401104794947, 0.401413516050079 ], [ 32.527608209223693, 0.401563893917779 ], [ 32.527671527775148, 0.40156653212596 ], [ 32.527738803736085, 0.401421430674764 ], [ 32.527725612371192, 0.401380538447144 ], [ 32.527401104794947, 0.401413516050079 ] ] ] } },
{ "type": "Feature", "properties": { "fid": 18, "class_name": "disturbance", "class_id": null, "dist_to_line": null, "risk_level": null, "area_m2": 218.78726153778189, "perimeter_m": 66.377167949283603, "compactness": 0.62401418021329724, "dist_bin": 2 }, "geometry": { "type": "Polygon", "coordinates": [ [ [ 32.527250723235234, 0.401913456494285 ], [ 32.527328552288076, 0.401956986927293 ], [ 32.527348339335404, 0.401913456494285 ], [ 32.527350977608378, 0.401871245165085 ], [ 32.527350977608378, 0.401871245165085 ], [ 32.527422210978777, 0.401788141610087 ], [ 32.527327233151581, 0.401730101031492 ], [ 32.527250723235234, 0.401913456494285 ] ] ] } },
{ "type": "Feature", "properties": { "fid": 19, "class_name": "disturbance", "class_id": null, "dist_to_line": null, "risk_level": null, "area_m2": 229.817655609746, "perimeter_m": 78.644872859906641, "compactness": 0.46693069531875891, "dist_bin": 2 }, "geometry": { "type": "Polygon", "coordinates": [ [ [ 32.527017236076723, 0.40219046833674 ], [ 32.527051533625432, 0.402210254896556 ], [ 32.527087150310621, 0.402177277296836 ], [ 32.527109575630931, 0.402194425648707 ], [ 32.527085831174134, 0.402233998768272 ], [ 32.527108256494444, 0.40224059428818 ], [ 32.527195319502702, 0.402015027504276 ], [ 32.527166298499949, 0.402005793776148 ], [ 32.527101660812001, 0.402028218544442 ], [ 32.527017236076723, 0.40219046833674 ] ] ] } },
{ "type": "Feature", "properties": { "fid": 20, "class_name": "disturbance", "class_id": null, "dist_to_line": null, "risk_level": null, "area_m2": 141.6280241152017, "perimeter_m": 53.28319448358868, "compactness": 0.62687153803846429, "dist_bin": 2 }, "geometry": { "type": "Polygon", "coordinates": [ [ [ 32.526825961285844, 0.402503095976219 ], [ 32.526841790923719, 0.402508372391973 ], [ 32.526877407608914, 0.402499138664402 ], [ 32.526906428611667, 0.402513648807722 ], [ 32.526916981703579, 0.402546626406082 ], [ 32.526942045296856, 0.402563774757177 ], [ 32.526976342845572, 0.402511010599848 ], [ 32.526952598388768, 0.402484628521055 ], [ 32.526957874934723, 0.402451650922445 ], [ 32.526942045296856, 0.402416035115796 ], [ 32.526911705157623, 0.402421311531605 ], [ 32.526870811926472, 0.402430545259264 ], [ 32.52685234401563, 0.402451650922445 ], [ 32.526825961285844, 0.402503095976219 ] ] ] } },
{ "type": "Feature", "properties": { "fid": 21, "class_name": "disturbance", "class_id": null, "dist_to_line": null, "risk_level": null, "area_m2": 198.91103707955335, "perimeter_m": 58.39284635458641, "compactness": 0.73307676537405808, "dist_bin": 2 }, "geometry": { "type": "Polygon", "coordinates": [ [ [ 32.525855076830091, 0.404422391980939 ], [ 32.525967203431641, 0.404464603296913 ], [ 32.526002820116837, 0.404297077135349 ], [ 32.525922352791028, 0.404283886098859 ], [ 32.525855076830091, 0.404422391980939 ] ] ] } },
{ "type": "Feature", "properties": { "fid": 22, "class_name": "disturbance", "class_id": null, "dist_to_line": null, "risk_level": null, "area_m2": 84.741207010752987, "perimeter_m": 41.395140649296501, "compactness": 0.62144941640256268, "dist_bin": 2 }, "geometry": { "type": "Polygon", "coordinates": [ [ [ 32.525938182428895, 0.404235079263658 ], [ 32.526002820116837, 0.404258823129468 ], [ 32.52603052198311, 0.404146699318088 ], [ 32.526004139253324, 0.404108445311499 ], [ 32.525938182428895, 0.404235079263658 ] ] ] } },
{ "type": "Feature", "properties": { "fid": 23, "class_name": "disturbance", "class_id": null, "dist_to_line": null, "risk_level": null, "area_m2": 89.035592347747297, "perimeter_m": 44.704216105328484, "compactness": 0.55985627295839979, "dist_bin": 2 }, "geometry": { "type": "Polygon", "coordinates": [ [ [ 32.526042394211508, 0.404027979986705 ], [ 32.526183541815804, 0.404079425030517 ], [ 32.526208605409089, 0.40403325640147 ], [ 32.526058223849368, 0.403988406875859 ], [ 32.526042394211508, 0.404027979986705 ] ] ] } },
{ "type": "Feature", "properties": { "fid": 24, "class_name": "disturbance", "class_id": null, "dist_to_line": null, "risk_level": null, "area_m2": 73.100395683264651, "perimeter_m": 35.566532657831075, "compactness": 0.72618376452311251, "dist_bin": 2 }, "geometry": { "type": "Polygon", "coordinates": [ [ [ 32.52615188254007, 0.40400423612022 ], [ 32.526229711592912, 0.404041171023611 ], [ 32.526245541230772, 0.40396598211296 ], [ 32.52614528685762, 0.403948833764819 ], [ 32.52615188254007, 0.40400423612022 ] ] ] } },
{ "type": "Feature", "properties": { "fid": 25, "class_name": "disturbance", "class_id": null, "dist_to_line": null, "risk_level": null, "area_m2": 55.901585213796352, "perimeter_m": 33.528261443210603, "compactness": 0.62490200599743151, "dist_bin": 2 }, "geometry": { "type": "Polygon", "coordinates": [ [ [ 32.526278519642986, 0.403962024801854 ], [ 32.52633128510255, 0.403977854046267 ], [ 32.52633919992148, 0.403926409001811 ], [ 32.52633919992148, 0.403926409001811 ], [ 32.526329965966056, 0.403901346031318 ], [ 32.52630885978224, 0.403878921268179 ], [ 32.526279838779487, 0.403876283060747 ], [ 32.526269285687569, 0.403905303342454 ], [ 32.526295668417347, 0.403915856172139 ], [ 32.526278519642986, 0.403962024801854 ] ] ] } },
{ "type": "Feature", "properties": { "fid": 26, "class_name": "disturbance", "class_id": null, "dist_to_line": null, "risk_level": null, "area_m2": 430.23832130841947, "perimeter_m": 109.37888642838013, "compactness": 0.45191000792392377, "dist_bin": 2 }, "geometry": { "type": "Polygon", "coordinates": [ [ [ 32.525075467165237, 0.40684690408567 ], [ 32.525060956663857, 0.40684690408567 ], [ 32.525063594936839, 0.406724227484122 ], [ 32.525029297388137, 0.406718951071111 ], [ 32.52496993624613, 0.406705760038567 ], [ 32.524996318975901, 0.406602869983982 ], [ 32.525017425159731, 0.406616061016695 ], [ 32.525042488753023, 0.406588359847974 ], [ 32.525039850480042, 0.406579126125046 ], [ 32.525039850480042, 0.406579126125046 ], [ 32.525075467165237, 0.406581764331598 ], [ 32.525075467165237, 0.406573849711939 ], [ 32.525087339393636, 0.406563296885716 ], [ 32.525093935076079, 0.406544829439792 ], [ 32.525109764713939, 0.40655538226604 ], [ 32.5251269134883, 0.406527681097111 ], [ 32.52514933880861, 0.406514490064254 ], [ 32.525155934491053, 0.406544829439792 ], [ 32.525187593766788, 0.406554063162759 ], [ 32.525211338223585, 0.406550105852918 ], [ 32.525216614769533, 0.40655670136932 ], [ 32.525075467165237, 0.40684690408567 ] ] ] } },
{ "type": "Feature", "properties": { "fid": 27, "class_name": "disturbance", "class_id": null, "dist_to_line": null, "risk_level": null, "area_m2": 494.67492466024942, "perimeter_m": 107.57138080143562, "compactness": 0.53720033357137131, "dist_bin": 2 }, "geometry": { "type": "Polygon", "coordinates": [ [ [ 32.524729853405169, 0.407059279703295 ], [ 32.524728534268689, 0.407006515575215 ], [ 32.524708747221354, 0.406968261582141 ], [ 32.524704789811892, 0.406936603104977 ], [ 32.524682364491582, 0.406910221040579 ], [ 32.524724576859214, 0.406890434492223 ], [ 32.524735129951139, 0.406865371530903 ], [ 32.524769427499848, 0.406897030008347 ], [ 32.524830107778321, 0.40688515807932 ], [ 32.524848575689163, 0.406844265879205 ], [ 32.524865724463517, 0.406806011885362 ], [ 32.524892107193295, 0.406825798433924 ], [ 32.524900022012233, 0.406848223188903 ], [ 32.524902660285214, 0.406864052427674 ], [ 32.524943553516358, 0.406864052427674 ], [ 32.524947510925827, 0.406877243459959 ], [ 32.524922447332536, 0.406936603104976 ], [ 32.52493959610689, 0.406939241311412 ], [ 32.524942234379871, 0.406977495304624 ], [ 32.524919809059561, 0.406980133511045 ], [ 32.524925085605517, 0.407011791988038 ], [ 32.52487891582841, 0.407024983020082 ], [ 32.52487891582841, 0.407038174052105 ], [ 32.524861767054055, 0.407050045980906 ], [ 32.524844618279694, 0.407064556116084 ], [ 32.524835384324277, 0.407047407774507 ], [ 32.524809001594505, 0.407057960600098 ], [ 32.524782618864734, 0.407071151632066 ], [ 32.524729853405169, 0.407059279703295 ] ] ] } },
{ "type": "Feature", "properties": { "fid": 28, "class_name": "structure", "class_id": null, "dist_to_line": null, "risk_level": null, "area_m2": 30.681597876347951, "perimeter_m": 27.176756076399982, "compactness": 0.52202656595472241, "dist_bin": 2 }, "geometry": { "type": "Polygon", "coordinates": [ [ [ 32.524534621204836, 0.407138425894769 ], [ 32.524558365661633, 0.407147659617056 ], [ 32.52459662061981, 0.407059279703295 ], [ 32.524572876163006, 0.407048726877707 ], [ 32.524534621204836, 0.407138425894769 ] ] ] } },
{ "type": "Feature", "properties": { "fid": 29, "class_name": "structure", "class_id": null, "dist_to_line": null, "risk_level": null, "area_m2": 43.189815776357136, "perimeter_m": 30.864173152978637, "compactness": 0.56974683600785148, "dist_bin": 2 }, "geometry": { "type": "Polygon", "coordinates": [ [ [ 32.524466026107426, 0.407271655315327 ], [ 32.524500323656135, 0.407282208140624 ], [ 32.524534621204836, 0.407286165450107 ], [ 32.52453594034133, 0.407270336212164 ], [ 32.524514834157507, 0.407267698005837 ], [ 32.524539897750792, 0.407221529394979 ], [ 32.524495047110179, 0.407207019260084 ], [ 32.524466026107426, 0.407271655315327 ] ] ] } },
{ "type": "Feature", "properties": { "fid": 30, "class_name": "structure", "class_id": null, "dist_to_line": null, "risk_level": null, "area_m2": 21.675268221941224, "perimeter_m": 18.769464765873398, "compactness": 0.77316211903440035, "dist_bin": 2 }, "geometry": { "type": "Polygon", "coordinates": [ [ [ 32.524298495773344, 0.407611983924181 ], [ 32.524335431595034, 0.407625174955242 ], [ 32.524347303823433, 0.407593516480659 ], [ 32.524344665550458, 0.407571091727753 ], [ 32.524324878503116, 0.407565815315295 ], [ 32.524298495773344, 0.407611983924181 ] ] ] } },
{ "type": "Feature", "properties": { "fid": 31, "class_name": "structure", "class_id": null, "dist_to_line": null, "risk_level": null, "area_m2": 6.2434060782543384, "perimeter_m": 11.778368008594487, "compactness": 0.5655372398626306, "dist_bin": 2 }, "geometry": { "type": "Polygon", "coordinates": [ [ [ 32.52446206869795, 0.407610664821073 ], [ 32.524471302653382, 0.407572410830867 ], [ 32.52448317488178, 0.407572410830867 ], [ 32.524475260062836, 0.407613303027288 ], [ 32.52446206869795, 0.407610664821073 ] ] ] } },
{ "type": "Feature", "properties": { "fid": 32, "class_name": "structure", "class_id": null, "dist_to_line": null, "risk_level": null, "area_m2": 9.381175606729812, "perimeter_m": 12.310295592099763, "compactness": 0.77791145589380051, "dist_bin": 2 }, "geometry": { "type": "Polygon", "coordinates": [ [ [ 32.524417218057337, 0.407443138724686 ], [ 32.524443600787109, 0.407441819621551 ], [ 32.524444919923596, 0.407412799352527 ], [ 32.524419856330312, 0.407412799352527 ], [ 32.524417218057337, 0.407443138724686 ] ] ] } },
{ "type": "Feature", "properties": { "fid": 33, "class_name": "structure", "class_id": null, "dist_to_line": null, "risk_level": null, "area_m2": 11.330235737805197, "perimeter_m": 14.590784922532078, "compactness": 0.66879266063710208, "dist_bin": 2 }, "geometry": { "type": "Polygon", "coordinates": [ [ [ 32.524448877333064, 0.407472158993601 ], [ 32.52449108970071, 0.407482711818635 ], [ 32.52449900451964, 0.407466882581079 ], [ 32.524455473015507, 0.407449734240358 ], [ 32.524448877333064, 0.407472158993601 ] ] ] } },
{ "type": "Feature", "properties": { "fid": 34, "class_name": "structure", "class_id": null, "dist_to_line": null, "risk_level": null, "area_m2": 4.0159043710809783, "perimeter_m": 9.2515670230948679, "compactness": 0.58960699567098696, "dist_bin": 2 }, "geometry": { "type": "Polygon", "coordinates": [ [ [ 32.524467345243906, 0.407527561324876 ], [ 32.52447789833581, 0.407530199531118 ], [ 32.524487132291242, 0.407501179262412 ], [ 32.52447789833581, 0.407497221953035 ], [ 32.524467345243906, 0.407527561324876 ] ] ] } },
{ "type": "Feature", "properties": { "fid": 35, "class_name": "structure", "class_id": null, "dist_to_line": null, "risk_level": null, "area_m2": 10.237903371581524, "perimeter_m": 12.848709263677312, "compactness": 0.77929499309224659, "dist_bin": 2 }, "geometry": { "type": "Polygon", "coordinates": [ [ [ 32.524427771149249, 0.4073666307425 ], [ 32.524459430424969, 0.407373226258234 ], [ 32.524460749561463, 0.407344205988963 ], [ 32.524435685968179, 0.407338929576357 ], [ 32.524427771149249, 0.4073666307425 ] ] ] } },
{ "type": "Feature", "properties": { "fid": 36, "class_name": "structure", "class_id": null, "dist_to_line": null, "risk_level": null, "area_m2": 7.6248425703397515, "perimeter_m": 15.205528852914252, "compactness": 0.41441711784900015, "dist_bin": 2 }, "geometry": { "type": "Polygon", "coordinates": [ [ [ 32.524256283405705, 0.407732022306044 ], [ 32.524256283405705, 0.407714873965887 ], [ 32.524269474770591, 0.407713554862797 ], [ 32.524268155634104, 0.407680577285465 ], [ 32.524264198224635, 0.407679258182369 ], [ 32.524241772904332, 0.407729384099869 ], [ 32.524256283405705, 0.407732022306044 ] ] ] } },
{ "type": "Feature", "properties": { "fid": 37, "class_name": "disturbance", "class_id": null, "dist_to_line": null, "risk_level": null, "area_m2": 949.83317782778522, "perimeter_m": 181.82042409751654, "compactness": 0.3610537554935192, "dist_bin": 2 }, "geometry": { "type": "Polygon", "coordinates": [ [ [ 32.524649386079361, 0.407717512172068 ], [ 32.524632237305006, 0.407708278450433 ], [ 32.524625641622563, 0.407718831275157 ], [ 32.524591344073848, 0.40769244921332 ], [ 32.524576833572475, 0.407625174955242 ], [ 32.524607173711722, 0.407623855852137 ], [ 32.524612450257678, 0.407586920965104 ], [ 32.524629599032032, 0.407585601861993 ], [ 32.524624322486076, 0.407565815315296 ], [ 32.524612450257678, 0.407560538902835 ], [ 32.524615088530652, 0.407535475943598 ], [ 32.524604535438748, 0.407518327603023 ], [ 32.524597939756291, 0.407482711818635 ], [ 32.524593982346829, 0.407444457827821 ], [ 32.524605854575228, 0.407429947693326 ], [ 32.524644109533412, 0.407433905002737 ], [ 32.524632237305006, 0.407407522939966 ], [ 32.52459662061981, 0.407395651011691 ], [ 32.524588705800873, 0.407381140877108 ], [ 32.524495047110179, 0.407391693702261 ], [ 32.524467345243906, 0.407393012805405 ], [ 32.524467345243906, 0.407349482401565 ], [ 32.52448317488178, 0.407349482401565 ], [ 32.524487132291242, 0.407328376751134 ], [ 32.524583429254918, 0.407337610473205 ], [ 32.524584748391405, 0.407303313791176 ], [ 32.524583429254918, 0.407278250831139 ], [ 32.5245741952995, 0.407257145180522 ], [ 32.524588705800873, 0.407238677736186 ], [ 32.524637513850962, 0.407239996839354 ], [ 32.524681045355088, 0.407253187871025 ], [ 32.524735129951125, 0.407266378902674 ], [ 32.524785257137708, 0.407292760965907 ], [ 32.52484198000672, 0.407320462132208 ], [ 32.524649386079361, 0.407717512172068 ] ] ] } },
{ "type": "Feature", "properties": { "fid": 38, "class_name": "structure", "class_id": null, "dist_to_line": null, "risk_level": null, "area_m2": 9.2098354707886756, "perimeter_m": 12.409282113777424, "compactness": 0.75156824109073228, "dist_bin": 2 }, "geometry": { "type": "Polygon", "coordinates": [ [ [ 32.524576833572475, 0.407870528129047 ], [ 32.524555727388659, 0.407870528129047 ], [ 32.52455176997919, 0.407844146067706 ], [ 32.524587386664386, 0.407844146067706 ], [ 32.524576833572475, 0.407870528129047 ] ] ] } },
{ "type": "Feature", "properties": { "fid": 39, "class_name": "disturbance", "class_id": null, "dist_to_line": null, "risk_level": null, "area_m2": 153.66490767737014, "perimeter_m": 60.083403104887431, "compactness": 0.53490359582753855, "dist_bin": 2 }, "geometry": { "type": "Polygon", "coordinates": [ [ [ 32.524104582709498, 0.408333533291493 ], [ 32.524105901845985, 0.408301874819696 ], [ 32.524084795662169, 0.408293960201727 ], [ 32.524067646887815, 0.408241196081737 ], [ 32.524097987027055, 0.408169964519201 ], [ 32.524134922848738, 0.408176560034277 ], [ 32.524146795077137, 0.408208218506567 ], [ 32.524148114213624, 0.408264939935775 ], [ 32.524171858670421, 0.408296598407718 ], [ 32.524186369171801, 0.40828208827476 ], [ 32.524208794492111, 0.408340128806435 ], [ 32.524104582709498, 0.408333533291493 ] ] ] } },
{ "type": "Feature", "properties": { "fid": 40, "class_name": "disturbance", "class_id": null, "dist_to_line": null, "risk_level": null, "area_m2": 89.431690317025641, "perimeter_m": 37.639097614446214, "compactness": 0.79327341076919278, "dist_bin": 2 }, "geometry": { "type": "Polygon", "coordinates": [ [ [ 32.523809096136013, 0.408621097737938 ], [ 32.523856585049607, 0.408681776473029 ], [ 32.523910669645652, 0.408663309031963 ], [ 32.52387109555098, 0.408560419002389 ], [ 32.523838117138766, 0.408567014517145 ], [ 32.523809096136013, 0.408621097737938 ] ] ] } },
{ "type": "Feature", "properties": { "fid": 41, "class_name": "disturbance", "class_id": null, "dist_to_line": null, "risk_level": null, "area_m2": 596.19705770368273, "perimeter_m": 143.12264344587032, "compactness": 0.36574887124910854, "dist_bin": 2 }, "geometry": { "type": "Polygon", "coordinates": [ [ [ 32.523729947946684, 0.408911300379879 ], [ 32.523685097306071, 0.408879641910358 ], [ 32.523728628810197, 0.40880709125057 ], [ 32.523769522041356, 0.408830835102937 ], [ 32.523806457863039, 0.408859855366845 ], [ 32.52384867023067, 0.408841387926188 ], [ 32.523880329506405, 0.408830835102937 ], [ 32.523919903601076, 0.408811048559303 ], [ 32.523931775829467, 0.408795219324361 ], [ 32.523950243740316, 0.408779390089387 ], [ 32.523935733238936, 0.408766199060219 ], [ 32.523923861010537, 0.408749050722268 ], [ 32.523914627055106, 0.408739817001818 ], [ 32.523911988782132, 0.408730583281357 ], [ 32.523897478280752, 0.408706839428694 ], [ 32.523901435690227, 0.408692329296476 ], [ 32.523905393099696, 0.408680457370097 ], [ 32.523927818420006, 0.408663309031963 ], [ 32.523972669060626, 0.408658032620222 ], [ 32.523992456107948, 0.408652756208478 ], [ 32.523992456107948, 0.408652756208478 ], [ 32.523999051790398, 0.408675180958367 ], [ 32.524042583294531, 0.4086685854437 ], [ 32.524061051205372, 0.408672542752501 ], [ 32.524063689478353, 0.408694967502336 ], [ 32.524035987612073, 0.408727945075509 ], [ 32.524061051205372, 0.40873585969305 ], [ 32.524082157389188, 0.408755646236869 ], [ 32.524101944436524, 0.408768837266054 ], [ 32.524101944436524, 0.408783347398134 ], [ 32.524068966024302, 0.408800495736012 ], [ 32.524047859840479, 0.408830835102937 ], [ 32.524018838837726, 0.408851940749426 ], [ 32.523977945606575, 0.408880961013257 ], [ 32.523941009784892, 0.408920534100132 ], [ 32.523908031372677, 0.408909981276984 ], [ 32.523889563461822, 0.408919214997239 ], [ 32.523729947946684, 0.408911300379879 ] ] ] } },
{ "type": "Feature", "properties": { "fid": 42, "class_name": "agricultural_activity", "class_id": null, "dist_to_line": null, "risk_level": null, "area_m2": 1543.9947694049915, "perimeter_m": 158.44407503759064, "compactness": 0.77286507372840052, "dist_bin": 2 }, "geometry": { "type": "Polygon", "coordinates": [ [ [ 32.523129740844283, 0.410036495069599 ], [ 32.523423908281281, 0.410260742526977 ], [ 32.523578247250462, 0.409940200571267 ], [ 32.523276164994542, 0.409733101440796 ], [ 32.523129740844283, 0.410036495069599 ] ] ] } },
{ "type": "Feature", "properties": { "fid": 43, "class_name": "agricultural_activity", "class_id": null, "dist_to_line": null, "risk_level": null, "area_m2": 981.94914366031298, "perimeter_m": 174.2516205020558, "compactness": 0.40639205464711103, "dist_bin": 2 }, "geometry": { "type": "Polygon", "coordinates": [ [ [ 32.523125783434814, 0.410037814172308 ], [ 32.523419950871812, 0.410258104321632 ], [ 32.52325110140125, 0.410619538445709 ], [ 32.523171953211921, 0.410568093443644 ], [ 32.523282760676977, 0.410321421249658 ], [ 32.523050592654961, 0.410198744701154 ], [ 32.523125783434814, 0.410037814172308 ] ] ] } },
{ "type": "Feature", "properties": { "fid": 44, "class_name": "agricultural_activity", "class_id": null, "dist_to_line": null, "risk_level": null, "area_m2": 1116.1447392372647, "perimeter_m": 137.3202673304304, "compactness": 0.74380843692239873, "dist_bin": 2 }, "geometry": { "type": "Polygon", "coordinates": [ [ [ 32.522780169674753, 0.410754086911082 ], [ 32.522896253685765, 0.410519286646507 ], [ 32.52306378401984, 0.410590518188174 ], [ 32.52323527176339, 0.41064723960053 ], [ 32.523124464298334, 0.410870167938212 ], [ 32.522780169674753, 0.410754086911082 ] ] ] } },
{ "type": "Feature", "properties": { "fid": 45, "class_name": "agricultural_activity", "class_id": null, "dist_to_line": null, "risk_level": null, "area_m2": 1198.904469010653, "perimeter_m": 141.22518895867915, "compactness": 0.7553880568854886, "dist_bin": 2 }, "geometry": { "type": "Polygon", "coordinates": [ [ [ 32.522544044243276, 0.411246112162224 ], [ 32.522900211095241, 0.411338449337344 ], [ 32.523012337696791, 0.411112882807669 ], [ 32.522666723936723, 0.410988887168759 ], [ 32.522544044243276, 0.411246112162224 ] ] ] } },
{ "type": "Feature", "properties": { "fid": 46, "class_name": "disturbance", "class_id": null, "dist_to_line": null, "risk_level": null, "area_m2": 577.80908019290655, "perimeter_m": 106.03457107469444, "compactness": 0.64580181104741796, "dist_bin": 2 }, "geometry": { "type": "Polygon", "coordinates": [ [ [ 32.522346173769954, 0.411668224954049 ], [ 32.52253217201487, 0.411694607002796 ], [ 32.522627149842066, 0.411701202514969 ], [ 32.522673319619173, 0.411594355217092 ], [ 32.522577022655483, 0.411578525987655 ], [ 32.522604724521749, 0.411520485479451 ], [ 32.522438513324168, 0.411469040483189 ], [ 32.522346173769954, 0.411668224954049 ] ] ] } },
{ "type": "Feature", "properties": { "fid": 47, "class_name": "disturbance", "class_id": null, "dist_to_line": null, "risk_level": null, "area_m2": 305.9585758492176, "perimeter_m": 88.819794644472893, "compactness": 0.48736346043980622, "dist_bin": 2 }, "geometry": { "type": "Polygon", "coordinates": [ [ [ 32.521238099119373, 0.414006993235754 ], [ 32.521273715804568, 0.414013588746009 ], [ 32.521273715804568, 0.414028098868551 ], [ 32.521317247308708, 0.414033375276742 ], [ 32.521340991765506, 0.414051842705381 ], [ 32.521376608450694, 0.414066352827853 ], [ 32.521400352907492, 0.41407690564418 ], [ 32.521421459091322, 0.414041289889021 ], [ 32.521396395498037, 0.414033375276742 ], [ 32.521391118952074, 0.414008312337806 ], [ 32.521422778227816, 0.413975334786453 ], [ 32.521385842406119, 0.413962143765874 ], [ 32.52138188499665, 0.413927847112265 ], [ 32.521380565860163, 0.413897507764718 ], [ 32.521363417085809, 0.413885635846081 ], [ 32.521371331904746, 0.413818361640136 ], [ 32.521342310901993, 0.413790660496346 ], [ 32.521238099119373, 0.414006993235754 ] ] ] } },
{ "type": "Feature", "properties": { "fid": 48, "class_name": "disturbance", "class_id": null, "dist_to_line": null, "risk_level": null, "area_m2": 100.8688484485865, "perimeter_m": 47.451344974241977, "compactness": 0.56295006475834231, "dist_bin": 2 }, "geometry": { "type": "Polygon", "coordinates": [ [ [ 32.521360778812834, 0.413753725637809 ], [ 32.521401672043986, 0.413752406535715 ], [ 32.52143992700217, 0.413757682944088 ], [ 32.521443884411632, 0.413723386289595 ], [ 32.521457075776524, 0.413704918860192 ], [ 32.52147026714141, 0.413661388490713 ], [ 32.5214478418211, 0.413658750286494 ], [ 32.521442565275144, 0.413620496325227 ], [ 32.521429373910252, 0.413604667099821 ], [ 32.521360778812834, 0.413753725637809 ] ] ] } },
{ "type": "Feature", "properties": { "fid": 49, "class_name": "disturbance", "class_id": null, "dist_to_line": null, "risk_level": null, "area_m2": 68.099078007006938, "perimeter_m": 35.627216695154956, "compactness": 0.67419776034836076, "dist_bin": 2 }, "geometry": { "type": "Polygon", "coordinates": [ [ [ 32.521545457921256, 0.41378802229217 ], [ 32.521550734467212, 0.413820999844302 ], [ 32.521571840651042, 0.41380912792555 ], [ 32.521595585107839, 0.41380912792555 ], [ 32.521610095609212, 0.413818361640136 ], [ 32.521620648701123, 0.413785384087994 ], [ 32.521623286974098, 0.413759002046181 ], [ 32.521624606110592, 0.413727343595891 ], [ 32.521607457336238, 0.413726024493792 ], [ 32.521591627698378, 0.413710195268597 ], [ 32.521545457921256, 0.41378802229217 ] ] ] } },
{ "type": "Feature", "properties": { "fid": 50, "class_name": "disturbance", "class_id": null, "dist_to_line": null, "risk_level": null, "area_m2": 56.469005971115621, "perimeter_m": 29.756505308678868, "compactness": 0.80141258259938275, "dist_bin": 2 }, "geometry": { "type": "Polygon", "coordinates": [ [ [ 32.521660222795788, 0.413748449229432 ], [ 32.521683967252585, 0.413762959352459 ], [ 32.521695839480991, 0.413761640250367 ], [ 32.521709030845876, 0.413729981800086 ], [ 32.521716945664814, 0.413702280655988 ], [ 32.521714307391832, 0.413673260409685 ], [ 32.521665499341751, 0.413662707592821 ], [ 32.521657584522806, 0.413704918860192 ], [ 32.521660222795788, 0.413748449229432 ] ] ] } },
{ "type": "Feature", "properties": { "fid": 51, "class_name": "disturbance", "class_id": null, "dist_to_line": null, "risk_level": null, "area_m2": 8.9313792996836128, "perimeter_m": 12.163908636064468, "compactness": 0.7585463074010721, "dist_bin": 2 }, "geometry": { "type": "Polygon", "coordinates": [ [ [ 32.521528309146902, 0.414237836091419 ], [ 32.521507202963086, 0.414232559683364 ], [ 32.521504564690112, 0.414208815847076 ], [ 32.521538862238813, 0.414210134949094 ], [ 32.521528309146902, 0.414237836091419 ] ] ] } },
{ "type": "Feature", "properties": { "fid": 52, "class_name": "disturbance", "class_id": null, "dist_to_line": null, "risk_level": null, "area_m2": 265.63887449913454, "perimeter_m": 72.185248794114031, "compactness": 0.64062602881909436, "dist_bin": 2 }, "geometry": { "type": "Polygon", "coordinates": [ [ [ 32.521546777057743, 0.414189029316782 ], [ 32.521513798645536, 0.41418111470465 ], [ 32.521513798645536, 0.414162647276312 ], [ 32.521500607280643, 0.414161328174286 ], [ 32.521461033185986, 0.414190348418803 ], [ 32.521453118367042, 0.414178476500604 ], [ 32.521443884411632, 0.41416000907226 ], [ 32.521446522684606, 0.414137584337784 ], [ 32.521449160957587, 0.414105925889005 ], [ 32.521453118367042, 0.414084820256415 ], [ 32.521470267141403, 0.414074267440099 ], [ 32.521483458506296, 0.414032056174695 ], [ 32.521497969007662, 0.414026779766503 ], [ 32.521521713464466, 0.414029417970599 ], [ 32.521521713464466, 0.413997759521388 ], [ 32.521541500511788, 0.413993802215227 ], [ 32.521559968422636, 0.414004355031651 ], [ 32.521575798060503, 0.41401622695011 ], [ 32.521596904244326, 0.414009631439857 ], [ 32.521612733882193, 0.41401754605216 ], [ 32.521619329564636, 0.414041289889021 ], [ 32.521546777057743, 0.414189029316782 ] ] ] } },
{ "type": "Feature", "properties": { "fid": 53, "class_name": "disturbance", "class_id": null, "dist_to_line": null, "risk_level": null, "area_m2": 138.28645217442681, "perimeter_m": 56.734305219435626, "compactness": 0.53988096708028621, "dist_bin": 2 }, "geometry": { "type": "Polygon", "coordinates": [ [ [ 32.521025718144678, 0.414455487920601 ], [ 32.521054739147431, 0.41447923175615 ], [ 32.521086398423165, 0.414448892410713 ], [ 32.521092994105615, 0.414429105881018 ], [ 32.521128610790811, 0.41439480922943 ], [ 32.521151036111114, 0.41439480922943 ], [ 32.521151036111114, 0.414339406945781 ], [ 32.521115419425925, 0.414270813641679 ], [ 32.521025718144678, 0.414455487920601 ] ] ] } },
{ "type": "Feature", "properties": { "fid": 54, "class_name": "disturbance", "class_id": null, "dist_to_line": null, "risk_level": null, "area_m2": 44.89249014359666, "perimeter_m": 37.64056292503335, "compactness": 0.39817257192844618, "dist_bin": 2 }, "geometry": { "type": "Polygon", "coordinates": [ [ [ 32.5206247006521, 0.414699521782571 ], [ 32.52066295561027, 0.414717989209657 ], [ 32.520694614886004, 0.414747009452134 ], [ 32.520777720484801, 0.414691607170949 ], [ 32.5206247006521, 0.414699521782571 ] ] ] } },
{ "type": "Feature", "properties": { "fid": 55, "class_name": "disturbance", "class_id": null, "dist_to_line": null, "risk_level": null, "area_m2": 59.960164063362754, "perimeter_m": 33.809015587437884, "compactness": 0.65918546891628982, "dist_bin": 2 }, "geometry": { "type": "Polygon", "coordinates": [ [ [ 32.5207895927132, 0.414752285859846 ], [ 32.520779039621281, 0.414776029694505 ], [ 32.520804103214573, 0.41481164544636 ], [ 32.520788273576706, 0.41482615556744 ], [ 32.520808060624042, 0.414848580299966 ], [ 32.520826528534876, 0.414827474669355 ], [ 32.520842358172743, 0.414836708382754 ], [ 32.520852911264647, 0.414819560057861 ], [ 32.520859506947097, 0.41479053981565 ], [ 32.520817294579466, 0.414748328554062 ], [ 32.5207895927132, 0.414752285859846 ] ] ] } },
{ "type": "Feature", "properties": { "fid": 56, "class_name": "disturbance", "class_id": null, "dist_to_line": null, "risk_level": null, "area_m2": 39.16315023356583, "perimeter_m": 26.664206460149252, "compactness": 0.6921977062982646, "dist_bin": 2 }, "geometry": { "type": "Polygon", "coordinates": [ [ [ 32.52062601978858, 0.415047764686083 ], [ 32.520619424106137, 0.415021382648475 ], [ 32.520649764245384, 0.414995000610779 ], [ 32.520688019203554, 0.415013468037176 ], [ 32.520711763660351, 0.41501874444471 ], [ 32.52069989143196, 0.415022701750358 ], [ 32.520694614886004, 0.415035892769171 ], [ 32.520684061794093, 0.415038530972931 ], [ 32.520673508702188, 0.415055679297349 ], [ 32.52062601978858, 0.415047764686083 ] ] ] } },
{ "type": "Feature", "properties": { "fid": 57, "class_name": "disturbance", "class_id": null, "dist_to_line": null, "risk_level": null, "area_m2": 20.689965532463248, "perimeter_m": 18.777376514019856, "compactness": 0.73739434374996538, "dist_bin": 2 }, "geometry": { "type": "Polygon", "coordinates": [ [ [ 32.520751337755023, 0.414995000610779 ], [ 32.520752656891503, 0.414963342165427 ], [ 32.520798826668617, 0.414951470248388 ], [ 32.52080542235106, 0.414985766897564 ], [ 32.520751337755023, 0.414995000610779 ] ] ] } },
{ "type": "Feature", "properties": { "fid": 58, "class_name": "disturbance", "class_id": null, "dist_to_line": null, "risk_level": null, "area_m2": 802.46366110509553, "perimeter_m": 146.77090773058995, "compactness": 0.46811793272775043, "dist_bin": 2 }, "geometry": { "type": "Polygon", "coordinates": [ [ [ 32.517841322660765, 0.415182313076516 ], [ 32.517847918343215, 0.415105805168512 ], [ 32.517888811574359, 0.415099209659166 ], [ 32.517924428259562, 0.414993681508892 ], [ 32.517933662214986, 0.414965980369211 ], [ 32.517954768398802, 0.414907939885757 ], [ 32.517965321490706, 0.414893429764827 ], [ 32.518004895585371, 0.414809007242524 ], [ 32.518115703050434, 0.414807688140606 ], [ 32.518105149958522, 0.414840665688493 ], [ 32.518102511685548, 0.414876281440057 ], [ 32.518078767228744, 0.414905301681953 ], [ 32.518053703635459, 0.414950151146493 ], [ 32.518066895000338, 0.414993681508892 ], [ 32.518074809819282, 0.415029297259767 ], [ 32.518068214136839, 0.415056998399225 ], [ 32.518113064777452, 0.415071508519856 ], [ 32.518107788231497, 0.415097890557297 ], [ 32.51815923455456, 0.415112400677852 ], [ 32.51816714937349, 0.415117677085319 ], [ 32.518163191964028, 0.415169122057948 ], [ 32.517841322660765, 0.415182313076516 ] ] ] } },
{ "type": "Feature", "properties": { "fid": 59, "class_name": "disturbance", "class_id": null, "dist_to_line": null, "risk_level": null, "area_m2": 205.82861706236145, "perimeter_m": 85.898624034802737, "compactness": 0.35054453901026073, "dist_bin": 2 }, "geometry": { "type": "Polygon", "coordinates": [ [ [ 32.515168752134493, 0.414951470248388 ], [ 32.515174028680441, 0.415017425342826 ], [ 32.515236028095423, 0.415010829833407 ], [ 32.515300665783364, 0.415017425342826 ], [ 32.515308580602294, 0.414996319712666 ], [ 32.515332325059099, 0.414998957916439 ], [ 32.51537321829025, 0.414995000610779 ], [ 32.51539564361056, 0.415012148935291 ], [ 32.515411473248427, 0.415009510731522 ], [ 32.515404877565985, 0.414975214082449 ], [ 32.515436536841712, 0.414984447795676 ], [ 32.51544840907011, 0.414963342165427 ], [ 32.515428622022775, 0.414944874738914 ], [ 32.515455004752546, 0.414944874738914 ], [ 32.515458962162022, 0.414934321923744 ], [ 32.515168752134493, 0.414951470248388 ] ] ] } },
{ "type": "Feature", "properties": { "fid": 60, "class_name": "structure", "class_id": null, "dist_to_line": null, "risk_level": null, "area_m2": 90.448928512330895, "perimeter_m": 54.481834061907676, "compactness": 0.38292158880550031, "dist_bin": 2 }, "geometry": { "type": "Polygon", "coordinates": [ [ [ 32.514943179794905, 0.414959384859749 ], [ 32.515076412580271, 0.415001596120211 ], [ 32.515123901493872, 0.415004234323983 ], [ 32.515150284223651, 0.415013468037175 ], [ 32.515152922496625, 0.414948832044599 ], [ 32.514943179794905, 0.414959384859749 ] ] ] } },
{ "type": "Feature", "properties": { "fid": 61, "class_name": "structure", "class_id": null, "dist_to_line": null, "risk_level": null, "area_m2": 129.39783336676192, "perimeter_m": 73.278400623753498, "compactness": 0.3028202439073101, "dist_bin": 2 }, "geometry": { "type": "Polygon", "coordinates": [ [ [ 32.515201730546714, 0.415310265955491 ], [ 32.515174028680441, 0.415297074937136 ], [ 32.515205687956168, 0.415257501881938 ], [ 32.515205687956168, 0.415254863678251 ], [ 32.515458962162022, 0.415275969307721 ], [ 32.515487983164782, 0.415293117631625 ], [ 32.515201730546714, 0.415310265955491 ] ] ] } },
{ "type": "Feature", "properties": { "fid": 62, "class_name": "structure", "class_id": null, "dist_to_line": null, "risk_level": null, "area_m2": 40.009143265968305, "perimeter_m": 26.364609523651655, "compactness": 0.72331326313234878, "dist_bin": 2 }, "geometry": { "type": "Polygon", "coordinates": [ [ [ 32.5147215648648, 0.415331371584813 ], [ 32.514746628458084, 0.415275969307721 ], [ 32.514803351327096, 0.415275969307721 ], [ 32.514778287733812, 0.415334009788475 ], [ 32.5147215648648, 0.415331371584813 ] ] ] } },
{ "type": "Feature", "properties": { "fid": 63, "class_name": "structure", "class_id": null, "dist_to_line": null, "risk_level": null, "area_m2": 113.23787089709367, "perimeter_m": 52.458090186325251, "compactness": 0.51710246536255755, "dist_bin": 2 }, "geometry": { "type": "Polygon", "coordinates": [ [ [ 32.514926031020558, 0.415318180566493 ], [ 32.514943179794905, 0.415264097391151 ], [ 32.515065859488359, 0.415254863678251 ], [ 32.51513181631281, 0.41531026595549 ], [ 32.514926031020558, 0.415318180566493 ] ] ] } },
{ "type": "Feature", "properties": { "fid": 64, "class_name": "agricultural_activity", "class_id": null, "dist_to_line": null, "risk_level": null, "area_m2": 1204.953875103849, "perimeter_m": 191.70027495433811, "compactness": 0.41203567051860784, "dist_bin": 2 }, "geometry": { "type": "Polygon", "coordinates": [ [ [ 32.514088379350184, 0.415004234323982 ], [ 32.51406463489338, 0.415140101817019 ], [ 32.514277015868075, 0.41512427259465 ], [ 32.514519736982002, 0.41512691079838 ], [ 32.514766415505406, 0.415108443372248 ], [ 32.51482050010145, 0.414968618572994 ], [ 32.514088379350184, 0.415004234323982 ] ] ] } },
{ "type": "Feature", "properties": { "fid": 65, "class_name": "structure", "class_id": null, "dist_to_line": null, "risk_level": null, "area_m2": 67.820631366979796, "perimeter_m": 49.244669948591486, "compactness": 0.35144165094760577, "dist_bin": 2 }, "geometry": { "type": "Polygon", "coordinates": [ [ [ 32.513591064893909, 0.415390731166981 ], [ 32.513591064893909, 0.415343243501282 ], [ 32.513724297679275, 0.415360391825039 ], [ 32.513786297094242, 0.415381497454228 ], [ 32.513591064893909, 0.415390731166981 ] ] ] } },
{ "type": "Feature", "properties": { "fid": 66, "class_name": "structure", "class_id": null, "dist_to_line": null, "risk_level": null, "area_m2": 81.474697331013886, "perimeter_m": 40.035120637283853, "compactness": 0.6387785685088988, "dist_bin": 2 }, "geometry": { "type": "Polygon", "coordinates": [ [ [ 32.512599074254346, 0.415418432305173 ], [ 32.512600393390827, 0.415370944639641 ], [ 32.512729668766731, 0.415368306435992 ], [ 32.512727030493757, 0.415423708712437 ], [ 32.512599074254346, 0.415418432305173 ] ] ] } },
{ "type": "Feature", "properties": { "fid": 67, "class_name": "structure", "class_id": null, "dist_to_line": null, "risk_level": null, "area_m2": 39.141697936524906, "perimeter_m": 26.553410052584379, "compactness": 0.69760393365588735, "dist_bin": 2 }, "geometry": { "type": "Polygon", "coordinates": [ [ [ 32.512738902722148, 0.415411836796088 ], [ 32.512740221858643, 0.415374901945113 ], [ 32.512819370047971, 0.415368306435992 ], [ 32.512818050911484, 0.415411836796089 ], [ 32.512738902722148, 0.415411836796088 ] ] ] } },
{ "type": "Feature", "properties": { "fid": 68, "class_name": "structure", "class_id": null, "dist_to_line": null, "risk_level": null, "area_m2": 43.007681374543608, "perimeter_m": 26.893423800574844, "compactness": 0.74724617742534771, "dist_bin": 2 }, "geometry": { "type": "Polygon", "coordinates": [ [ [ 32.512828604003388, 0.415417113203357 ], [ 32.512831242276363, 0.415365668232342 ], [ 32.512905113919743, 0.415374901945113 ], [ 32.512901156510274, 0.415418432305173 ], [ 32.512828604003388, 0.415417113203357 ] ] ] } },
{ "type": "Feature", "properties": { "fid": 69, "class_name": "structure", "class_id": null, "dist_to_line": null, "risk_level": null, "area_m2": 42.1509424335527, "perimeter_m": 27.588166012306353, "compactness": 0.69593950814881145, "dist_bin": 2 }, "geometry": { "type": "Polygon", "coordinates": [ [ [ 32.512965794198223, 0.415414474999723 ], [ 32.512972389880666, 0.415372263741465 ], [ 32.51305681461595, 0.415374901945113 ], [ 32.513042304114578, 0.415417113203357 ], [ 32.512965794198223, 0.415414474999723 ] ] ] } },
{ "type": "Feature", "properties": { "fid": 70, "class_name": "structure", "class_id": null, "dist_to_line": null, "risk_level": null, "area_m2": 19.190676142236043, "perimeter_m": 17.711756464748447, "compactness": 0.76873539238393107, "dist_bin": 2 }, "geometry": { "type": "Polygon", "coordinates": [ [ [ 32.513046261524046, 0.415411836796088 ], [ 32.51305681461595, 0.415374901945113 ], [ 32.513099026983596, 0.415380178352406 ], [ 32.513087154755191, 0.41541579410154 ], [ 32.513046261524046, 0.415411836796088 ] ] ] } },
{ "type": "Feature", "properties": { "fid": 71, "class_name": "structure", "class_id": null, "dist_to_line": null, "risk_level": null, "area_m2": 9.0250857107894262, "perimeter_m": 13.578261725506499, "compactness": 0.61513841306035588, "dist_bin": 2 }, "geometry": { "type": "Polygon", "coordinates": [ [ [ 32.512889284281876, 0.41533862664488 ], [ 32.51289192255485, 0.415308946853656 ], [ 32.512903794783256, 0.415308946853656 ], [ 32.512903794783256, 0.415320159219242 ], [ 32.512924900967079, 0.415324776075656 ], [ 32.512921603125854, 0.41533994574671 ], [ 32.512889284281876, 0.41533862664488 ] ] ] } },
{ "type": "Feature", "properties": { "fid": 72, "class_name": "structure", "class_id": null, "dist_to_line": null, "risk_level": null, "area_m2": 5.5714004814931286, "perimeter_m": 9.8425483694824187, "compactness": 0.72270178261039486, "dist_bin": 2 }, "geometry": { "type": "Polygon", "coordinates": [ [ [ 32.512837837958813, 0.415332690686644 ], [ 32.5128391570953, 0.415314223260993 ], [ 32.512866858961559, 0.415316201913743 ], [ 32.512866199393315, 0.415330052482982 ], [ 32.512837837958813, 0.415332690686644 ] ] ] } },
{ "type": "Feature", "properties": { "fid": 73, "class_name": "structure", "class_id": null, "dist_to_line": null, "risk_level": null, "area_m2": 2.318516035869834, "perimeter_m": 6.1784505109602721, "compactness": 0.76323947359215416, "dist_bin": 2 }, "geometry": { "type": "Polygon", "coordinates": [ [ [ 32.512824646593927, 0.415304989548151 ], [ 32.512825306162163, 0.41529047942795 ], [ 32.512838497527056, 0.415288500775193 ], [ 32.512836518822319, 0.415304329997234 ], [ 32.512824646593927, 0.415304989548151 ] ] ] } },
{ "type": "Feature", "properties": { "fid": 74, "class_name": "disturbance", "class_id": null, "dist_to_line": null, "risk_level": null, "area_m2": 1135.205645642327, "perimeter_m": 166.93310572381253, "compactness": 0.51191689108292471, "dist_bin": 2 }, "geometry": { "type": "Polygon", "coordinates": [ [ [ 32.50929727562292, 0.41493959833133 ], [ 32.509318381806729, 0.414900025274344 ], [ 32.509368508993312, 0.414915854497162 ], [ 32.509368508993312, 0.41485781401334 ], [ 32.509431827544766, 0.41482615556744 ], [ 32.509463486820508, 0.414762838675259 ], [ 32.509468763366456, 0.414694245374824 ], [ 32.509497784369216, 0.414678416151563 ], [ 32.509513614007076, 0.414673139743802 ], [ 32.509505699188146, 0.414641481297163 ], [ 32.509666633839778, 0.414805049936769 ], [ 32.509634974564044, 0.414852537605699 ], [ 32.509587485650449, 0.414871005032428 ], [ 32.509611230107247, 0.414979171388119 ], [ 32.509558464647696, 0.414976533184339 ], [ 32.509571656012582, 0.415010829833407 ], [ 32.509587485650449, 0.415047764686083 ], [ 32.509590123923424, 0.415137463613293 ], [ 32.509481954731349, 0.415150654631915 ], [ 32.50929727562292, 0.41493959833133 ] ] ] } },
{ "type": "Feature", "properties": { "fid": 75, "class_name": "structure", "class_id": null, "dist_to_line": null, "risk_level": null, "area_m2": 23.945516463636523, "perimeter_m": 19.802555582500528, "compactness": 0.7673466307645781, "dist_bin": 2 }, "geometry": { "type": "Polygon", "coordinates": [ [ [ 32.509463486820508, 0.414636204889377 ], [ 32.509476678185393, 0.414681054355442 ], [ 32.509513614007076, 0.414678416151563 ], [ 32.509505699188146, 0.41463884309327 ], [ 32.509503060915165, 0.414625652073795 ], [ 32.509463486820508, 0.414636204889377 ] ] ] } },
{ "type": "Feature", "properties": { "fid": 76, "class_name": "disturbance", "class_id": null, "dist_to_line": null, "risk_level": null, "area_m2": 2928.8063399581879, "perimeter_m": 365.26027886129145, "compactness": 0.27586437996218083, "dist_bin": 2 }, "geometry": { "type": "Polygon", "coordinates": [ [ [ 32.509297275622913, 0.414931683719949 ], [ 32.509318381806729, 0.414897387070538 ], [ 32.509302552168876, 0.414865728624796 ], [ 32.509297275622913, 0.414820879159777 ], [ 32.509326296625659, 0.41476547687911 ], [ 32.509323658352685, 0.414731180228978 ], [ 32.509268254620167, 0.414744371248277 ], [ 32.509244510163363, 0.414688968967074 ], [ 32.509289360803983, 0.414686330763198 ], [ 32.509289360803983, 0.414630928481588 ], [ 32.509231318798477, 0.414623013869898 ], [ 32.509241871890389, 0.414567611587846 ], [ 32.509307828714824, 0.414564973383929 ], [ 32.509344764536515, 0.414546505956485 ], [ 32.509307828714824, 0.41451484750934 ], [ 32.509247148436344, 0.414506932897534 ], [ 32.509228680525503, 0.414448892410714 ], [ 32.509228680525503, 0.414448892410714 ], [ 32.509138979244263, 0.414462083430483 ], [ 32.509136340971281, 0.414417233963178 ], [ 32.509226042252521, 0.414388213719492 ], [ 32.509273531166116, 0.4143750226996 ], [ 32.509273531166116, 0.4143750226996 ], [ 32.509228680525503, 0.414295876579786 ], [ 32.509226042252521, 0.414295876579785 ], [ 32.509080937238757, 0.414322258619812 ], [ 32.509030810052181, 0.41428268555974 ], [ 32.509030810052181, 0.414248388907517 ], [ 32.509014980414314, 0.414200901234965 ], [ 32.509004427322409, 0.414163966378338 ], [ 32.508946385316904, 0.414142860745903 ], [ 32.508933193952004, 0.414111202297144 ], [ 32.508925279133074, 0.414098011276791 ], [ 32.508925279133074, 0.4140742674401 ], [ 32.508946385316904, 0.414061076419685 ], [ 32.508954300135834, 0.414039970786975 ], [ 32.508927917406048, 0.414010950541908 ], [ 32.508930555679029, 0.413976653888511 ], [ 32.508832939578866, 0.413860572906679 ], [ 32.508777535846335, 0.413871125723279 ], [ 32.508751153116556, 0.413881678539865 ], [ 32.5087458765706, 0.413960824663815 ], [ 32.5087458765706, 0.414021503358309 ], [ 32.508751153116556, 0.414090096664568 ], [ 32.508756429662512, 0.414142860745902 ], [ 32.508777535846335, 0.414219368663213 ], [ 32.5087458765706, 0.414295876579786 ], [ 32.509297275622913, 0.414931683719949 ] ] ] } },
{ "type": "Feature", "properties": { "fid": 77, "class_name": "disturbance", "class_id": null, "dist_to_line": null, "risk_level": null, "area_m2": 940.38629338079772, "perimeter_m": 142.32261858479171, "compactness": 0.58340252311927554, "dist_bin": 2 }, "geometry": { "type": "Polygon", "coordinates": [ [ [ 32.508574388827064, 0.414103287684935 ], [ 32.508608686375773, 0.414100649480863 ], [ 32.508635069105544, 0.414082182052338 ], [ 32.508642983924474, 0.414058438215599 ], [ 32.508666728381272, 0.41406371462377 ], [ 32.508672004927227, 0.414026779766504 ], [ 32.508703664202962, 0.414034694378789 ], [ 32.508682558019146, 0.413950271847334 ], [ 32.508682558019146, 0.413818361640137 ], [ 32.508608686375773, 0.413797256006781 ], [ 32.508606048102799, 0.41377878857755 ], [ 32.508661451835316, 0.413770873965008 ], [ 32.50866409010829, 0.413723386289596 ], [ 32.508555920916223, 0.413733939106379 ], [ 32.508518985094533, 0.413744491923147 ], [ 32.508503155456665, 0.413726024493793 ], [ 32.508463581362008, 0.413736577310572 ], [ 32.508450389997122, 0.413770873965009 ], [ 32.508450389997122, 0.413770873965009 ], [ 32.508460943089027, 0.413813085231803 ], [ 32.508413454175432, 0.413831552660955 ], [ 32.508405539356502, 0.413910698785405 ], [ 32.508574388827064, 0.414103287684935 ] ] ] } },
{ "type": "Feature", "properties": { "fid": 78, "class_name": "structure", "class_id": null, "dist_to_line": null, "risk_level": null, "area_m2": 56.372633097518701, "perimeter_m": 30.469249479743947, "compactness": 0.76305294194448614, "dist_bin": 2 }, "geometry": { "type": "Polygon", "coordinates": [ [ [ 32.508305284983351, 0.4132511477242 ], [ 32.508276263980598, 0.413266976950311 ], [ 32.508307923256325, 0.413340846671744 ], [ 32.508342220805041, 0.413340846671744 ], [ 32.508368603534812, 0.41331182642412 ], [ 32.508305284983351, 0.4132511477242 ] ] ] } },
{ "type": "Feature", "properties": { "fid": 79, "class_name": "structure", "class_id": null, "dist_to_line": null, "risk_level": null, "area_m2": 100.83677400386659, "perimeter_m": 50.875753565807173, "compactness": 0.48956132009814651, "dist_bin": 2 }, "geometry": { "type": "Polygon", "coordinates": [ [ [ 32.508439836905211, 0.413401525370978 ], [ 32.508408177629477, 0.413406801779585 ], [ 32.50848204927285, 0.41354398840214 ], [ 32.508563835735153, 0.41354398840214 ], [ 32.508439836905211, 0.413401525370978 ] ] ] } },
{ "type": "Feature", "properties": { "fid": 80, "class_name": "structure", "class_id": null, "dist_to_line": null, "risk_level": null, "area_m2": 62.840931828362955, "perimeter_m": 37.840253731191552, "compactness": 0.55149858267976892, "dist_bin": 2 }, "geometry": { "type": "Polygon", "coordinates": [ [ [ 32.507999245317954, 0.413438460231154 ], [ 32.5080282663207, 0.413417354596789 ], [ 32.508112691055992, 0.413512329950991 ], [ 32.508088946599194, 0.413536073789364 ], [ 32.508083670053239, 0.41354398840214 ], [ 32.507999245317954, 0.413438460231154 ] ] ] } },
{ "type": "Feature", "properties": { "fid": 81, "class_name": "agricultural_activity", "class_id": null, "dist_to_line": null, "risk_level": null, "area_m2": 1576.9777708486072, "perimeter_m": 173.13822914983214, "compactness": 0.66107311153399617, "dist_bin": 2 }, "geometry": { "type": "Polygon", "coordinates": [ [ [ 32.507450484538623, 0.412802652971296 ], [ 32.50757975991452, 0.412781547335242 ], [ 32.507500611725199, 0.412317223327884 ], [ 32.507091679413676, 0.412396369467418 ], [ 32.507450484538623, 0.412802652971296 ] ] ] } },
{ "type": "Feature", "properties": { "fid": 82, "class_name": "structure", "class_id": null, "dist_to_line": null, "risk_level": null, "area_m2": 85.758399872865994, "perimeter_m": 43.18702079725756, "compactness": 0.57780333141348261, "dist_bin": 2 }, "geometry": { "type": "Polygon", "coordinates": [ [ [ 32.506835766934849, 0.411538952913926 ], [ 32.506817299024014, 0.411570611372925 ], [ 32.5068304903889, 0.411626013675872 ], [ 32.506888532394399, 0.411662948544289 ], [ 32.506933383035019, 0.411668224954049 ], [ 32.506946574399905, 0.41166558674917 ], [ 32.506835766934849, 0.411538952913926 ] ] ] } },
{ "type": "Feature", "properties": { "fid": 83, "class_name": "structure", "class_id": null, "dist_to_line": null, "risk_level": null, "area_m2": 47.805465034427471, "perimeter_m": 28.819601840689934, "compactness": 0.72328833046931329, "dist_bin": 2 }, "geometry": { "type": "Polygon", "coordinates": [ [ [ 32.501778197636852, 0.403927728105522 ], [ 32.501749176634092, 0.403946195557412 ], [ 32.501709602539435, 0.403880240371897 ], [ 32.501775559363878, 0.4038512200901 ], [ 32.501778197636852, 0.403927728105522 ] ] ] } },
{ "type": "Feature", "properties": { "fid": 84, "class_name": "structure", "class_id": null, "dist_to_line": null, "risk_level": null, "area_m2": 55.344693136241403, "perimeter_m": 30.471164360339838, "compactness": 0.7490447222439236, "dist_bin": 2 }, "geometry": { "type": "Polygon", "coordinates": [ [ [ 32.501775559363878, 0.403798455941115 ], [ 32.501725432177295, 0.403809008770939 ], [ 32.501706964266454, 0.403740415376835 ], [ 32.501765006271953, 0.40371139509454 ], [ 32.501775559363878, 0.403798455941115 ] ] ] } },
{ "type": "Feature", "properties": { "fid": 85, "class_name": "agricultural_activity", "class_id": null, "dist_to_line": null, "risk_level": null, "area_m2": 1042.7249658211949, "perimeter_m": 135.88871599975369, "compactness": 0.70959875661677496, "dist_bin": 2 }, "geometry": { "type": "Polygon", "coordinates": [ [ [ 32.501408839419994, 0.403745691791787 ], [ 32.501393009782127, 0.40353463519105 ], [ 32.501749176634092, 0.403381619152092 ], [ 32.501759729726011, 0.403640163492103 ], [ 32.501408839419994, 0.403745691791787 ] ] ] } },
{ "type": "Feature", "properties": { "fid": 86, "class_name": "structure", "class_id": null, "dist_to_line": null, "risk_level": null, "area_m2": 22.189287813482224, "perimeter_m": 19.334113835579757, "compactness": 0.74594135440196008, "dist_bin": 2 }, "geometry": { "type": "Polygon", "coordinates": [ [ [ 32.501759729726011, 0.403655992737143 ], [ 32.501728070450277, 0.403671821982152 ], [ 32.501722793904321, 0.40371139509454 ], [ 32.501770282817922, 0.403706118679566 ], [ 32.501759729726011, 0.403655992737143 ] ] ] } },
{ "type": "Feature", "properties": { "fid": 87, "class_name": "agricultural_activity", "class_id": null, "dist_to_line": null, "risk_level": null, "area_m2": 675.44518113014055, "perimeter_m": 135.52360337412316, "compactness": 0.46213630842464004, "dist_bin": 2 }, "geometry": { "type": "Polygon", "coordinates": [ [ [ 32.501432583876792, 0.404027979986707 ], [ 32.501416754238925, 0.403777350281425 ], [ 32.501458966606563, 0.403758882829151 ], [ 32.501509093793139, 0.403877602164465 ], [ 32.501601433347354, 0.403864411127294 ], [ 32.501590880255442, 0.403940919142591 ], [ 32.501706964266454, 0.403890793201615 ], [ 32.501759729726011, 0.404051723853123 ], [ 32.501601433347354, 0.404054362060498 ], [ 32.501432583876792, 0.404027979986707 ] ] ] } },
{ "type": "Feature", "properties": { "fid": 88, "class_name": "disturbance", "class_id": null, "dist_to_line": null, "risk_level": null, "area_m2": 827.12944559557764, "perimeter_m": 144.57042507921852, "compactness": 0.4973068369634171, "dist_bin": 2 }, "geometry": { "type": "Polygon", "coordinates": [ [ [ 32.501551306160778, 0.402083620912909 ], [ 32.501561859252689, 0.40204140958459 ], [ 32.501458966606563, 0.402028218544445 ], [ 32.50142994560381, 0.402083620912909 ], [ 32.501393009782127, 0.402083620912909 ], [ 32.501332329503647, 0.401856735020625 ], [ 32.501464243152519, 0.401862011436797 ], [ 32.501530199976962, 0.401867287852964 ], [ 32.501577688890549, 0.401872564269129 ], [ 32.501575050617575, 0.401806609066829 ], [ 32.501656837079885, 0.40178550340198 ], [ 32.501672666717745, 0.402088897328933 ], [ 32.501551306160778, 0.402083620912909 ] ] ] } },
{ "type": "Feature", "properties": { "fid": 89, "class_name": "structure", "class_id": null, "dist_to_line": null, "risk_level": null, "area_m2": 212.16905090102955, "perimeter_m": 63.353371905028403, "compactness": 0.66428191414835314, "dist_bin": 2 }, "geometry": { "type": "Polygon", "coordinates": [ [ [ 32.501575050617575, 0.401798694442517 ], [ 32.501553944433759, 0.401598190624062 ], [ 32.501643645714999, 0.401584999583202 ], [ 32.501656837079885, 0.40178022698576 ], [ 32.501575050617575, 0.401798694442517 ] ] ] } },
{ "type": "Feature", "properties": { "fid": 90, "class_name": "agricultural_activity", "class_id": null, "dist_to_line": null, "risk_level": null, "area_m2": 1854.3911038646474, "perimeter_m": 173.38242080093974, "compactness": 0.77517734987877485, "dist_bin": 2 }, "geometry": { "type": "Polygon", "coordinates": [ [ [ 32.501284840590046, 0.401637763746516 ], [ 32.501635730896069, 0.401553341085051 ], [ 32.501617262985221, 0.401165524472748 ], [ 32.5012558195873, 0.401186630139197 ], [ 32.501284840590046, 0.401637763746516 ] ] ] } },
{ "type": "Feature", "properties": { "fid": 91, "class_name": "structure", "class_id": null, "dist_to_line": null, "risk_level": null, "area_m2": 19.661945467356418, "perimeter_m": 17.941174725251003, "compactness": 0.76759935269406787, "dist_bin": 2 }, "geometry": { "type": "Polygon", "coordinates": [ [ [ 32.501493264155279, 0.401079782702241 ], [ 32.501486668472822, 0.401032294952035 ], [ 32.501523604294519, 0.401034933160386 ], [ 32.501527561703988, 0.401077144493903 ], [ 32.501493264155279, 0.401079782702241 ] ] ] } },
{ "type": "Feature", "properties": { "fid": 92, "class_name": "structure", "class_id": null, "dist_to_line": null, "risk_level": null, "area_m2": 63.483715950802434, "perimeter_m": 41.033177491108802, "compactness": 0.47380747300925485, "dist_bin": 2 }, "geometry": { "type": "Polygon", "coordinates": [ [ [ 32.501006502790915, 0.397007707124342 ], [ 32.501059268250472, 0.39688371127019 ], [ 32.500990673153055, 0.396849414544245 ], [ 32.501006502790915, 0.397007707124342 ] ] ] } },
{ "type": "Feature", "properties": { "fid": 93, "class_name": "structure", "class_id": null, "dist_to_line": null, "risk_level": null, "area_m2": 113.47393550445304, "perimeter_m": 49.464135698520693, "compactness": 0.58280749939238619, "dist_bin": 2 }, "geometry": { "type": "Polygon", "coordinates": [ [ [ 32.500993311426029, 0.396714865848782 ], [ 32.501003864517941, 0.396743886155831 ], [ 32.501069821342384, 0.396749162575284 ], [ 32.501046076885586, 0.396699036590348 ], [ 32.501046076885586, 0.396672654492891 ], [ 32.501077736161321, 0.396640995975832 ], [ 32.501019694155801, 0.396582955360909 ], [ 32.500990673153055, 0.396627804927022 ], [ 32.500993311426029, 0.396714865848782 ] ] ] } },
{ "type": "Feature", "properties": { "fid": 94, "class_name": "structure", "class_id": null, "dist_to_line": null, "risk_level": null, "area_m2": 160.46581096580485, "perimeter_m": 72.010266638358175, "compactness": 0.38886919519843793, "dist_bin": 2 }, "geometry": { "type": "Polygon", "coordinates": [ [ [ 32.500568549476647, 0.392105912160666 ], [ 32.50053689020092, 0.392121741427835 ], [ 32.500447188919672, 0.391857920304446 ], [ 32.500502592652211, 0.391836814614215 ], [ 32.500568549476647, 0.392105912160666 ] ] ] } },
{ "type": "Feature", "properties": { "fid": 95, "class_name": "disturbance", "class_id": null, "dist_to_line": null, "risk_level": null, "area_m2": 2059.9704545331078, "perimeter_m": 203.88566719696666, "compactness": 0.62272666437719992, "dist_bin": 2 }, "geometry": { "type": "Polygon", "coordinates": [ [ [ 32.49908320179027, 0.387169817561444 ], [ 32.499318008085275, 0.387217305390685 ], [ 32.499328561177187, 0.387159264710466 ], [ 32.499362858725888, 0.387143435433973 ], [ 32.499347029088028, 0.387069565476618 ], [ 32.499320646358257, 0.386985142667424 ], [ 32.499278433990611, 0.386913910921513 ], [ 32.499270519171681, 0.386824211685071 ], [ 32.499259966079762, 0.386763532789293 ], [ 32.499270519171681, 0.386718683170395 ], [ 32.499273157444662, 0.38655775218299 ], [ 32.499125414157916, 0.386539284692437 ], [ 32.498988223963075, 0.386568305034716 ], [ 32.49908320179027, 0.387169817561444 ] ] ] } },
{ "type": "Feature", "properties": { "fid": 96, "class_name": "structure", "class_id": null, "dist_to_line": null, "risk_level": null, "area_m2": 142.51748407850391, "perimeter_m": 73.720494757330044, "compactness": 0.32953498530471492, "dist_bin": 2 }, "geometry": { "type": "Polygon", "coordinates": [ [ [ 32.498682184297678, 0.385375832706713 ], [ 32.498716481846387, 0.385373194493413 ], [ 32.498658439840874, 0.385085629238782 ], [ 32.498613589200261, 0.38509090566556 ], [ 32.498682184297678, 0.385375832706713 ] ] ] } },
{ "type": "Feature", "properties": { "fid": 97, "class_name": "structure", "class_id": null, "dist_to_line": null, "risk_level": null, "area_m2": 24.031370284115837, "perimeter_m": 19.820244224706126, "compactness": 0.76872392207766616, "dist_bin": 2 }, "geometry": { "type": "Polygon", "coordinates": [ [ [ 32.498133423518347, 0.382935485055484 ], [ 32.498167721067055, 0.38292757041332 ], [ 32.498167721067055, 0.382882720774255 ], [ 32.498122870426435, 0.382882720774255 ], [ 32.498133423518347, 0.382935485055484 ] ] ] } },
{ "type": "Feature", "properties": { "fid": 98, "class_name": "structure", "class_id": null, "dist_to_line": null, "risk_level": null, "area_m2": 50.975629450094857, "perimeter_m": 29.572426348175235, "compactness": 0.73248467617920543, "dist_bin": 2 }, "geometry": { "type": "Polygon", "coordinates": [ [ [ 32.498331293991662, 0.382790383281324 ], [ 32.498326017445706, 0.382705960429774 ], [ 32.498370868086319, 0.382698045787398 ], [ 32.498384059451219, 0.382779830424926 ], [ 32.498331293991662, 0.382790383281324 ] ] ] } },
{ "type": "Feature", "properties": { "fid": 99, "class_name": "structure", "class_id": null, "dist_to_line": null, "risk_level": null, "area_m2": 69.566752563696355, "perimeter_m": 41.404282859990943, "compactness": 0.50994232633176906, "dist_bin": 2 }, "geometry": { "type": "Polygon", "coordinates": [ [ [ 32.498457931094585, 0.382740257213316 ], [ 32.498415718726953, 0.382750810069763 ], [ 32.49839461254313, 0.382603070078324 ], [ 32.498426271818857, 0.382595155435853 ], [ 32.498457931094585, 0.382740257213316 ] ] ] } },
{ "type": "Feature", "properties": { "fid": 100, "class_name": "structure", "class_id": null, "dist_to_line": null, "risk_level": null, "area_m2": 27.383332119277839, "perimeter_m": 21.584306848448676, "compactness": 0.73861809838055648, "dist_bin": 2 }, "geometry": { "type": "Polygon", "coordinates": [ [ [ 32.497901255496316, 0.381926368120751 ], [ 32.497915765997682, 0.381984408836551 ], [ 32.497915765997682, 0.381984408836551 ], [ 32.497943467863962, 0.381979132407859 ], [ 32.497946106136936, 0.381951431157168 ], [ 32.497926319089608, 0.381907900620187 ], [ 32.497901255496316, 0.381926368120751 ] ] ] } },
{ "type": "Feature", "properties": { "fid": 101, "class_name": "structure", "class_id": null, "dist_to_line": null, "risk_level": null, "area_m2": 12.294125377316959, "perimeter_m": 18.72009749304998, "compactness": 0.44085045103732823, "dist_bin": 2 }, "geometry": { "type": "Polygon", "coordinates": [ [ [ 32.498250826665846, 0.381831392403142 ], [ 32.498232358754997, 0.381827435081552 ], [ 32.49825346493882, 0.381897347762705 ], [ 32.498265337167219, 0.381894709548332 ], [ 32.498250826665846, 0.381831392403142 ] ] ] } },
{ "type": "Feature", "properties": { "fid": 102, "class_name": "structure", "class_id": null, "dist_to_line": null, "risk_level": null, "area_m2": 23.90288876521663, "perimeter_m": 19.724117199783848, "compactness": 0.77208498314220064, "dist_bin": 2 }, "geometry": { "type": "Polygon", "coordinates": [ [ [ 32.497695470204064, 0.379541422005998 ], [ 32.497682278839179, 0.379499210564404 ], [ 32.497727129479799, 0.37949393413419 ], [ 32.497737682571703, 0.379538783790905 ], [ 32.497695470204064, 0.379541422005998 ] ] ] } },
{ "type": "Feature", "properties": { "fid": 103, "class_name": "structure", "class_id": null, "dist_to_line": null, "risk_level": null, "area_m2": 25.102300178761652, "perimeter_m": 22.545677247581679, "compactness": 0.62057862317731605, "dist_bin": 2 }, "geometry": { "type": "Polygon", "coordinates": [ [ [ 32.497713938114913, 0.379456999122604 ], [ 32.497682278839179, 0.379459637337722 ], [ 32.497674364020234, 0.379383129098958 ], [ 32.49770074675002, 0.379391043744379 ], [ 32.497713938114913, 0.379456999122604 ] ] ] } },
{ "type": "Feature", "properties": { "fid": 104, "class_name": "structure", "class_id": null, "dist_to_line": null, "risk_level": null, "area_m2": 49.005181174143218, "perimeter_m": 37.382938802141943, "compactness": 0.44066137333220373, "dist_bin": 2 }, "geometry": { "type": "Polygon", "coordinates": [ [ [ 32.497397345357591, 0.379697076695096 ], [ 32.497436919452262, 0.379691800265003 ], [ 32.497447472544174, 0.379834263876385 ], [ 32.497429004633332, 0.379828987446375 ], [ 32.497397345357591, 0.379697076695096 ] ] ] } },
{ "type": "Feature", "properties": { "fid": 105, "class_name": "structure", "class_id": null, "dist_to_line": null, "risk_level": null, "area_m2": 61.170784965943312, "perimeter_m": 38.404402647524165, "compactness": 0.52118497704475719, "dist_bin": 2 }, "geometry": { "type": "Polygon", "coordinates": [ [ [ 32.497312920622321, 0.379298706214019 ], [ 32.497376239173775, 0.37925385655606 ], [ 32.497281261346579, 0.379164157239445 ], [ 32.497312920622321, 0.379298706214019 ] ] ] } },
{ "type": "Feature", "properties": { "fid": 106, "class_name": "structure", "class_id": null, "dist_to_line": null, "risk_level": null, "area_m2": 162.56529827351915, "perimeter_m": 74.153516674979898, "compactness": 0.37151316264894457, "dist_bin": 2 }, "geometry": { "type": "Polygon", "coordinates": [ [ [ 32.497062284689449, 0.378190655772929 ], [ 32.497104497057101, 0.378180102910904 ], [ 32.497038540232658, 0.377895175631399 ], [ 32.496993689592038, 0.377913643140539 ], [ 32.497062284689449, 0.378190655772929 ] ] ] } },
{ "type": "Feature", "properties": { "fid": 107, "class_name": "agricultural_activity", "class_id": null, "dist_to_line": null, "risk_level": null, "area_m2": 1612.7601397613762, "perimeter_m": 162.53127446901905, "compactness": 0.76719499938997571, "dist_bin": 2 }, "geometry": { "type": "Polygon", "coordinates": [ [ [ 32.496542544912877, 0.375876940467766 ], [ 32.496505609091173, 0.375716009277745 ], [ 32.496864414216127, 0.375689627115164 ], [ 32.496951477224393, 0.376064253816351 ], [ 32.496579480734553, 0.376056339167901 ], [ 32.496542544912877, 0.375876940467766 ] ] ] } },
{ "type": "Feature", "properties": { "fid": 108, "class_name": "disturbance", "class_id": null, "dist_to_line": null, "risk_level": null, "area_m2": 410.67596043801677, "perimeter_m": 87.752027486083506, "compactness": 0.67018519014240507, "dist_bin": 2 }, "geometry": { "type": "Polygon", "coordinates": [ [ [ 32.496117782963474, 0.373518374862197 ], [ 32.496101953325606, 0.373568500983454 ], [ 32.496154718785164, 0.373710964694938 ], [ 32.496159995331119, 0.37378483476665 ], [ 32.496231228701518, 0.373766367248781 ], [ 32.496260249704271, 0.373729432212925 ], [ 32.496268164523201, 0.373687220743185 ], [ 32.496299823798935, 0.373676667875718 ], [ 32.49628135588808, 0.373584330284844 ], [ 32.496241781793422, 0.373592244935528 ], [ 32.496223313882574, 0.373518374862197 ], [ 32.496117782963474, 0.373518374862197 ] ] ] } },
{ "type": "Feature", "properties": { "fid": 109, "class_name": "disturbance", "class_id": null, "dist_to_line": null, "risk_level": null, "area_m2": 463.32238899910953, "perimeter_m": 102.80465437356239, "compactness": 0.5508934342906644, "dist_bin": 2 }, "geometry": { "type": "Polygon", "coordinates": [ [ [ 32.496012252044366, 0.373473525174514 ], [ 32.49600697549841, 0.373420760835771 ], [ 32.496080847141791, 0.373391740449327 ], [ 32.496094038506676, 0.37339437866628 ], [ 32.496086123687746, 0.37333106145918 ], [ 32.496091400233702, 0.373296764638477 ], [ 32.496070294049886, 0.373267744251625 ], [ 32.496080847141791, 0.373233447430675 ], [ 32.496101953325606, 0.373212341694639 ], [ 32.496120421236448, 0.373236085647676 ], [ 32.496133612601341, 0.373259829600648 ], [ 32.496154718785164, 0.373270382468615 ], [ 32.496196931152802, 0.373267744251624 ], [ 32.496236505247467, 0.373275658902594 ], [ 32.496260249704271, 0.373299402855459 ], [ 32.496278717615105, 0.373325785025235 ], [ 32.496249696612352, 0.373354805411896 ], [ 32.496225952155555, 0.373391740449327 ], [ 32.496220675609599, 0.373423399052715 ], [ 32.496194292879828, 0.373468248740654 ], [ 32.496012252044366, 0.373473525174514 ] ] ] } },
{ "type": "Feature", "properties": { "fid": 110, "class_name": "disturbance", "class_id": null, "dist_to_line": null, "risk_level": null, "area_m2": 89.785850818399922, "perimeter_m": 45.073851329454271, "compactness": 0.55535211561671372, "dist_bin": 2 }, "geometry": { "type": "Polygon", "coordinates": [ [ [ 32.496159995331126, 0.372544872766404 ], [ 32.496120421236462, 0.372558063852432 ], [ 32.496125697782418, 0.372608189979159 ], [ 32.496115144690506, 0.372618742847908 ], [ 32.496146803966241, 0.37266886897429 ], [ 32.496162633604101, 0.37270316579744 ], [ 32.496199569425784, 0.372705804014599 ], [ 32.496159995331126, 0.372544872766404 ] ] ] } },
{ "type": "Feature", "properties": { "fid": 111, "class_name": "structure", "class_id": null, "dist_to_line": null, "risk_level": null, "area_m2": 234.98119135692832, "perimeter_m": 85.198527837016272, "compactness": 0.40679797673787299, "dist_bin": 2 }, "geometry": { "type": "Polygon", "coordinates": [ [ [ 32.495641574691035, 0.370254899933234 ], [ 32.495590128367965, 0.37026149547796 ], [ 32.49565212778294, 0.37058863449018 ], [ 32.495714127197907, 0.370564890530022 ], [ 32.495641574691035, 0.370254899933234 ] ] ] } },
{ "type": "Feature", "properties": { "fid": 112, "class_name": "structure", "class_id": null, "dist_to_line": null, "risk_level": null, "area_m2": 78.787568928889414, "perimeter_m": 39.427683251433606, "compactness": 0.63689090381528091, "dist_bin": 2 }, "geometry": { "type": "Polygon", "coordinates": [ [ [ 32.495627064189655, 0.370187625376755 ], [ 32.495561107365212, 0.370182348940931 ], [ 32.495559788228725, 0.370059671807141 ], [ 32.495598043186909, 0.37006231002509 ], [ 32.495627064189655, 0.370187625376755 ] ] ] } },
{ "type": "Feature", "properties": { "fid": 113, "class_name": "structure", "class_id": null, "dist_to_line": null, "risk_level": null, "area_m2": 72.768989472606336, "perimeter_m": 45.519289240028705, "compactness": 0.44133184289548638, "dist_bin": 2 }, "geometry": { "type": "Polygon", "coordinates": [ [ [ 32.495599362323389, 0.370063629134064 ], [ 32.495555830819264, 0.370060990916116 ], [ 32.495533405498954, 0.369893464074784 ], [ 32.495562426501699, 0.36989874051078 ], [ 32.495599362323389, 0.370063629134064 ] ] ] } },
{ "type": "Feature", "properties": { "fid": 114, "class_name": "structure", "class_id": null, "dist_to_line": null, "risk_level": null, "area_m2": 155.2836295768775, "perimeter_m": 59.015700012614573, "compactness": 0.56027392622638916, "dist_bin": 2 }, "geometry": { "type": "Polygon", "coordinates": [ [ [ 32.489134274391873, 0.362671339384074 ], [ 32.488991807651097, 0.362655510063313 ], [ 32.488994445924071, 0.362631766082119 ], [ 32.488944318737495, 0.362613298541147 ], [ 32.488941680464514, 0.362547343037369 ], [ 32.489012913834905, 0.362547343037369 ], [ 32.489134274391873, 0.362671339384074 ] ] ] } },
{ "type": "Feature", "properties": { "fid": 115, "class_name": "structure", "class_id": null, "dist_to_line": null, "risk_level": null, "area_m2": 104.82176377778524, "perimeter_m": 48.16501214603602, "compactness": 0.56780338699630228, "dist_bin": 2 }, "geometry": { "type": "Polygon", "coordinates": [ [ [ 32.488509003696201, 0.362048719413271 ], [ 32.48840083450412, 0.362061910514791 ], [ 32.488398196231145, 0.362009146108597 ], [ 32.488361260409455, 0.362009146108597 ], [ 32.488350707317537, 0.361980125685059 ], [ 32.488419302414961, 0.361953743481762 ], [ 32.488509003696201, 0.362048719413271 ] ] ] } },
{ "type": "Feature", "properties": { "fid": 116, "class_name": "structure", "class_id": null, "dist_to_line": null, "risk_level": null, "area_m2": 108.33446053857915, "perimeter_m": 43.139960310378378, "compactness": 0.73150450765379738, "dist_bin": 2 }, "geometry": { "type": "Polygon", "coordinates": [ [ [ 32.488176581301026, 0.361718941869039 ], [ 32.488089518292767, 0.361779620938078 ], [ 32.488168666482089, 0.361829747125239 ], [ 32.488247814671425, 0.361787535599227 ], [ 32.488176581301026, 0.361718941869039 ] ] ] } },
{ "type": "Feature", "properties": { "fid": 117, "class_name": "structure", "class_id": null, "dist_to_line": null, "risk_level": null, "area_m2": 151.85668610612629, "perimeter_m": 49.473892802520936, "compactness": 0.77963551565270461, "dist_bin": 2 }, "geometry": { "type": "Polygon", "coordinates": [ [ [ 32.488179219574, 0.361718941869039 ], [ 32.488092156565742, 0.361779620938078 ], [ 32.488018284922376, 0.361700474326208 ], [ 32.488094794838723, 0.361626604154506 ], [ 32.488179219574, 0.361718941869039 ] ] ] } },
{ "type": "Feature", "properties": { "fid": 118, "class_name": "structure", "class_id": null, "dist_to_line": null, "risk_level": null, "area_m2": 98.353479519893881, "perimeter_m": 39.966970947717535, "compactness": 0.77374369527798992, "dist_bin": 2 }, "geometry": { "type": "Polygon", "coordinates": [ [ [ 32.487907477457313, 0.361447205163586 ], [ 32.487846797178833, 0.361521075336747 ], [ 32.487912754003268, 0.36158439262755 ], [ 32.487962881189844, 0.361510522454904 ], [ 32.487907477457313, 0.361447205163586 ] ] ] } },
{ "type": "Feature", "properties": { "fid": 119, "class_name": "disturbance", "class_id": null, "dist_to_line": null, "risk_level": null, "area_m2": 886.4662049112394, "perimeter_m": 166.7733534773451, "compactness": 0.4005149431927793, "dist_bin": 2 }, "geometry": { "type": "Polygon", "coordinates": [ [ [ 32.487712245256979, 0.36175851517498 ], [ 32.487733351440795, 0.361740047632229 ], [ 32.487730713167821, 0.36171102720783 ], [ 32.487796669992257, 0.36171102720783 ], [ 32.48780986135715, 0.361660901020014 ], [ 32.487770287262478, 0.361621327713648 ], [ 32.487738627986751, 0.361597583729745 ], [ 32.487683224254226, 0.361616051272786 ], [ 32.487677947708271, 0.361576477966223 ], [ 32.487619905702765, 0.361523713557206 ], [ 32.487630458794669, 0.361447205163586 ], [ 32.487609352610853, 0.361426099399716 ], [ 32.487598799518942, 0.36141027007678 ], [ 32.487625182248713, 0.361394440753817 ], [ 32.487641011886581, 0.361378611430827 ], [ 32.487625182248713, 0.36135486744629 ], [ 32.487609352610853, 0.361344314564254 ], [ 32.487585608154049, 0.361339038123231 ], [ 32.487572416789163, 0.361362782107809 ], [ 32.487530204421525, 0.361336399902718 ], [ 32.487503821691746, 0.361304741256507 ], [ 32.487440503140292, 0.361267806169122 ], [ 32.487435226594336, 0.361299464815462 ], [ 32.487408843864557, 0.361402355415303 ], [ 32.487432588321354, 0.3614788638093 ], [ 32.487712245256979, 0.36175851517498 ] ] ] } },
{ "type": "Feature", "properties": { "fid": 120, "class_name": "structure", "class_id": null, "dist_to_line": null, "risk_level": null, "area_m2": 52.77501202197891, "perimeter_m": 30.941306043321546, "compactness": 0.69272509675728389, "dist_bin": 2 }, "geometry": { "type": "Polygon", "coordinates": [ [ [ 32.487414120410513, 0.361093683612285 ], [ 32.487437864867317, 0.361138533362092 ], [ 32.487503821691746, 0.361085768950532 ], [ 32.487490630326853, 0.361038280979865 ], [ 32.487414120410513, 0.361093683612285 ] ] ] } },
{ "type": "Feature", "properties": { "fid": 121, "class_name": "structure", "class_id": null, "dist_to_line": null, "risk_level": null, "area_m2": 32.213329069330939, "perimeter_m": 26.950489548106752, "compactness": 0.55732966032087139, "dist_bin": 2 }, "geometry": { "type": "Polygon", "coordinates": [ [ [ 32.487522289602587, 0.361072577847593 ], [ 32.487503821691746, 0.361091045391701 ], [ 32.487564501970233, 0.361159639126631 ], [ 32.48758824642703, 0.361141171582662 ], [ 32.487522289602587, 0.361072577847593 ] ] ] } },
{ "type": "Feature", "properties": { "fid": 122, "class_name": "structure", "class_id": null, "dist_to_line": null, "risk_level": null, "area_m2": 55.00255069512059, "perimeter_m": 30.580302787872263, "compactness": 0.73911009077109358, "dist_bin": 2 }, "geometry": { "type": "Polygon", "coordinates": [ [ [ 32.4875803316081, 0.361162277347195 ], [ 32.487532842694506, 0.361186021332235 ], [ 32.487575055062145, 0.361265167948589 ], [ 32.487617267429783, 0.36123350930213 ], [ 32.4875803316081, 0.361162277347195 ] ] ] } },
{ "type": "Feature", "properties": { "fid": 123, "class_name": "structure", "class_id": null, "dist_to_line": null, "risk_level": null, "area_m2": 39.581300306133926, "perimeter_m": 26.45828781463555, "compactness": 0.71052023131490927, "dist_bin": 2 }, "geometry": { "type": "Polygon", "coordinates": [ [ [ 32.487448417959222, 0.36113325692095 ], [ 32.487501183418772, 0.361091045391701 ], [ 32.487522289602587, 0.361127980479805 ], [ 32.487464247597089, 0.361180744891121 ], [ 32.487448417959222, 0.36113325692095 ] ] ] } },
{ "type": "Feature", "properties": { "fid": 124, "class_name": "structure", "class_id": null, "dist_to_line": null, "risk_level": null, "area_m2": 40.523673132542172, "perimeter_m": 26.452160845819581, "compactness": 0.72777370141315068, "dist_bin": 2 }, "geometry": { "type": "Polygon", "coordinates": [ [ [ 32.48752756614855, 0.361125342259231 ], [ 32.487480077234949, 0.361170192008882 ], [ 32.487501183418772, 0.361201850655561 ], [ 32.487569778516189, 0.361159639126631 ], [ 32.48752756614855, 0.361125342259231 ] ] ] } },
{ "type": "Feature", "properties": { "fid": 125, "class_name": "disturbance", "class_id": null, "dist_to_line": null, "risk_level": null, "area_m2": 409.17779417532074, "perimeter_m": 90.140621310521553, "compactness": 0.63282091801504248, "dist_bin": 2 }, "geometry": { "type": "Polygon", "coordinates": [ [ [ 32.487142378293818, 0.360953857920289 ], [ 32.487137101747869, 0.36101981343565 ], [ 32.487139740020844, 0.361051472082853 ], [ 32.487282206761634, 0.361048833862257 ], [ 32.487303312945457, 0.361001345891397 ], [ 32.487276930215671, 0.360969687244019 ], [ 32.487269015396741, 0.360938028596532 ], [ 32.487261100577811, 0.360914284610843 ], [ 32.487232079575058, 0.360866796639281 ], [ 32.487208335118268, 0.360853605536025 ], [ 32.487229441302084, 0.360814032226143 ], [ 32.487210973391242, 0.360800841122811 ], [ 32.487174037569559, 0.36078765001946 ], [ 32.487147654839774, 0.36078765001946 ], [ 32.487110719018091, 0.360795564681473 ], [ 32.487110719018091, 0.360819308667471 ], [ 32.487105442472135, 0.360850967315372 ], [ 32.487129186928932, 0.360882625963163 ], [ 32.487142378293818, 0.360953857920289 ] ] ] } },
{ "type": "Feature", "properties": { "fid": 126, "class_name": "disturbance", "class_id": null, "dist_to_line": null, "risk_level": null, "area_m2": 116.30208630193374, "perimeter_m": 46.36851423820849, "compactness": 0.67975280593191645, "dist_bin": 2 }, "geometry": { "type": "Polygon", "coordinates": [ [ [ 32.486765105258023, 0.360829861550117 ], [ 32.486846891720333, 0.360906369948934 ], [ 32.486860083085219, 0.360879987742518 ], [ 32.48687063617713, 0.360843052653407 ], [ 32.486910210271795, 0.360790288240132 ], [ 32.486865359631174, 0.360763906033379 ], [ 32.486765105258023, 0.360829861550117 ] ] ] } },
{ "type": "Feature", "properties": { "fid": 127, "class_name": "disturbance", "class_id": null, "dist_to_line": null, "risk_level": null, "area_m2": 166.72111550778573, "perimeter_m": 70.886339026518755, "compactness": 0.41694174190090449, "dist_bin": 2 }, "geometry": { "type": "Polygon", "coordinates": [ [ [ 32.486997273280046, 0.361051472082852 ], [ 32.487028932555788, 0.361006622332615 ], [ 32.487123910382977, 0.361062024965229 ], [ 32.487121272110002, 0.361101598274032 ], [ 32.487150293112748, 0.361101598274032 ], [ 32.487131825201914, 0.361151724464935 ], [ 32.48719778202635, 0.361175468450003 ], [ 32.487158207931678, 0.361212403537763 ], [ 32.486997273280046, 0.361051472082852 ] ] ] } },
{ "type": "Feature", "properties": { "fid": 128, "class_name": "disturbance", "class_id": null, "dist_to_line": null, "risk_level": null, "area_m2": 286.02180570385462, "perimeter_m": 76.143239643814084, "compactness": 0.61993521488554659, "dist_bin": 2 }, "geometry": { "type": "Polygon", "coordinates": [ [ [ 32.486633191609151, 0.360637271439903 ], [ 32.486627915063202, 0.360679482971258 ], [ 32.486701786706568, 0.360697950516164 ], [ 32.486714978071461, 0.360769182474736 ], [ 32.486775658349949, 0.360753353150657 ], [ 32.486804679352694, 0.36077445891609 ], [ 32.486828423809492, 0.360748076709291 ], [ 32.486804679352694, 0.360695312295465 ], [ 32.486849529993314, 0.360658377205605 ], [ 32.486807317625676, 0.360618803894874 ], [ 32.486701786706568, 0.36059769812908 ], [ 32.486633191609151, 0.360637271439903 ] ] ] } },
{ "type": "Feature", "properties": { "fid": 129, "class_name": "structure", "class_id": null, "dist_to_line": null, "risk_level": null, "area_m2": 91.456710048558307, "perimeter_m": 38.459819228923827, "compactness": 0.77698200633419812, "dist_bin": 2 }, "geometry": { "type": "Polygon", "coordinates": [ [ [ 32.486393108768183, 0.360149200594406 ], [ 32.486401023587113, 0.360186135686331 ], [ 32.486490724868361, 0.360159753477828 ], [ 32.486474895230494, 0.360080606851862 ], [ 32.486385193949253, 0.360109627281463 ], [ 32.486393108768183, 0.360149200594406 ] ] ] } },
{ "type": "Feature", "properties": { "fid": 130, "class_name": "structure", "class_id": null, "dist_to_line": null, "risk_level": null, "area_m2": 26.47319713307661, "perimeter_m": 25.683547380797307, "compactness": 0.50432005880774977, "dist_bin": 2 }, "geometry": { "type": "Polygon", "coordinates": [ [ [ 32.486445874227741, 0.360083245072739 ], [ 32.486427406316899, 0.359998822004309 ], [ 32.486493363141335, 0.360067415747467 ], [ 32.486445874227741, 0.360083245072739 ] ] ] } },
{ "type": "Feature", "properties": { "fid": 131, "class_name": "structure", "class_id": null, "dist_to_line": null, "risk_level": null, "area_m2": 61.899308560296049, "perimeter_m": 37.075670264751999, "compactness": 0.56587126331167226, "dist_bin": 2 }, "geometry": { "type": "Polygon", "coordinates": [ [ [ 32.486327151943748, 0.359990907341603 ], [ 32.486342981581622, 0.36004367175951 ], [ 32.486437959408811, 0.360012013108802 ], [ 32.486372002584368, 0.359943419365227 ], [ 32.486374640857342, 0.359977716237079 ], [ 32.486327151943748, 0.359990907341603 ] ] ] } },
{ "type": "Feature", "properties": { "fid": 132, "class_name": "structure", "class_id": null, "dist_to_line": null, "risk_level": null, "area_m2": 52.860688709224632, "perimeter_m": 38.836105460014679, "compactness": 0.44042436583543387, "dist_bin": 2 }, "geometry": { "type": "Polygon", "coordinates": [ [ [ 32.486480171776449, 0.360112265502331 ], [ 32.486498639687291, 0.360106989060594 ], [ 32.486509192779202, 0.360101712618854 ], [ 32.48655668169279, 0.360238900103107 ], [ 32.486530298963018, 0.360249452986426 ], [ 32.486480171776449, 0.360112265502331 ] ] ] } },
{ "type": "Feature", "properties": { "fid": 133, "class_name": "structure", "class_id": null, "dist_to_line": null, "risk_level": null, "area_m2": 45.321427240647608, "perimeter_m": 35.102034228172471, "compactness": 0.4622201469351726, "dist_bin": 2 }, "geometry": { "type": "Polygon", "coordinates": [ [ [ 32.486625276790214, 0.360265282311381 ], [ 32.486596255787461, 0.360157115256974 ], [ 32.486691233614643, 0.360257367648906 ], [ 32.486625276790214, 0.360265282311381 ] ] ] } },
{ "type": "Feature", "properties": { "fid": 134, "class_name": "structure", "class_id": null, "dist_to_line": null, "risk_level": null, "area_m2": 128.76767784585536, "perimeter_m": 46.456461134877223, "compactness": 0.74976382065425518, "dist_bin": 2 }, "geometry": { "type": "Polygon", "coordinates": [ [ [ 32.48610817528661, 0.359858996295502 ], [ 32.48616094074616, 0.359932866481554 ], [ 32.486245365481444, 0.359864272737383 ], [ 32.486216344478699, 0.35978248788789 ], [ 32.48610817528661, 0.359858996295502 ] ] ] } },
{ "type": "Feature", "properties": { "fid": 135, "class_name": "disturbance", "class_id": null, "dist_to_line": null, "risk_level": null, "area_m2": 90.899880078803108, "perimeter_m": 36.782332989162981, "compactness": 0.84429580386345859, "dist_bin": 2 }, "geometry": { "type": "Polygon", "coordinates": [ [ [ 32.486218982751673, 0.360154477036119 ], [ 32.48620579138678, 0.360215156115596 ], [ 32.48625855684633, 0.36023098544061 ], [ 32.486298130940988, 0.360191412128022 ], [ 32.486313960578862, 0.360154477036118 ], [ 32.486279663030146, 0.360120180164931 ], [ 32.486218982751673, 0.360154477036119 ] ] ] } },
{ "type": "Feature", "properties": { "fid": 136, "class_name": "disturbance", "class_id": null, "dist_to_line": null, "risk_level": null, "area_m2": 491.7674173596497, "perimeter_m": 89.060167953578883, "compactness": 0.77911684659365399, "dist_bin": 2 }, "geometry": { "type": "Polygon", "coordinates": [ [ [ 32.486319237124818, 0.360378725806086 ], [ 32.48634034330864, 0.36031540850689 ], [ 32.486411576679032, 0.360270558753026 ], [ 32.486432682862855, 0.360267920532204 ], [ 32.486466980411564, 0.360273196973848 ], [ 32.486490724868361, 0.360304855623648 ], [ 32.486488086595379, 0.360333876052534 ], [ 32.486530298963018, 0.360328599610925 ], [ 32.486540852054937, 0.360362896481328 ], [ 32.486551405146841, 0.360420937338639 ], [ 32.486540852054937, 0.360481616416342 ], [ 32.486527660690044, 0.360510636844665 ], [ 32.486485448322405, 0.360550210155866 ], [ 32.486319237124818, 0.360378725806086 ] ] ] } },
{ "type": "Feature", "properties": { "fid": 137, "class_name": "disturbance", "class_id": null, "dist_to_line": null, "risk_level": null, "area_m2": 184.19859819933481, "perimeter_m": 90.433336330378722, "compactness": 0.28303430553218145, "dist_bin": 2 }, "geometry": { "type": "Polygon", "coordinates": [ [ [ 32.485912943086277, 0.359990907341603 ], [ 32.485978899910712, 0.359946057586143 ], [ 32.486031665370263, 0.360046309980397 ], [ 32.486071239464927, 0.36008852151449 ], [ 32.486116090105547, 0.36014392415269 ], [ 32.486142472835319, 0.360201965011396 ], [ 32.486171493838064, 0.36025472942808 ], [ 32.485912943086277, 0.359990907341603 ] ] ] } },
{ "type": "Feature", "properties": { "fid": 138, "class_name": "structure", "class_id": null, "dist_to_line": null, "risk_level": null, "area_m2": 62.199143437843304, "perimeter_m": 32.096585838536754, "compactness": 0.75871136809975703, "dist_bin": 2 }, "geometry": { "type": "Polygon", "coordinates": [ [ [ 32.485952517180934, 0.359700703037663 ], [ 32.485994729548572, 0.359734999910428 ], [ 32.486047495008123, 0.359679597269744 ], [ 32.486002644367503, 0.359626832849732 ], [ 32.485952517180934, 0.359700703037663 ] ] ] } },
{ "type": "Feature", "properties": { "fid": 139, "class_name": "structure", "class_id": null, "dist_to_line": null, "risk_level": null, "area_m2": 123.49876685999334, "perimeter_m": 44.525718348433657, "compactness": 0.78279963695465005, "dist_bin": 2 }, "geometry": { "type": "Polygon", "coordinates": [ [ [ 32.485831156623966, 0.359595174197578 ], [ 32.485897113448402, 0.359669044385766 ], [ 32.485973623364757, 0.359613641744681 ], [ 32.485905028267332, 0.359529218671906 ], [ 32.485831156623966, 0.359595174197578 ] ] ] } },
{ "type": "Feature", "properties": { "fid": 140, "class_name": "structure", "class_id": null, "dist_to_line": null, "risk_level": null, "area_m2": 20.904393115240964, "perimeter_m": 19.362881651783624, "compactness": 0.70066019542513336, "dist_bin": 2 }, "geometry": { "type": "Polygon", "coordinates": [ [ [ 32.485905028267332, 0.359531856892942 ], [ 32.485923496178181, 0.35950811290359 ], [ 32.485968346818801, 0.359552962661203 ], [ 32.485936687543067, 0.359566153766341 ], [ 32.485905028267332, 0.359531856892942 ] ] ] } },
{ "type": "Feature", "properties": { "fid": 141, "class_name": "structure", "class_id": null, "dist_to_line": null, "risk_level": null, "area_m2": 51.661236556799849, "perimeter_m": 29.122281400709653, "compactness": 0.76546241835736728, "dist_bin": 2 }, "geometry": { "type": "Polygon", "coordinates": [ [ [ 32.485767838072505, 0.359505474682547 ], [ 32.485802135621206, 0.359552962661203 ], [ 32.485865454172675, 0.359510751124632 ], [ 32.485831156623966, 0.359468539587867 ], [ 32.485767838072505, 0.359505474682547 ] ] ] } },
{ "type": "Feature", "properties": { "fid": 142, "class_name": "structure", "class_id": null, "dist_to_line": null, "risk_level": null, "area_m2": 66.225809610972647, "perimeter_m": 32.951346571357647, "compactness": 0.76646231474839277, "dist_bin": 2 }, "geometry": { "type": "Polygon", "coordinates": [ [ [ 32.485704519521043, 0.359394669398057 ], [ 32.485736178796778, 0.35944479559835 ], [ 32.485804773894181, 0.359389392955905 ], [ 32.485752008434638, 0.359336628534216 ], [ 32.485704519521043, 0.359394669398057 ] ] ] } },
{ "type": "Feature", "properties": { "fid": 143, "class_name": "structure", "class_id": null, "dist_to_line": null, "risk_level": null, "area_m2": 151.64259734831285, "perimeter_m": 49.546631979330265, "compactness": 0.77625212613956074, "dist_bin": 2 }, "geometry": { "type": "Polygon", "coordinates": [ [ [ 32.485551499688341, 0.359310246323257 ], [ 32.485612179966829, 0.359399945840206 ], [ 32.485707157794025, 0.359310246323257 ], [ 32.485635924423626, 0.359241652574408 ], [ 32.485551499688341, 0.359310246323257 ] ] ] } },
{ "type": "Feature", "properties": { "fid": 144, "class_name": "structure", "class_id": null, "dist_to_line": null, "risk_level": null, "area_m2": 18.248521136425552, "perimeter_m": 17.31696522597845, "compactness": 0.76470506941300043, "dist_bin": 2 }, "geometry": { "type": "Polygon", "coordinates": [ [ [ 32.486055409827053, 0.359692788374699 ], [ 32.48607915428385, 0.359729723468472 ], [ 32.486105537013636, 0.359698064816676 ], [ 32.486089707375768, 0.359671682606762 ], [ 32.486055409827053, 0.359692788374699 ] ] ] } },
{ "type": "Feature", "properties": { "fid": 145, "class_name": "structure", "class_id": null, "dist_to_line": null, "risk_level": null, "area_m2": 17.22043045483224, "perimeter_m": 16.952240218654754, "compactness": 0.75300814106175185, "dist_bin": 2 }, "geometry": { "type": "Polygon", "coordinates": [ [ [ 32.485340437850141, 0.359204717478661 ], [ 32.485332523031211, 0.359170420603905 ], [ 32.485377373671824, 0.359162505940481 ], [ 32.48538265021778, 0.359188888151866 ], [ 32.485340437850141, 0.359204717478661 ] ] ] } },
{ "type": "Feature", "properties": { "fid": 146, "class_name": "structure", "class_id": null, "dist_to_line": null, "risk_level": null, "area_m2": 69.224410113471095, "perimeter_m": 33.838279421227043, "compactness": 0.75971829176906336, "dist_bin": 2 }, "geometry": { "type": "Polygon", "coordinates": [ [ [ 32.485329884758237, 0.359049062430656 ], [ 32.485353629215027, 0.359107103296324 ], [ 32.48543541567733, 0.359070168200033 ], [ 32.485411671220525, 0.359012127334131 ], [ 32.485329884758237, 0.359049062430656 ] ] ] } },
{ "type": "Feature", "properties": { "fid": 147, "class_name": "structure", "class_id": null, "dist_to_line": null, "risk_level": null, "area_m2": 89.057949198890128, "perimeter_m": 38.809163622417373, "compactness": 0.74304306888489557, "dist_bin": 2 }, "geometry": { "type": "Polygon", "coordinates": [ [ [ 32.485277119298672, 0.358927704255798 ], [ 32.485298225482502, 0.359020041997685 ], [ 32.485308778574414, 0.359030594882412 ], [ 32.485393203309684, 0.359001574449382 ], [ 32.48538265021778, 0.358983106901042 ], [ 32.485316693393344, 0.358922427813376 ], [ 32.485277119298672, 0.358927704255798 ] ] ] } },
{ "type": "Feature", "properties": { "fid": 148, "class_name": "structure", "class_id": null, "dist_to_line": null, "risk_level": null, "area_m2": 40.866412850038614, "perimeter_m": 26.718194733997482, "compactness": 0.71938629598213155, "dist_bin": 2 }, "geometry": { "type": "Polygon", "coordinates": [ [ [ 32.485084525371313, 0.358917151370952 ], [ 32.485118822920022, 0.358983106901042 ], [ 32.485163673560642, 0.358972554016259 ], [ 32.485129376011933, 0.358906598486093 ], [ 32.485084525371313, 0.358917151370952 ] ] ] } },
{ "type": "Feature", "properties": { "fid": 149, "class_name": "structure", "class_id": null, "dist_to_line": null, "risk_level": null, "area_m2": 73.636619644996244, "perimeter_m": 34.896519532081442, "compactness": 0.75987031666416771, "dist_bin": 2 }, "geometry": { "type": "Polygon", "coordinates": [ [ [ 32.485105631555136, 0.358874939831444 ], [ 32.485118822920022, 0.358774687424334 ], [ 32.485147843922775, 0.358766772760567 ], [ 32.485174226652546, 0.358790516751845 ], [ 32.485166311833616, 0.358877578052669 ], [ 32.485105631555136, 0.358874939831444 ] ] ] } },
{ "type": "Feature", "properties": { "fid": 150, "class_name": "structure", "class_id": null, "dist_to_line": null, "risk_level": null, "area_m2": 67.29676001873122, "perimeter_m": 32.895124475391029, "compactness": 0.78152153852301143, "dist_bin": 2 }, "geometry": { "type": "Polygon", "coordinates": [ [ [ 32.484889293170973, 0.358714008335285 ], [ 32.484891931443947, 0.35864013813938 ], [ 32.484963164814346, 0.358642776360672 ], [ 32.484957888268397, 0.358724561220366 ], [ 32.484889293170973, 0.358714008335285 ] ] ] } },
{ "type": "Feature", "properties": { "fid": 151, "class_name": "structure", "class_id": null, "dist_to_line": null, "risk_level": null, "area_m2": 63.270110902521992, "perimeter_m": 36.082511199749753, "compactness": 0.61068176136273533, "dist_bin": 2 }, "geometry": { "type": "Polygon", "coordinates": [ [ [ 32.485031759911763, 0.358766772760567 ], [ 32.485044951276649, 0.35868762612253 ], [ 32.485076610552383, 0.358700817228918 ], [ 32.485145205649793, 0.358769410981824 ], [ 32.485031759911763, 0.358766772760567 ] ] ] } },
{ "type": "Feature", "properties": { "fid": 152, "class_name": "structure", "class_id": null, "dist_to_line": null, "risk_level": null, "area_m2": 123.37025902923779, "perimeter_m": 48.469973450778312, "compactness": 0.65989490759292391, "dist_bin": 2 }, "geometry": { "type": "Polygon", "coordinates": [ [ [ 32.484952611722441, 0.358748305211753 ], [ 32.485021206819845, 0.358795793194343 ], [ 32.485037036457712, 0.358735114105435 ], [ 32.485037036457712, 0.358671796794841 ], [ 32.484978994452213, 0.358608479483809 ], [ 32.484952611722441, 0.358748305211753 ] ] ] } },
{ "type": "Feature", "properties": { "fid": 153, "class_name": "structure", "class_id": null, "dist_to_line": null, "risk_level": null, "area_m2": 33.412789174792124, "perimeter_m": 22.443934060193644, "compactness": 0.83353650814028735, "dist_bin": 2 }, "geometry": { "type": "Polygon", "coordinates": [ [ [ 32.484767932614005, 0.358550438614978 ], [ 32.484789038797821, 0.358582097270749 ], [ 32.484833889438448, 0.358558353278931 ], [ 32.484818059800581, 0.35851350351644 ], [ 32.484789038797821, 0.358521418180425 ], [ 32.484767932614005, 0.358550438614978 ] ] ] } },
{ "type": "Feature", "properties": { "fid": 154, "class_name": "structure", "class_id": null, "dist_to_line": null, "risk_level": null, "area_m2": 63.655631517642178, "perimeter_m": 33.581603923847311, "compactness": 0.70932264519934529, "dist_bin": 2 }, "geometry": { "type": "Polygon", "coordinates": [ [ [ 32.484717805427429, 0.35851350351644 ], [ 32.484760017795068, 0.358550438614978 ], [ 32.484825974619511, 0.358476568417752 ], [ 32.484789038797821, 0.358444909761616 ], [ 32.484717805427429, 0.35851350351644 ] ] ] } },
{ "type": "Feature", "properties": { "fid": 155, "class_name": "structure", "class_id": null, "dist_to_line": null, "risk_level": null, "area_m2": 100.06698871884146, "perimeter_m": 40.060990716377468, "compactness": 0.78353305779044402, "dist_bin": 2 }, "geometry": { "type": "Polygon", "coordinates": [ [ [ 32.484580615232602, 0.358363124899424 ], [ 32.484628104146189, 0.35843171865486 ], [ 32.484704614062544, 0.358384230670382 ], [ 32.484654486875975, 0.358305084029038 ], [ 32.484580615232602, 0.358363124899424 ] ] ] } },
{ "type": "Feature", "properties": { "fid": 156, "class_name": "structure", "class_id": null, "dist_to_line": null, "risk_level": null, "area_m2": 107.04935089079663, "perimeter_m": 41.684682770314097, "compactness": 0.77417813370972977, "dist_bin": 2 }, "geometry": { "type": "Polygon", "coordinates": [ [ [ 32.484622827600234, 0.358447547982965 ], [ 32.484688784424684, 0.35851086529511 ], [ 32.48476265606805, 0.358450186204313 ], [ 32.484709890608499, 0.358386868891748 ], [ 32.484622827600234, 0.358447547982965 ] ] ] } },
{ "type": "Feature", "properties": { "fid": 157, "class_name": "structure", "class_id": null, "dist_to_line": null, "risk_level": null, "area_m2": 31.656527138242382, "perimeter_m": 26.616137813089644, "compactness": 0.56154305451390119, "dist_bin": 2 }, "geometry": { "type": "Polygon", "coordinates": [ [ [ 32.484723081973385, 0.358365763120796 ], [ 32.484704614062544, 0.358384230670382 ], [ 32.48476265606805, 0.358450186204313 ], [ 32.484789038797821, 0.358434356876213 ], [ 32.484723081973385, 0.358365763120796 ] ] ] } },
{ "type": "Feature", "properties": { "fid": 158, "class_name": "structure", "class_id": null, "dist_to_line": null, "risk_level": null, "area_m2": 27.244258872087812, "perimeter_m": 22.170031742451357, "compactness": 0.69654989712937887, "dist_bin": 2 }, "geometry": { "type": "Polygon", "coordinates": [ [ [ 32.484580615232602, 0.358239128494062 ], [ 32.484554232502823, 0.358249681379691 ], [ 32.484588530051532, 0.358302445807648 ], [ 32.484628104146189, 0.358281340036502 ], [ 32.484580615232602, 0.358239128494062 ] ] ] } },
{ "type": "Feature", "properties": { "fid": 159, "class_name": "structure", "class_id": null, "dist_to_line": null, "risk_level": null, "area_m2": 158.58222752611618, "perimeter_m": 52.550592872857209, "compactness": 0.72162095772569912, "dist_bin": 2 }, "geometry": { "type": "Polygon", "coordinates": [ [ [ 32.484588530051532, 0.358302445807648 ], [ 32.484522573227082, 0.358212746279939 ], [ 32.48441968058097, 0.358231213829834 ], [ 32.484517296681133, 0.358363124899424 ], [ 32.484588530051532, 0.358302445807648 ] ] ] } },
{ "type": "Feature", "properties": { "fid": 160, "class_name": "structure", "class_id": null, "dist_to_line": null, "risk_level": null, "area_m2": 18.505520475082449, "perimeter_m": 17.965889599818997, "compactness": 0.72046637250335155, "dist_bin": 2 }, "geometry": { "type": "Polygon", "coordinates": [ [ [ 32.484548955956868, 0.358202193394269 ], [ 32.484519934954108, 0.358210108058523 ], [ 32.484551594229842, 0.358257596043904 ], [ 32.484575338686646, 0.358233852051244 ], [ 32.484548955956868, 0.358202193394269 ] ] ] } },
{ "type": "Feature", "properties": { "fid": 161, "class_name": "structure", "class_id": null, "dist_to_line": null, "risk_level": null, "area_m2": 58.386668046907289, "perimeter_m": 32.309955348535738, "compactness": 0.70283088931029147, "dist_bin": 2 }, "geometry": { "type": "Polygon", "coordinates": [ [ [ 32.484448701583723, 0.358115132087023 ], [ 32.484406489216084, 0.358144152522864 ], [ 32.484459254675635, 0.358202193394269 ], [ 32.484519934954108, 0.358181087622892 ], [ 32.484448701583723, 0.358115132087023 ] ] ] } },
{ "type": "Feature", "properties": { "fid": 162, "class_name": "structure", "class_id": null, "dist_to_line": null, "risk_level": null, "area_m2": 168.6917218810413, "perimeter_m": 53.513731973782228, "compactness": 0.74024103600421798, "dist_bin": 2 }, "geometry": { "type": "Polygon", "coordinates": [ [ [ 32.484345808937597, 0.358017517893068 ], [ 32.48427721384018, 0.358075558765275 ], [ 32.484385383032254, 0.358178449401466 ], [ 32.484456616402653, 0.358112493865579 ], [ 32.484345808937597, 0.358017517893068 ] ] ] } },
{ "type": "Feature", "properties": { "fid": 163, "class_name": "structure", "class_id": null, "dist_to_line": null, "risk_level": null, "area_m2": 100.23832234519068, "perimeter_m": 40.463555726961332, "compactness": 0.76933513376948237, "dist_bin": 2 }, "geometry": { "type": "Polygon", "coordinates": [ [ [ 32.484287766932091, 0.357959477020494 ], [ 32.484219171834667, 0.358017517893068 ], [ 32.48426929902125, 0.35807819698673 ], [ 32.484356362029509, 0.358017517893068 ], [ 32.484287766932091, 0.357959477020494 ] ] ] } },
{ "type": "Feature", "properties": { "fid": 164, "class_name": "structure", "class_id": null, "dist_to_line": null, "risk_level": null, "area_m2": 92.399213632015744, "perimeter_m": 38.789143654662176, "compactness": 0.77171644595016076, "dist_bin": 2 }, "geometry": { "type": "Polygon", "coordinates": [ [ [ 32.484211257015737, 0.357893521483032 ], [ 32.484166406375124, 0.357951562356024 ], [ 32.484219171834667, 0.358012241450122 ], [ 32.484293043478047, 0.357954200577514 ], [ 32.484211257015737, 0.357893521483032 ] ] ] } },
{ "type": "Feature", "properties": { "fid": 165, "class_name": "structure", "class_id": null, "dist_to_line": null, "risk_level": null, "area_m2": 166.50705796538386, "perimeter_m": 52.17629085083685, "compactness": 0.7685924367259499, "dist_bin": 2 }, "geometry": { "type": "Polygon", "coordinates": [ [ [ 32.483955344536916, 0.357656081544242 ], [ 32.483873558074613, 0.357735228191188 ], [ 32.483989642085618, 0.357814374837451 ], [ 32.484045045818156, 0.357737866412741 ], [ 32.483955344536916, 0.357656081544242 ] ] ] } },
{ "type": "Feature", "properties": { "fid": 166, "class_name": "structure", "class_id": null, "dist_to_line": null, "risk_level": null, "area_m2": 47.249052360508358, "perimeter_m": 27.966385592223254, "compactness": 0.75915469814021463, "dist_bin": 2 }, "geometry": { "type": "Polygon", "coordinates": [ [ [ 32.483546412225394, 0.357252433634205 ], [ 32.483506838130737, 0.357276177629404 ], [ 32.483506838130737, 0.357276177629404 ], [ 32.483541135679438, 0.357334218506299 ], [ 32.483599177684944, 0.357299921624542 ], [ 32.483546412225394, 0.357252433634205 ] ] ] } },
{ "type": "Feature", "properties": { "fid": 167, "class_name": "structure", "class_id": null, "dist_to_line": null, "risk_level": null, "area_m2": 169.93402614980005, "perimeter_m": 56.264379375449103, "compactness": 0.67456397736555918, "dist_bin": 2 }, "geometry": { "type": "Polygon", "coordinates": [ [ [ 32.483105820638144, 0.356825041710134 ], [ 32.482995013173088, 0.356846147484628 ], [ 32.483087352727303, 0.356951676356374 ], [ 32.483203436738314, 0.356912103029611 ], [ 32.483105820638144, 0.356825041710134 ] ] ] } },
{ "type": "Feature", "properties": { "fid": 168, "class_name": "structure", "class_id": null, "dist_to_line": null, "risk_level": null, "area_m2": 61.813649447169155, "perimeter_m": 33.732961757427688, "compactness": 0.68262989057476198, "dist_bin": 2 }, "geometry": { "type": "Polygon", "coordinates": [ [ [ 32.483192883646396, 0.35691737947319 ], [ 32.483145394732801, 0.356935847025689 ], [ 32.483206075011282, 0.357004440791793 ], [ 32.483266755289776, 0.35697542035235 ], [ 32.483192883646396, 0.35691737947319 ] ] ] } },
{ "type": "Feature", "properties": { "fid": 169, "class_name": "agricultural_activity", "class_id": null, "dist_to_line": null, "risk_level": null, "area_m2": 940.27027249633102, "perimeter_m": 120.62285962332672, "compactness": 0.81208844198228325, "dist_bin": 2 }, "geometry": { "type": "Polygon", "coordinates": [ [ [ 32.482264211558309, 0.356492625755462 ], [ 32.482351274566561, 0.356310588441865 ], [ 32.482580804315617, 0.356426670207473 ], [ 32.482646761140046, 0.356503178643096 ], [ 32.48263356977516, 0.356571772412425 ], [ 32.482496379580326, 0.356666748399882 ], [ 32.482264211558309, 0.356492625755462 ] ] ] } },
{ "type": "Feature", "properties": { "fid": 170, "class_name": "structure", "class_id": null, "dist_to_line": null, "risk_level": null, "area_m2": 247.12622332992032, "perimeter_m": 63.211635380414954, "compactness": 0.77720331361306993, "dist_bin": 2 }, "geometry": { "type": "Polygon", "coordinates": [ [ [ 32.48119043445643, 0.354954542253599 ], [ 32.481079626991374, 0.355036327146082 ], [ 32.4811825196375, 0.355141856038539 ], [ 32.481293327102556, 0.355052156480027 ], [ 32.48119043445643, 0.354954542253599 ] ] ] } },
{ "type": "Feature", "properties": { "fid": 171, "class_name": "disturbance", "class_id": null, "dist_to_line": null, "risk_level": null, "area_m2": 3968.0707532384113, "perimeter_m": 330.74598044451625, "compactness": 0.45582707906307596, "dist_bin": 2 }, "geometry": { "type": "Polygon", "coordinates": [ [ [ 32.480686524317711, 0.354965095142992 ], [ 32.4809002244289, 0.355062709369309 ], [ 32.481040052896716, 0.354917607140628 ], [ 32.480868565153173, 0.35471446401665 ], [ 32.480710268774516, 0.354608935119317 ], [ 32.48074192805025, 0.35459046756216 ], [ 32.480757757688117, 0.354537703112937 ], [ 32.480702353955579, 0.35449021510838 ], [ 32.480625844039238, 0.354421621323589 ], [ 32.480573078579681, 0.354458556438539 ], [ 32.480488653844404, 0.35435302753829 ], [ 32.480449079749739, 0.354273880862314 ], [ 32.480393676017208, 0.354215839966168 ], [ 32.480319804373835, 0.354218478188728 ], [ 32.480201082089842, 0.354221116411288 ], [ 32.480148316630299, 0.354173628405107 ], [ 32.480129848719457, 0.354181543072821 ], [ 32.480079721532874, 0.354205287075921 ], [ 32.480079721532874, 0.354236945746627 ], [ 32.480103465989679, 0.3542791573074 ], [ 32.480098189443723, 0.354310815977853 ], [ 32.480161507995184, 0.35430290131025 ], [ 32.480182614179, 0.354339836425674 ], [ 32.480161507995184, 0.354368856873404 ], [ 32.48020372036283, 0.354397877321043 ], [ 32.48019052899793, 0.354450641771062 ], [ 32.480164146268159, 0.354469109328498 ], [ 32.480686524317711, 0.354965095142992 ] ] ] } },
{ "type": "Feature", "properties": { "fid": 172, "class_name": "disturbance", "class_id": null, "dist_to_line": null, "risk_level": null, "area_m2": 732.04046169972571, "perimeter_m": 161.84113105531358, "compactness": 0.35121021622271764, "dist_bin": 2 }, "geometry": { "type": "Polygon", "coordinates": [ [ [ 32.479623300307757, 0.353959932374285 ], [ 32.479612747215846, 0.353896615030873 ], [ 32.47966023612944, 0.353799000792267 ], [ 32.479723554680909, 0.353820106573674 ], [ 32.479723554680909, 0.353859679913683 ], [ 32.479731469499846, 0.353938826593195 ], [ 32.479763128775573, 0.353967847042181 ], [ 32.479800064597249, 0.354012696826798 ], [ 32.479873936240629, 0.354012696826797 ], [ 32.47992670170018, 0.354044355498161 ], [ 32.479939893065072, 0.354068099501613 ], [ 32.479916148608261, 0.354112949285745 ], [ 32.479937254792091, 0.354152522624504 ], [ 32.479963637521855, 0.354144607956766 ], [ 32.479984743705685, 0.354168351959961 ], [ 32.479992658524623, 0.354202648853358 ], [ 32.48002431780035, 0.354229031078961 ], [ 32.479992658524623, 0.354265966194679 ], [ 32.479984743705685, 0.354287071975024 ], [ 32.479992658524623, 0.35430817775532 ], [ 32.479992658524623, 0.354310815977853 ], [ 32.479623300307757, 0.353959932374285 ] ] ] } },
{ "type": "Feature", "properties": { "fid": 173, "class_name": "disturbance", "class_id": null, "dist_to_line": null, "risk_level": null, "area_m2": 136.47847630601609, "perimeter_m": 48.56040846183631, "compactness": 0.72729293201369505, "dist_bin": 2 }, "geometry": { "type": "Polygon", "coordinates": [ [ [ 32.47964440649158, 0.353482414065397 ], [ 32.479586364486075, 0.35351407273857 ], [ 32.479657597856466, 0.353632792762006 ], [ 32.479657597856466, 0.353632792762006 ], [ 32.479739384318776, 0.353577390084592 ], [ 32.47964440649158, 0.353482414065397 ] ] ] } },
{ "type": "Feature", "properties": { "fid": 174, "class_name": "structure", "class_id": null, "dist_to_line": null, "risk_level": null, "area_m2": 109.66278261219304, "perimeter_m": 43.916839012742216, "compactness": 0.71450780729307239, "dist_bin": 2 }, "geometry": { "type": "Polygon", "coordinates": [ [ [ 32.47042100416202, 0.344810571808412 ], [ 32.470423642434994, 0.344897633239685 ], [ 32.470545002991962, 0.344905547915216 ], [ 32.470542364718987, 0.344844868735978 ], [ 32.47042100416202, 0.344810571808412 ] ] ] } },
{ "type": "Feature", "properties": { "fid": 175, "class_name": "disturbance", "class_id": null, "dist_to_line": null, "risk_level": null, "area_m2": 379.70733478257716, "perimeter_m": 121.86401462032539, "compactness": 0.32129790081804299, "dist_bin": 2 }, "geometry": { "type": "Polygon", "coordinates": [ [ [ 32.468149451128333, 0.344604790240419 ], [ 32.468165280766208, 0.34455202573509 ], [ 32.468218046225751, 0.344549387509815 ], [ 32.468215407952769, 0.344596875564638 ], [ 32.468257620320415, 0.344583684438322 ], [ 32.468305109234009, 0.344573131537257 ], [ 32.468299832688061, 0.344596875564638 ], [ 32.468342045055699, 0.344596875564638 ], [ 32.468334130236769, 0.34454674928454 ], [ 32.468384257423331, 0.344554663960363 ], [ 32.468400087061205, 0.344538834608712 ], [ 32.468489788342438, 0.344538834608712 ], [ 32.468524085891154, 0.344541472833989 ], [ 32.468526724164128, 0.344575769762524 ], [ 32.468510894526254, 0.344599513789899 ], [ 32.468481873523508, 0.34461534314145 ], [ 32.468481873523508, 0.344647001844472 ], [ 32.468497703161368, 0.344691851673574 ], [ 32.468149451128333, 0.344604790240419 ] ] ] } },
{ "type": "Feature", "properties": { "fid": 176, "class_name": "disturbance", "class_id": null, "dist_to_line": null, "risk_level": null, "area_m2": 335.28535446755996, "perimeter_m": 99.354163042818925, "compactness": 0.42682741779458561, "dist_bin": 2 }, "geometry": { "type": "Polygon", "coordinates": [ [ [ 32.468600595807494, 0.344723510376342 ], [ 32.4686718291779, 0.344694489898809 ], [ 32.46868765881576, 0.344631172492974 ], [ 32.468795828007842, 0.344639087168727 ], [ 32.468795828007842, 0.344673384096911 ], [ 32.468840678648462, 0.344681298772628 ], [ 32.468869699651208, 0.34467074587167 ], [ 32.468890805835024, 0.344676022322151 ], [ 32.468890805835024, 0.344747254403349 ], [ 32.468948847840544, 0.344805295358006 ], [ 32.468600595807494, 0.344723510376342 ] ] ] } },
{ "type": "Feature", "properties": { "fid": 177, "class_name": "disturbance", "class_id": null, "dist_to_line": null, "risk_level": null, "area_m2": 704.54059302250971, "perimeter_m": 148.37628900012797, "compactness": 0.40214889055808889, "dist_bin": 2 }, "geometry": { "type": "Polygon", "coordinates": [ [ [ 32.467115248121132, 0.344367349964135 ], [ 32.467344777870181, 0.344314585457491 ], [ 32.467384351964846, 0.344275012077316 ], [ 32.467392266783776, 0.344290841429406 ], [ 32.467421287786529, 0.34428820320406 ], [ 32.467437117424403, 0.344264459175909 ], [ 32.467445032243333, 0.344306670781469 ], [ 32.467526818705629, 0.344309309006811 ], [ 32.467640264443673, 0.34431722368283 ], [ 32.467658732354515, 0.34439109399203 ], [ 32.467658732354515, 0.344430667371722 ], [ 32.467640264443673, 0.344446496723554 ], [ 32.467650817535585, 0.344486070103017 ], [ 32.467115248121132, 0.344367349964135 ] ] ] } },
{ "type": "Feature", "properties": { "fid": 178, "class_name": "disturbance", "class_id": null, "dist_to_line": null, "risk_level": null, "area_m2": 789.91474567132354, "perimeter_m": 131.35346609549649, "compactness": 0.57531673963180463, "dist_bin": 2 }, "geometry": { "type": "Polygon", "coordinates": [ [ [ 32.467756348454685, 0.344509814130616 ], [ 32.467719412633002, 0.344412199794553 ], [ 32.467743157089799, 0.344380541090751 ], [ 32.467785369457431, 0.344375264640107 ], [ 32.467769539819571, 0.344335691260184 ], [ 32.467711497814065, 0.34431722368283 ], [ 32.467708859541091, 0.34431722368283 ], [ 32.467711497814065, 0.344269735626614 ], [ 32.467708859541091, 0.344253906274489 ], [ 32.467743157089799, 0.344248629823775 ], [ 32.467769539819571, 0.344230162246253 ], [ 32.467809113914228, 0.34422752402089 ], [ 32.467851326281881, 0.34422752402089 ], [ 32.467880347284627, 0.344203779992588 ], [ 32.467922559652266, 0.344248629823775 ], [ 32.467904091741424, 0.344277650302666 ], [ 32.467904091741424, 0.34431722368283 ], [ 32.467933112744177, 0.34431722368283 ], [ 32.467935751017158, 0.344354158837502 ], [ 32.467962133746937, 0.344372626414784 ], [ 32.467972686838849, 0.344425390921106 ], [ 32.467993793022664, 0.34445704962476 ], [ 32.468009622660531, 0.344483431877724 ], [ 32.46794630410907, 0.344517728806469 ], [ 32.467927836198221, 0.344549387509816 ], [ 32.467756348454685, 0.344509814130616 ] ] ] } },
{ "type": "Feature", "properties": { "fid": 179, "class_name": "disturbance", "class_id": null, "dist_to_line": null, "risk_level": null, "area_m2": 489.45586609315797, "perimeter_m": 90.591374468614973, "compactness": 0.74946214907997188, "dist_bin": 2 }, "geometry": { "type": "Polygon", "coordinates": [ [ [ 32.466756442996186, 0.344277650302666 ], [ 32.466761719542141, 0.344135186132717 ], [ 32.466806570182762, 0.344114080329581 ], [ 32.466883080099109, 0.344119356780369 ], [ 32.466904186282925, 0.344082421624788 ], [ 32.466954313469508, 0.344095612751798 ], [ 32.466964866561419, 0.344222247570161 ], [ 32.466964866561419, 0.34433305303485 ], [ 32.466756442996186, 0.344277650302666 ] ] ] } },
{ "type": "Feature", "properties": { "fid": 180, "class_name": "disturbance", "class_id": null, "dist_to_line": null, "risk_level": null, "area_m2": 621.73659389456589, "perimeter_m": 163.29174006718767, "compactness": 0.2930136549328598, "dist_bin": 2 }, "geometry": { "type": "Polygon", "coordinates": [ [ [ 32.465432029961448, 0.343958425030008 ], [ 32.465405647231677, 0.34389774584474 ], [ 32.465424115142518, 0.343889831168373 ], [ 32.465437306507404, 0.343884554717457 ], [ 32.465445221326334, 0.34386608713923 ], [ 32.465445221326334, 0.343844981335499 ], [ 32.465392455866791, 0.343842343110029 ], [ 32.465376626228924, 0.343821237306245 ], [ 32.465360796591057, 0.343781663924024 ], [ 32.465347605226171, 0.343742090541639 ], [ 32.465347605226171, 0.34371834651213 ], [ 32.465371349682968, 0.343720984737633 ], [ 32.465381902774887, 0.343723622963137 ], [ 32.465381902774887, 0.343699878933581 ], [ 32.465381902774887, 0.343668220227415 ], [ 32.465371349682968, 0.343657667325337 ], [ 32.465350243499152, 0.343652390874293 ], [ 32.465326499042348, 0.343647114423246 ], [ 32.465305392858525, 0.343641837972197 ], [ 32.465292201493639, 0.343618093942438 ], [ 32.465292201493639, 0.343578520559375 ], [ 32.465297478039595, 0.343578520559375 ], [ 32.465350243499152, 0.343586435236001 ], [ 32.465408285504658, 0.343599626363696 ], [ 32.465418838596563, 0.343652390874293 ], [ 32.465432029961448, 0.343660305550858 ], [ 32.465445221326334, 0.343660305550858 ], [ 32.465455774418245, 0.34362864684456 ], [ 32.465455774418245, 0.343615455716906 ], [ 32.465476880602075, 0.34362073216797 ], [ 32.465490071966968, 0.343628646844561 ], [ 32.46548743369398, 0.343657667325337 ], [ 32.46547160405612, 0.343686687806025 ], [ 32.465466327510164, 0.34370251715909 ], [ 32.465466327510164, 0.343726261188639 ], [ 32.46545841269122, 0.343760558120106 ], [ 32.465490071966968, 0.343752643443625 ], [ 32.46554019915353, 0.343752643443624 ], [ 32.465592964613087, 0.343805407953376 ], [ 32.465592964613087, 0.343821237306245 ], [ 32.465587688067131, 0.343850257786436 ], [ 32.465582411521176, 0.343887192942915 ], [ 32.465574496702239, 0.343916213422906 ], [ 32.465563943610327, 0.343929404550145 ], [ 32.46554019915353, 0.343913575197456 ], [ 32.465503263331854, 0.343887192942915 ], [ 32.465495348512917, 0.343921489873804 ], [ 32.465495348512917, 0.343939957451924 ], [ 32.46547160405612, 0.34395314857913 ], [ 32.465432029961448, 0.343958425030008 ] ] ] } },
{ "type": "Feature", "properties": { "fid": 181, "class_name": "disturbance", "class_id": null, "dist_to_line": null, "risk_level": null, "area_m2": 297.84586371506339, "perimeter_m": 78.796958762657624, "compactness": 0.60281288351884799, "dist_bin": 2 }, "geometry": { "type": "Polygon", "coordinates": [ [ [ 32.465149734752849, 0.343808046178856 ], [ 32.465094331020325, 0.343895107619285 ], [ 32.465205138485381, 0.343924128099252 ], [ 32.465231521215159, 0.343900384070195 ], [ 32.465244712580045, 0.343884554717457 ], [ 32.465252627398975, 0.343842343110029 ], [ 32.465244712580045, 0.343792216825966 ], [ 32.465244712580045, 0.343768472796581 ], [ 32.465257903944931, 0.343768472796581 ], [ 32.465284286674709, 0.343768472796581 ], [ 32.465286924947691, 0.343747366992633 ], [ 32.465279010128747, 0.343715708286625 ], [ 32.465268457036842, 0.34369196425705 ], [ 32.465226244669203, 0.343684049580511 ], [ 32.465205138485381, 0.343684049580511 ], [ 32.465149734752849, 0.343808046178856 ] ] ] } },
{ "type": "Feature", "properties": { "fid": 182, "class_name": "disturbance", "class_id": null, "dist_to_line": null, "risk_level": null, "area_m2": 2021.9938298889338, "perimeter_m": 226.48830613475232, "compactness": 0.49533398090092567, "dist_bin": 2 }, "geometry": { "type": "Polygon", "coordinates": [ [ [ 32.461606534143975, 0.343064066564653 ], [ 32.461582789687185, 0.342842455604555 ], [ 32.461595981052064, 0.342818711572812 ], [ 32.461625002054824, 0.342821349798564 ], [ 32.461685682333311, 0.342871476087717 ], [ 32.461690958879259, 0.342916325925158 ], [ 32.461667214422469, 0.342990196245191 ], [ 32.461717341609031, 0.342987558019485 ], [ 32.461743724338817, 0.342992834470896 ], [ 32.461741086065842, 0.342916325925158 ], [ 32.461754277430728, 0.342858284959018 ], [ 32.461767468795621, 0.342826626250066 ], [ 32.461817595982183, 0.342837179153062 ], [ 32.461888829352588, 0.342834540927314 ], [ 32.461938956539157, 0.342842455604555 ], [ 32.462023381274435, 0.342823988024315 ], [ 32.462099891190782, 0.342823988024315 ], [ 32.462155294923321, 0.342860923184759 ], [ 32.462157933196295, 0.3428635614105 ], [ 32.462210698655838, 0.342940069956659 ], [ 32.462221251747749, 0.342984919793779 ], [ 32.462213336928819, 0.343064066564653 ], [ 32.462213336928819, 0.343069343016022 ], [ 32.462147380104383, 0.343180148494086 ], [ 32.462147380104383, 0.343180148494086 ], [ 32.461606534143975, 0.343064066564653 ] ] ] } },
{ "type": "Feature", "properties": { "fid": 183, "class_name": "disturbance", "class_id": null, "dist_to_line": null, "risk_level": null, "area_m2": 1758.5462153502631, "perimeter_m": 243.45364312872266, "compactness": 0.37284737903892717, "dist_bin": 2 }, "geometry": { "type": "Polygon", "coordinates": [ [ [ 32.459976081443855, 0.342647226897362 ], [ 32.460020932084475, 0.342589185929591 ], [ 32.460020932084475, 0.342539059638961 ], [ 32.460031485176387, 0.34252323028397 ], [ 32.460121186457627, 0.342531144961469 ], [ 32.460150207460373, 0.342486295122224 ], [ 32.460160760552284, 0.342449359960336 ], [ 32.460160760552284, 0.342449359960336 ], [ 32.460179228463126, 0.342420339475896 ], [ 32.460218802557783, 0.342412424798306 ], [ 32.46023463219565, 0.34241506302417 ], [ 32.460258376652455, 0.342420339475896 ], [ 32.46026365319841, 0.34245199818619 ], [ 32.460303227293075, 0.342449359960336 ], [ 32.460295312474145, 0.342430892379338 ], [ 32.460348077933688, 0.342430892379338 ], [ 32.460350716206662, 0.342417701250033 ], [ 32.460361269298566, 0.342422977701757 ], [ 32.460371822390492, 0.342428254153479 ], [ 32.460369184117511, 0.342446721734482 ], [ 32.460398205120271, 0.34245199818619 ], [ 32.460395566847289, 0.342438807056913 ], [ 32.460419311304086, 0.342438807056913 ], [ 32.460416673031112, 0.342465189315448 ], [ 32.460408758212175, 0.342465189315448 ], [ 32.460403481666226, 0.342496848025595 ], [ 32.460371822390492, 0.342502124477276 ], [ 32.460353354479636, 0.342539059638961 ], [ 32.460377098936448, 0.342536421413131 ], [ 32.460403481666226, 0.342531144961469 ], [ 32.460403481666226, 0.342528506735637 ], [ 32.460424587850042, 0.342504762703115 ], [ 32.460445694033858, 0.342481018670535 ], [ 32.460485268128529, 0.342486295122224 ], [ 32.46056177804487, 0.342486295122224 ], [ 32.460596075593578, 0.342478380444689 ], [ 32.460609266958464, 0.342491571573911 ], [ 32.460619820050375, 0.34252323028397 ], [ 32.460603990412515, 0.342544336090618 ], [ 32.460617181777394, 0.34254169786479 ], [ 32.460627734869306, 0.342546974316446 ], [ 32.460625096596331, 0.342578633026322 ], [ 32.46061454350442, 0.34261820641352 ], [ 32.460577607682737, 0.342628759316746 ], [ 32.460556501498914, 0.34267097092953 ], [ 32.460511650858294, 0.342705267864781 ], [ 32.460519565677238, 0.34271582076791 ], [ 32.46054594840701, 0.342723735445249 ], [ 32.46056177804487, 0.342734288348358 ], [ 32.46056177804487, 0.342765947057616 ], [ 32.46056177804487, 0.342787052863729 ], [ 32.460519565677238, 0.342779138186442 ], [ 32.460524842223194, 0.342758032380311 ], [ 32.460522203950212, 0.342739564799909 ], [ 32.460445694033858, 0.342734288348358 ], [ 32.460424587850042, 0.342742203025682 ], [ 32.460361269298566, 0.342752755928771 ], [ 32.459976081443855, 0.342647226897362 ] ] ] } },
{ "type": "Feature", "properties": { "fid": 184, "class_name": "disturbance", "class_id": null, "dist_to_line": null, "risk_level": null, "area_m2": 735.34056868706284, "perimeter_m": 144.28957928240931, "compactness": 0.44384206138599064, "dist_bin": 2 }, "geometry": { "type": "Polygon", "coordinates": [ [ [ 32.46064356450718, 0.34279232931525 ], [ 32.460633011415261, 0.342750117703 ], [ 32.460625096596331, 0.342723735445249 ], [ 32.460625096596331, 0.342713182542129 ], [ 32.460617181777394, 0.342705267864781 ], [ 32.460619820050375, 0.34267097092953 ], [ 32.460656755872066, 0.342644588671562 ], [ 32.46065147932611, 0.342607653510283 ], [ 32.460656755872066, 0.342586547703775 ], [ 32.460677862055888, 0.342586547703775 ], [ 32.460720074423527, 0.342586547703775 ], [ 32.460730627515431, 0.342583909477958 ], [ 32.460730627515431, 0.342554888993925 ], [ 32.460751733699247, 0.342528506735637 ], [ 32.460733265788413, 0.342481018670535 ], [ 32.460910030077919, 0.342512677380629 ], [ 32.460896838713026, 0.342544336090618 ], [ 32.460844073253469, 0.34256544189722 ], [ 32.460838796707513, 0.342623482865134 ], [ 32.460830881888583, 0.342678885606907 ], [ 32.460820328796672, 0.342707906090564 ], [ 32.460815052250723, 0.342734288348359 ], [ 32.460878370802185, 0.342744841251456 ], [ 32.460888923894089, 0.342773861734914 ], [ 32.460878370802185, 0.342784414637967 ], [ 32.460867817710266, 0.342816073347059 ], [ 32.460865179437292, 0.342839817378809 ], [ 32.460825605342627, 0.342842455604555 ], [ 32.460804499158812, 0.342823988024315 ], [ 32.460804499158812, 0.34278969108949 ], [ 32.460667308963984, 0.342810796895551 ], [ 32.46064356450718, 0.34279232931525 ] ] ] } },
{ "type": "Feature", "properties": { "fid": 185, "class_name": "disturbance", "class_id": null, "dist_to_line": null, "risk_level": null, "area_m2": 362.18720344404574, "perimeter_m": 75.347979505977236, "compactness": 0.80167759102509772, "dist_bin": 2 }, "geometry": { "type": "Polygon", "coordinates": [ [ [ 32.459712254146098, 0.342211919630515 ], [ 32.459675318324408, 0.342262045922855 ], [ 32.459662126959522, 0.342309533989042 ], [ 32.45965157386761, 0.34233063979616 ], [ 32.459654212140592, 0.342354383829113 ], [ 32.459654212140592, 0.342367574958506 ], [ 32.459749189967788, 0.342396595443106 ], [ 32.459770296151603, 0.342404510120709 ], [ 32.459812508519242, 0.342367574958506 ], [ 32.459849444340939, 0.34233063979616 ], [ 32.459896933254534, 0.342259407696949 ], [ 32.459712254146098, 0.342211919630515 ] ] ] } },
{ "type": "Feature", "properties": { "fid": 186, "class_name": "structure", "class_id": null, "dist_to_line": null, "risk_level": null, "area_m2": 34.055444435241952, "perimeter_m": 30.276007387682597, "compactness": 0.46687348651974031, "dist_bin": 2 }, "geometry": { "type": "Polygon", "coordinates": [ [ [ 32.456630751308317, 0.341441557631092 ], [ 32.456628113035343, 0.341457386987867 ], [ 32.456715176043595, 0.341486407475218 ], [ 32.456744197046355, 0.341475854570737 ], [ 32.456746835319329, 0.341460025213993 ], [ 32.456630751308317, 0.341441557631092 ] ] ] } },
{ "type": "Feature", "properties": { "fid": 187, "class_name": "structure", "class_id": null, "dist_to_line": null, "risk_level": null, "area_m2": 46.007039401869406, "perimeter_m": 29.023598452637145, "compactness": 0.68632787370824677, "dist_bin": 2 }, "geometry": { "type": "Polygon", "coordinates": [ [ [ 32.453963457327994, 0.340855871412139 ], [ 32.453944989417153, 0.340895444806434 ], [ 32.454026775879456, 0.340927103521753 ], [ 32.45404524379029, 0.340890168353871 ], [ 32.453963457327994, 0.340855871412139 ] ] ] } },
{ "type": "Feature", "properties": { "fid": 188, "class_name": "structure", "class_id": null, "dist_to_line": null, "risk_level": null, "area_m2": 80.87635849036451, "perimeter_m": 41.234531945340379, "compactness": 0.5977358640213698, "dist_bin": 2 }, "geometry": { "type": "Polygon", "coordinates": [ [ [ 32.454068988247101, 0.340853233185846 ], [ 32.454039967244341, 0.340900721258994 ], [ 32.454166604347257, 0.340956124010704 ], [ 32.454187710531087, 0.340921827069207 ], [ 32.454068988247101, 0.340853233185846 ] ] ] } },
{ "type": "Feature", "properties": { "fid": 189, "class_name": "structure", "class_id": null, "dist_to_line": null, "risk_level": null, "area_m2": 43.779482106183423, "perimeter_m": 43.79488486514316, "compactness": 0.28683603193363022, "dist_bin": 2 }, "geometry": { "type": "Polygon", "coordinates": [ [ [ 32.454071626520076, 0.34085850963843 ], [ 32.454195625350017, 0.340921827069207 ], [ 32.454256305628505, 0.340895444806434 ], [ 32.454071626520076, 0.34085850963843 ] ] ] } },
{ "type": "Feature", "properties": { "fid": 190, "class_name": "structure", "class_id": null, "dist_to_line": null, "risk_level": null, "area_m2": 41.916065773155424, "perimeter_m": 25.940288944578157, "compactness": 0.78278187027834067, "dist_bin": 2 }, "geometry": { "type": "Polygon", "coordinates": [ [ [ 32.452085006967977, 0.340417925837752 ], [ 32.452085006967977, 0.340470690365841 ], [ 32.452144368109977, 0.340475966818634 ], [ 32.452145687246471, 0.34041528761134 ], [ 32.452085006967977, 0.340417925837752 ] ] ] } },
{ "type": "Feature", "properties": { "fid": 191, "class_name": "structure", "class_id": null, "dist_to_line": null, "risk_level": null, "area_m2": 33.038106103893369, "perimeter_m": 23.192623409789519, "compactness": 0.77183639838239948, "dist_bin": 2 }, "geometry": { "type": "Polygon", "coordinates": [ [ [ 32.45217338911273, 0.34044298898863 ], [ 32.452170750839748, 0.340472009479039 ], [ 32.452231431118228, 0.340475966818634 ], [ 32.45224066507366, 0.340428478743393 ], [ 32.45220372925197, 0.340428478743393 ], [ 32.45217338911273, 0.34044298898863 ] ] ] } },
{ "type": "Feature", "properties": { "fid": 192, "class_name": "structure", "class_id": null, "dist_to_line": null, "risk_level": null, "area_m2": 26.666070191666222, "perimeter_m": 21.011615172064914, "compactness": 0.7590143831857995, "dist_bin": 2 }, "geometry": { "type": "Polygon", "coordinates": [ [ [ 32.451669478974011, 0.34034801283759 ], [ 32.451676074656454, 0.340312396780709 ], [ 32.451723563570056, 0.340313715893929 ], [ 32.451727520979517, 0.340359884856521 ], [ 32.451669478974011, 0.34034801283759 ] ] ] } },
{ "type": "Feature", "properties": { "fid": 193, "class_name": "structure", "class_id": null, "dist_to_line": null, "risk_level": null, "area_m2": 169.65616190270885, "perimeter_m": 65.219260922939796, "compactness": 0.50121926564377262, "dist_bin": 2 }, "geometry": { "type": "Polygon", "coordinates": [ [ [ 32.451322546077456, 0.340301843874941 ], [ 32.451326503486932, 0.340254355798842 ], [ 32.451557352372468, 0.340301843874941 ], [ 32.451544161007583, 0.340371756875438 ], [ 32.451322546077456, 0.340301843874941 ] ] ] } },
{ "type": "Feature", "properties": { "fid": 194, "class_name": "structure", "class_id": null, "dist_to_line": null, "risk_level": null, "area_m2": 158.8077012247486, "perimeter_m": 67.173219380614285, "compactness": 0.44227164555944831, "dist_bin": 2 }, "geometry": { "type": "Polygon", "coordinates": [ [ [ 32.451330460896401, 0.340197633929863 ], [ 32.451333099169382, 0.340243802893011 ], [ 32.451563948054904, 0.340296567422052 ], [ 32.451587692511715, 0.340241164666551 ], [ 32.451330460896401, 0.340197633929863 ] ] ] } },
{ "type": "Feature", "properties": { "fid": 195, "class_name": "structure", "class_id": null, "dist_to_line": null, "risk_level": null, "area_m2": 36.529318539645828, "perimeter_m": 26.888833665570026, "compactness": 0.6349031843344054, "dist_bin": 2 }, "geometry": { "type": "Polygon", "coordinates": [ [ [ 32.450699913654766, 0.340012958075063 ], [ 32.450698594518272, 0.340045935906536 ], [ 32.450723658111556, 0.340051212359561 ], [ 32.450721019838582, 0.340068360831873 ], [ 32.450763232206228, 0.340073637284887 ], [ 32.450779061844088, 0.340035383000477 ], [ 32.450699913654766, 0.340012958075063 ] ] ] } },
{ "type": "Feature", "properties": { "fid": 196, "class_name": "structure", "class_id": null, "dist_to_line": null, "risk_level": null, "area_m2": 34.901483996931347, "perimeter_m": 24.616533435927959, "compactness": 0.72376898465668216, "dist_bin": 2 }, "geometry": { "type": "Polygon", "coordinates": [ [ [ 32.450780380980582, 0.340036702113735 ], [ 32.450752679114323, 0.340105296002905 ], [ 32.450797529754936, 0.340107934229401 ], [ 32.450818635938752, 0.340048574133049 ], [ 32.450780380980582, 0.340036702113735 ] ] ] } },
{ "type": "Feature", "properties": { "fid": 197, "class_name": "disturbance", "class_id": null, "dist_to_line": null, "risk_level": null, "area_m2": 535.42042331023913, "perimeter_m": 109.05432762816989, "compactness": 0.56574273827990618, "dist_bin": 2 }, "geometry": { "type": "Polygon", "coordinates": [ [ [ 32.45063527596681, 0.340218739741615 ], [ 32.450761913069734, 0.340355927516879 ], [ 32.450798848891417, 0.340311077667488 ], [ 32.450827869894169, 0.340253036685614 ], [ 32.450846337805018, 0.340234569100399 ], [ 32.450859529169904, 0.340123763588367 ], [ 32.450883273626701, 0.340065722605366 ], [ 32.450825231621195, 0.340049893246305 ], [ 32.450801487164398, 0.340107934229401 ], [ 32.450746083431866, 0.340102657776407 ], [ 32.450764551342708, 0.340070999058381 ], [ 32.450714424156139, 0.340065722605366 ], [ 32.450714424156139, 0.340065722605366 ], [ 32.450717062429121, 0.340052531472817 ], [ 32.450701232791253, 0.340052531472817 ], [ 32.45063527596681, 0.340218739741615 ] ] ] } },
{ "type": "Feature", "properties": { "fid": 198, "class_name": "structure", "class_id": null, "dist_to_line": null, "risk_level": null, "area_m2": 49.680288030951488, "perimeter_m": 31.078463151707687, "compactness": 0.64636063660872956, "dist_bin": 2 }, "geometry": { "type": "Polygon", "coordinates": [ [ [ 32.449521924770281, 0.339742539852733 ], [ 32.449519286497306, 0.33978475147818 ], [ 32.449544350090591, 0.339788708818056 ], [ 32.449545669227078, 0.339799261724385 ], [ 32.449569413683875, 0.339804538177545 ], [ 32.449566775410901, 0.33979134704464 ], [ 32.449603711232577, 0.339788708818056 ], [ 32.449606349505558, 0.339746497192626 ], [ 32.449521924770281, 0.339742539852733 ] ] ] } },
{ "type": "Feature", "properties": { "fid": 199, "class_name": "disturbance", "class_id": null, "dist_to_line": null, "risk_level": null, "area_m2": 236.62127451048309, "perimeter_m": 69.988278664355292, "compactness": 0.60703401678871782, "dist_bin": 2 }, "geometry": { "type": "Polygon", "coordinates": [ [ [ 32.448576103907818, 0.339623819655172 ], [ 32.448558955133464, 0.339687137094052 ], [ 32.448591933545693, 0.3397003282271 ], [ 32.448614358866003, 0.339705604680314 ], [ 32.448644699005243, 0.339720114926638 ], [ 32.448665805189059, 0.339730667833042 ], [ 32.448660528643103, 0.339749135419221 ], [ 32.448677677417457, 0.339730667833042 ], [ 32.448690868782343, 0.339726710493142 ], [ 32.44871329410266, 0.339728029606442 ], [ 32.448729123740527, 0.33973462517294 ], [ 32.448743634241907, 0.339735944286239 ], [ 32.448755506470299, 0.339737263399538 ], [ 32.448763421289229, 0.339734625172941 ], [ 32.44876605956221, 0.339720114926638 ], [ 32.448764740425723, 0.339705604680315 ], [ 32.44876605956221, 0.339689775320664 ], [ 32.44876605956221, 0.339677903300908 ], [ 32.44876605956221, 0.339656797487974 ], [ 32.448758144743273, 0.339640968128243 ], [ 32.448739676832439, 0.339633053448368 ], [ 32.448726485467546, 0.339625138768486 ], [ 32.448708017556704, 0.339613266748652 ], [ 32.448609082320047, 0.3396264578818 ], [ 32.448599848364623, 0.339639649014931 ], [ 32.448595890955161, 0.339614585861967 ], [ 32.448576103907818, 0.339623819655172 ] ] ] } },
{ "type": "Feature", "properties": { "fid": 200, "class_name": "structure", "class_id": null, "dist_to_line": null, "risk_level": null, "area_m2": 26.023529995418357, "perimeter_m": 21.964686344875368, "compactness": 0.67783822916384817, "dist_bin": 2 }, "geometry": { "type": "Polygon", "coordinates": [ [ [ 32.448569508225383, 0.339549949309287 ], [ 32.448562912542933, 0.339589522708939 ], [ 32.44859325268218, 0.339588203595619 ], [ 32.44859325268218, 0.339596118275531 ], [ 32.448606444047066, 0.339596118275532 ], [ 32.448624911957907, 0.339593480048895 ], [ 32.448626231094401, 0.339564459555845 ], [ 32.448569508225383, 0.339549949309287 ] ] ] } },
{ "type": "Feature", "properties": { "fid": 201, "class_name": "agricultural_activity", "class_id": null, "dist_to_line": null, "risk_level": null, "area_m2": 796.126927530393, "perimeter_m": 198.68952461131192, "compactness": 0.25342078745712299, "dist_bin": 2 }, "geometry": { "type": "Polygon", "coordinates": [ [ [ 32.447015565441589, 0.33910145076859 ], [ 32.447015565441589, 0.339148938850354 ], [ 32.447793855969969, 0.339407485069202 ], [ 32.447793855969969, 0.339288764867527 ], [ 32.447015565441589, 0.33910145076859 ] ] ] } },
{ "type": "Feature", "properties": { "fid": 202, "class_name": "disturbance", "class_id": null, "dist_to_line": null, "risk_level": null, "area_m2": 2995.1682780950832, "perimeter_m": 293.7545863225011, "compactness": 0.43617601436992104, "dist_bin": 2 }, "geometry": { "type": "Polygon", "coordinates": [ [ [ 32.444263846725995, 0.338832351634196 ], [ 32.444292867728755, 0.338684610929782 ], [ 32.444248017088135, 0.338647675753327 ], [ 32.444250655361117, 0.338621293484344 ], [ 32.444263846725995, 0.338597549442198 ], [ 32.444298144274711, 0.338581720080735 ], [ 32.444308697366615, 0.338552699584652 ], [ 32.44434827146128, 0.338542146676964 ], [ 32.444398398647856, 0.33854742313081 ], [ 32.444393122101907, 0.338563252492329 ], [ 32.44443797274252, 0.338573805399993 ], [ 32.444474908564203, 0.338560614265411 ], [ 32.444490738202063, 0.338576443626908 ], [ 32.444546141934602, 0.338576443626908 ], [ 32.444583077756285, 0.338576443626908 ], [ 32.444601545667126, 0.338576443626908 ], [ 32.444635843215842, 0.338576443626908 ], [ 32.444635843215842, 0.338608102349825 ], [ 32.444617375304993, 0.338634484618844 ], [ 32.444612098759038, 0.33867141979535 ], [ 32.444614737032012, 0.338700440291077 ], [ 32.444622651850949, 0.338703078517957 ], [ 32.444651672853702, 0.338710993198593 ], [ 32.444672779037525, 0.338681972702897 ], [ 32.444672779037525, 0.338681972702897 ], [ 32.444656949399651, 0.338660866887791 ], [ 32.444667502491569, 0.338642399299536 ], [ 32.444678055583481, 0.338629208165046 ], [ 32.444699161767296, 0.338642399299536 ], [ 32.444717629678145, 0.338642399299536 ], [ 32.444738735861961, 0.338613378803635 ], [ 32.444736097588979, 0.338586996534559 ], [ 32.44491550015146, 0.338618655257442 ], [ 32.444970903883984, 0.338631846391945 ], [ 32.44498409524887, 0.338655590434007 ], [ 32.44498409524887, 0.338674058022238 ], [ 32.444978818702914, 0.338703078517957 ], [ 32.4449920100678, 0.338703078517957 ], [ 32.444994648340781, 0.338745290147939 ], [ 32.444989371794826, 0.338766395962861 ], [ 32.445023669343541, 0.338771672416585 ], [ 32.445021031070567, 0.338792778231449 ], [ 32.445010477978649, 0.338827075180506 ], [ 32.445063243438206, 0.338800692912012 ], [ 32.445081711349047, 0.338819160499965 ], [ 32.445129200262642, 0.338861372129442 ], [ 32.445129200262642, 0.338922051346492 ], [ 32.444999924886737, 0.338961624748711 ], [ 32.444807330959378, 0.338956348295091 ], [ 32.444263846725995, 0.338832351634196 ] ] ] } },
{ "type": "Feature", "properties": { "fid": 203, "class_name": "disturbance", "class_id": null, "dist_to_line": null, "risk_level": null, "area_m2": 671.29973678561873, "perimeter_m": 168.25665575668918, "compactness": 0.29797637708916247, "dist_bin": 2 }, "geometry": { "type": "Polygon", "coordinates": [ [ [ 32.443720362492613, 0.338666143341572 ], [ 32.443807425500879, 0.338684610929782 ], [ 32.443849637868524, 0.338674058022238 ], [ 32.44385491441448, 0.338642399299536 ], [ 32.443852276141506, 0.338613378803635 ], [ 32.443833808230657, 0.338594911215289 ], [ 32.443804787227904, 0.338584358307647 ], [ 32.443802148954923, 0.338568528946163 ], [ 32.443812702046834, 0.338550061357731 ], [ 32.443841723049587, 0.338513126180763 ], [ 32.443865467506392, 0.338510487953831 ], [ 32.443865467506392, 0.338552699584652 ], [ 32.443897126782119, 0.33858963476147 ], [ 32.44390767987403, 0.338581720080735 ], [ 32.443910318147005, 0.338563252492329 ], [ 32.443931424330827, 0.338539508450041 ], [ 32.443926147784872, 0.338513126180763 ], [ 32.443928786057853, 0.338502573273032 ], [ 32.44396044533358, 0.338502573273032 ], [ 32.44396044533358, 0.338481467457536 ], [ 32.44399738115527, 0.33847091454977 ], [ 32.4440052959742, 0.338439255826405 ], [ 32.443994742882296, 0.338410235329896 ], [ 32.444047508341839, 0.338418150010771 ], [ 32.444047508341839, 0.338460361641993 ], [ 32.444060699706725, 0.338478829230595 ], [ 32.444065976252681, 0.338515764407694 ], [ 32.444052784887795, 0.338573805399993 ], [ 32.444034316976953, 0.338594911215289 ], [ 32.444007934247182, 0.338629208165046 ], [ 32.4439921046093, 0.33867141979535 ], [ 32.443994742882296, 0.338705716744837 ], [ 32.444010572520156, 0.338726822559845 ], [ 32.444010572520156, 0.338771672416585 ], [ 32.443691341489867, 0.338703078517957 ], [ 32.443720362492613, 0.338666143341572 ] ] ] } },
{ "type": "Feature", "properties": { "fid": 204, "class_name": "structure", "class_id": null, "dist_to_line": null, "risk_level": null, "area_m2": 33.412924440795905, "perimeter_m": 28.967032247370199, "compactness": 0.50039890075974469, "dist_bin": 2 }, "geometry": { "type": "Polygon", "coordinates": [ [ [ 32.436949234895685, 0.33663734665152 ], [ 32.436965064533567, 0.336692749427607 ], [ 32.437054765814793, 0.336663728925886 ], [ 32.436949234895685, 0.33663734665152 ] ] ] } },
{ "type": "Feature", "properties": { "fid": 205, "class_name": "structure", "class_id": null, "dist_to_line": null, "risk_level": null, "area_m2": 61.98523776626098, "perimeter_m": 32.371601353388549, "compactness": 0.74330964538749511, "dist_bin": 2 }, "geometry": { "type": "Polygon", "coordinates": [ [ [ 32.436339793837881, 0.336597773239836 ], [ 32.436355623475741, 0.336550285145604 ], [ 32.436445324756974, 0.336574029192749 ], [ 32.436416303754228, 0.336632070196638 ], [ 32.436339793837881, 0.336597773239836 ] ] ] } },
{ "type": "Feature", "properties": { "fid": 206, "class_name": "structure", "class_id": null, "dist_to_line": null, "risk_level": null, "area_m2": 32.856013588672795, "perimeter_m": 23.591480449561718, "compactness": 0.74184699690756373, "dist_bin": 2 }, "geometry": { "type": "Polygon", "coordinates": [ [ [ 32.436376729659564, 0.336497520596187 ], [ 32.436366176567653, 0.336513349961042 ], [ 32.436411027208273, 0.336560838055454 ], [ 32.436442686483993, 0.336534455780809 ], [ 32.436442686483993, 0.336515988188515 ], [ 32.436376729659564, 0.336497520596187 ] ] ] } },
{ "type": "Feature", "properties": { "fid": 207, "class_name": "structure", "class_id": null, "dist_to_line": null, "risk_level": null, "area_m2": 27.629945534616127, "perimeter_m": 23.458413582427426, "compactness": 0.63094661567670296, "dist_bin": 2 }, "geometry": { "type": "Polygon", "coordinates": [ [ [ 32.436466430940804, 0.33652126464346 ], [ 32.436458516121874, 0.336531817553341 ], [ 32.436490175397594, 0.336576667420206 ], [ 32.436542940857144, 0.336539732235744 ], [ 32.436466430940804, 0.33652126464346 ] ] ] } },
{ "type": "Feature", "properties": { "fid": 208, "class_name": "disturbance", "class_id": null, "dist_to_line": null, "risk_level": null, "area_m2": 1869.9246869541676, "perimeter_m": 222.96686372987759, "compactness": 0.47266487415263181, "dist_bin": 2 }, "geometry": { "type": "Polygon", "coordinates": [ [ [ 32.436194688824116, 0.336785087387052 ], [ 32.436157753002419, 0.336737599293732 ], [ 32.436083881359053, 0.336713855246986 ], [ 32.43609971099692, 0.33663734665152 ], [ 32.436131370272648, 0.33662415551431 ], [ 32.436152476456463, 0.336605687922186 ], [ 32.436226348099844, 0.336642623106399 ], [ 32.436244816010685, 0.336629431969196 ], [ 32.436339793837881, 0.336647899561275 ], [ 32.436368814840627, 0.336703302337302 ], [ 32.436405750662317, 0.336671643608182 ], [ 32.436500728489513, 0.336658452471019 ], [ 32.43655613222203, 0.336708578792145 ], [ 32.436598344589676, 0.336669005380751 ], [ 32.436627365592436, 0.336684834745328 ], [ 32.436651110049226, 0.336669005380751 ], [ 32.436688045870909, 0.336687472972755 ], [ 32.436764555787263, 0.336634708424079 ], [ 32.436798853335972, 0.336666367153319 ], [ 32.436830512611706, 0.336692749427607 ], [ 32.436870086706371, 0.336705940564724 ], [ 32.436880639798275, 0.336785087387052 ], [ 32.436880639798275, 0.336827299025364 ], [ 32.436796215062998, 0.336858957753978 ], [ 32.436727619965581, 0.336880063572997 ], [ 32.436664301414112, 0.336932828120345 ], [ 32.436374091386583, 0.336869510663494 ], [ 32.436194688824116, 0.336785087387052 ] ] ] } },
{ "type": "Feature", "properties": { "fid": 209, "class_name": "structure", "class_id": null, "dist_to_line": null, "risk_level": null, "area_m2": 27.073052871266555, "perimeter_m": 20.978107118963102, "compactness": 0.77306230630732287, "dist_bin": 2 }, "geometry": { "type": "Polygon", "coordinates": [ [ [ 32.437038936176933, 0.336763981567827 ], [ 32.437028383085021, 0.336724408156658 ], [ 32.437073233725634, 0.336705940564724 ], [ 32.437091701636483, 0.336745513975968 ], [ 32.437038936176933, 0.336763981567827 ] ] ] } },
{ "type": "Feature", "properties": { "fid": 210, "class_name": "structure", "class_id": null, "dist_to_line": null, "risk_level": null, "area_m2": 20.261939292184252, "perimeter_m": 18.454314738447664, "compactness": 0.74764430127770698, "dist_bin": 2 }, "geometry": { "type": "Polygon", "coordinates": [ [ [ 32.437094339909464, 0.336734961066319 ], [ 32.437081148544564, 0.336692749427607 ], [ 32.437123360912217, 0.336692749427607 ], [ 32.437139190550077, 0.336721769929241 ], [ 32.437094339909464, 0.336734961066319 ] ] ] } },
{ "type": "Feature", "properties": { "fid": 211, "class_name": "structure", "class_id": null, "dist_to_line": null, "risk_level": null, "area_m2": 216.54149962881638, "perimeter_m": 59.031674703271847, "compactness": 0.78087369981093979, "dist_bin": 2 }, "geometry": { "type": "Polygon", "coordinates": [ [ [ 32.435907117069561, 0.336389353268988 ], [ 32.435886010885731, 0.33652126464346 ], [ 32.43601000971568, 0.336539732235744 ], [ 32.436049583810338, 0.336418373771525 ], [ 32.435907117069561, 0.336389353268988 ] ] ] } },
{ "type": "Feature", "properties": { "fid": 212, "class_name": "structure", "class_id": null, "dist_to_line": null, "risk_level": null, "area_m2": 97.325886110280408, "perimeter_m": 41.223015638400931, "compactness": 0.71971194768595237, "dist_bin": 2 }, "geometry": { "type": "Polygon", "coordinates": [ [ [ 32.435482355120179, 0.336273271257978 ], [ 32.43544805757147, 0.33630756821592 ], [ 32.43550082303102, 0.33638671504148 ], [ 32.435587886039272, 0.336310206443449 ], [ 32.435482355120179, 0.336273271257978 ] ] ] } },
{ "type": "Feature", "properties": { "fid": 213, "class_name": "structure", "class_id": null, "dist_to_line": null, "risk_level": null, "area_m2": 104.95086833491223, "perimeter_m": 41.269610547646508, "compactness": 0.77434617794603178, "dist_bin": 2 }, "geometry": { "type": "Polygon", "coordinates": [ [ [ 32.435608992223102, 0.33630492998839 ], [ 32.435574694674386, 0.336410459089024 ], [ 32.435661757682652, 0.336423650226522 ], [ 32.435685502139442, 0.3363365887187 ], [ 32.435608992223102, 0.33630492998839 ] ] ] } },
{ "type": "Feature", "properties": { "fid": 214, "class_name": "structure", "class_id": null, "dist_to_line": null, "risk_level": null, "area_m2": 66.483166673278902, "perimeter_m": 32.823943184366762, "compactness": 0.77542546079976238, "dist_bin": 2 }, "geometry": { "type": "Polygon", "coordinates": [ [ [ 32.435688140412424, 0.3363365887187 ], [ 32.435667034228601, 0.336410459089023 ], [ 32.435735629326025, 0.336421011999024 ], [ 32.435759373782822, 0.33634714162878 ], [ 32.435688140412424, 0.3363365887187 ] ] ] } },
{ "type": "Feature", "properties": { "fid": 215, "class_name": "structure", "class_id": null, "dist_to_line": null, "risk_level": null, "area_m2": 72.694580080024025, "perimeter_m": 33.229891028840044, "compactness": 0.82728292763116951, "dist_bin": 2 }, "geometry": { "type": "Polygon", "coordinates": [ [ [ 32.435062869716745, 0.336170380383428 ], [ 32.435036486986967, 0.336199400886616 ], [ 32.435070784535668, 0.336270633030439 ], [ 32.435134103087144, 0.336225783162166 ], [ 32.435123549995225, 0.336186209748814 ], [ 32.435062869716745, 0.336170380383428 ] ] ] } },
{ "type": "Feature", "properties": { "fid": 216, "class_name": "structure", "class_id": null, "dist_to_line": null, "risk_level": null, "area_m2": 27.629937730176607, "perimeter_m": 28.731918334827057, "compactness": 0.42059153092985274, "dist_bin": 2 }, "geometry": { "type": "Polygon", "coordinates": [ [ [ 32.434901935065106, 0.336130806969851 ], [ 32.434983721527416, 0.336188847976376 ], [ 32.435012742530169, 0.336154551018016 ], [ 32.434901935065106, 0.336130806969851 ] ] ] } },
{ "type": "Feature", "properties": { "fid": 217, "class_name": "structure", "class_id": null, "dist_to_line": null, "risk_level": null, "area_m2": 149.71567106294242, "perimeter_m": 50.906113680963443, "compactness": 0.72600103403137706, "dist_bin": 2 }, "geometry": { "type": "Polygon", "coordinates": [ [ [ 32.434413854564255, 0.336009448500549 ], [ 32.434437599021059, 0.336133445197428 ], [ 32.434561597851001, 0.336107062921628 ], [ 32.43455104475909, 0.336043745459417 ], [ 32.434413854564255, 0.336009448500549 ] ] ] } },
{ "type": "Feature", "properties": { "fid": 218, "class_name": "structure", "class_id": null, "dist_to_line": null, "risk_level": null, "area_m2": 125.29849705363449, "perimeter_m": 47.805906781791656, "compactness": 0.68895777425946414, "dist_bin": 2 }, "geometry": { "type": "Polygon", "coordinates": [ [ [ 32.434202792726047, 0.336012086728158 ], [ 32.434226537182852, 0.336091233556114 ], [ 32.434369003923642, 0.336035830776612 ], [ 32.434326791555989, 0.335983066224414 ], [ 32.434202792726047, 0.336012086728158 ] ] ] } },
{ "type": "Feature", "properties": { "fid": 219, "class_name": "structure", "class_id": null, "dist_to_line": null, "risk_level": null, "area_m2": 22.489470913253172, "perimeter_m": 19.219563587893045, "compactness": 0.76507156000732568, "dist_bin": 2 }, "geometry": { "type": "Polygon", "coordinates": [ [ [ 32.434358450831731, 0.336109701149211 ], [ 32.434350536012801, 0.3360648512802 ], [ 32.434398024926395, 0.336056936597412 ], [ 32.434398024926395, 0.336093871783701 ], [ 32.434358450831731, 0.336109701149211 ] ] ] } },
{ "type": "Feature", "properties": { "fid": 220, "class_name": "structure", "class_id": null, "dist_to_line": null, "risk_level": null, "area_m2": 56.801995637062646, "perimeter_m": 29.760574886355055, "compactness": 0.80591794420305962, "dist_bin": 2 }, "geometry": { "type": "Polygon", "coordinates": [ [ [ 32.434033943255486, 0.335990980907262 ], [ 32.434052411166334, 0.336070127735388 ], [ 32.434107814898866, 0.336059574825008 ], [ 32.43410253835291, 0.336006810272938 ], [ 32.434081432169087, 0.33598570445203 ], [ 32.434033943255486, 0.335990980907262 ] ] ] } },
{ "type": "Feature", "properties": { "fid": 221, "class_name": "structure", "class_id": null, "dist_to_line": null, "risk_level": null, "area_m2": 131.46706185071162, "perimeter_m": 46.344200030291255, "compactness": 0.76919427122951489, "dist_bin": 2 }, "geometry": { "type": "Polygon", "coordinates": [ [ [ 32.433073611891658, 0.335687584726838 ], [ 32.433070973618676, 0.335803666744808 ], [ 32.433181781083739, 0.335801028517142 ], [ 32.433171227991828, 0.335711328776081 ], [ 32.433073611891658, 0.335687584726838 ] ] ] } },
{ "type": "Feature", "properties": { "fid": 222, "class_name": "structure", "class_id": null, "dist_to_line": null, "risk_level": null, "area_m2": 205.87510704148735, "perimeter_m": 57.91864836429977, "compactness": 0.77121748174450921, "dist_bin": 2 }, "geometry": { "type": "Polygon", "coordinates": [ [ [ 32.432749104315413, 0.335608437895614 ], [ 32.432749104315413, 0.335735072825265 ], [ 32.432883656237273, 0.335750902191356 ], [ 32.432894209329177, 0.335640096628181 ], [ 32.432749104315413, 0.335608437895614 ] ] ] } },
{ "type": "Feature", "properties": { "fid": 223, "class_name": "disturbance", "class_id": null, "dist_to_line": null, "risk_level": null, "area_m2": 388.96086324725184, "perimeter_m": 84.880953128890866, "compactness": 0.67841473816849363, "dist_bin": 2 }, "geometry": { "type": "Polygon", "coordinates": [ [ [ 32.432590807936762, 0.335935578127192 ], [ 32.432598722755692, 0.335790475606472 ], [ 32.432625105485464, 0.335785199151132 ], [ 32.432662041307161, 0.335832687249085 ], [ 32.432743827769457, 0.335816857883126 ], [ 32.432804508047944, 0.335822134338449 ], [ 32.432838805596653, 0.335851154842671 ], [ 32.432844082142608, 0.335909195850857 ], [ 32.432817699412837, 0.335959322175831 ], [ 32.432590807936762, 0.335935578127192 ] ] ] } },
{ "type": "Feature", "properties": { "fid": 224, "class_name": "disturbance", "class_id": null, "dist_to_line": null, "risk_level": null, "area_m2": 175.46077597315161, "perimeter_m": 55.576611860901423, "compactness": 0.71384804645550926, "dist_bin": 2 }, "geometry": { "type": "Polygon", "coordinates": [ [ [ 32.432261023814554, 0.335856431297975 ], [ 32.432274215179454, 0.335814219655464 ], [ 32.4323164275471, 0.335772008012771 ], [ 32.432366554733662, 0.33577992269579 ], [ 32.432424596739182, 0.335790475606472 ], [ 32.432416681920245, 0.335822134338449 ], [ 32.432445702922998, 0.335853793070324 ], [ 32.432395575736422, 0.335869622436222 ], [ 32.432385022644517, 0.335896004712663 ], [ 32.432261023814554, 0.335856431297975 ] ] ] } },
{ "type": "Feature", "properties": { "fid": 225, "class_name": "structure", "class_id": null, "dist_to_line": null, "risk_level": null, "area_m2": 242.62934146765474, "perimeter_m": 67.376064936828584, "compactness": 0.67164826652319221, "dist_bin": 2 }, "geometry": { "type": "Polygon", "coordinates": [ [ [ 32.4323164275471, 0.335497632330825 ], [ 32.432311151001144, 0.335603161440176 ], [ 32.432408767101307, 0.335621629034196 ], [ 32.432408767101307, 0.33564273485589 ], [ 32.432487915290636, 0.335645373083598 ], [ 32.432514298020408, 0.335553035113376 ], [ 32.4323164275471, 0.335497632330825 ] ] ] } },
{ "type": "Feature", "properties": { "fid": 226, "class_name": "structure", "class_id": null, "dist_to_line": null, "risk_level": null, "area_m2": 154.21358297666302, "perimeter_m": 58.153391402380564, "compactness": 0.57303664765111828, "dist_bin": 2 }, "geometry": { "type": "Polygon", "coordinates": [ [ [ 32.431079077520621, 0.335199512590757 ], [ 32.431063247882761, 0.335273382969673 ], [ 32.43126375662905, 0.335305041703324 ], [ 32.43126375662905, 0.335252277147183 ], [ 32.431079077520621, 0.335199512590757 ] ] ] } },
{ "type": "Feature", "properties": { "fid": 227, "class_name": "structure", "class_id": null, "dist_to_line": null, "risk_level": null, "area_m2": 22.746510634187871, "perimeter_m": 20.38671470926398, "compactness": 0.6877493006576243, "dist_bin": 2 }, "geometry": { "type": "Polygon", "coordinates": [ [ [ 32.431261118356069, 0.335252277147183 ], [ 32.431261118356069, 0.335289212336511 ], [ 32.431316522088608, 0.335294488792118 ], [ 32.431324436907545, 0.335270744741864 ], [ 32.431261118356069, 0.335252277147183 ] ] ] } },
{ "type": "Feature", "properties": { "fid": 228, "class_name": "structure", "class_id": null, "dist_to_line": null, "risk_level": null, "area_m2": 184.71362444794613, "perimeter_m": 61.696147412067802, "compactness": 0.60980741797954108, "dist_bin": 2 }, "geometry": { "type": "Polygon", "coordinates": [ [ [ 32.430296829582772, 0.335194236135099 ], [ 32.430283638217887, 0.335109812844182 ], [ 32.430352233315297, 0.335109812844182 ], [ 32.430381254318057, 0.335120365755587 ], [ 32.430412913593777, 0.335152024489731 ], [ 32.430415551866759, 0.335173130312438 ], [ 32.430478870418227, 0.335175768540273 ], [ 32.430486785237157, 0.33521270372989 ], [ 32.430455125961423, 0.335236447780285 ], [ 32.430296829582772, 0.335194236135099 ] ] ] } },
{ "type": "Feature", "properties": { "fid": 229, "class_name": "structure", "class_id": null, "dist_to_line": null, "risk_level": null, "area_m2": 23.903107402797104, "perimeter_m": 25.563502619619847, "compactness": 0.45964602512329139, "dist_bin": 2 }, "geometry": { "type": "Polygon", "coordinates": [ [ [ 32.430565933426486, 0.335088707021339 ], [ 32.43056857169946, 0.335109812844182 ], [ 32.43060550752115, 0.335112451072034 ], [ 32.430610784067106, 0.335128280439132 ], [ 32.430652996434745, 0.335128280439132 ], [ 32.430655634707719, 0.335107174616329 ], [ 32.430565933426486, 0.335088707021339 ] ] ] } },
{ "type": "Feature", "properties": { "fid": 230, "class_name": "disturbance", "class_id": null, "dist_to_line": null, "risk_level": null, "area_m2": 77.106781054491876, "perimeter_m": 40.095011106922797, "compactness": 0.60272854637788376, "dist_bin": 2 }, "geometry": { "type": "Polygon", "coordinates": [ [ [ 32.430782271810642, 0.335510823469556 ], [ 32.430795463175528, 0.335473888281063 ], [ 32.430877249637838, 0.335479164736571 ], [ 32.430908908913565, 0.335479164736571 ], [ 32.430922100278451, 0.335542482202438 ], [ 32.430782271810642, 0.335510823469556 ] ] ] } },
{ "type": "Feature", "properties": { "fid": 231, "class_name": "structure", "class_id": null, "dist_to_line": null, "risk_level": null, "area_m2": 61.942453413350449, "perimeter_m": 37.899324408683832, "compactness": 0.54192018834716427, "dist_bin": 2 }, "geometry": { "type": "Polygon", "coordinates": [ [ [ 32.430005300418756, 0.334947561829908 ], [ 32.4300000238728, 0.334987135248271 ], [ 32.430025087466092, 0.334988454362214 ], [ 32.430026406602579, 0.335013517527092 ], [ 32.430080491198616, 0.335012198413152 ], [ 32.430075214652661, 0.334999007273749 ], [ 32.430110831337849, 0.335002964615572 ], [ 32.430117427020299, 0.334971305880945 ], [ 32.430005300418756, 0.334947561829908 ] ] ] } },
{ "type": "Feature", "properties": { "fid": 232, "class_name": "structure", "class_id": null, "dist_to_line": null, "risk_level": null, "area_m2": 74.311660731602387, "perimeter_m": 38.063329769386108, "compactness": 0.64454504784544997, "dist_bin": 2 }, "geometry": { "type": "Polygon", "coordinates": [ [ [ 32.430117427020299, 0.33497262499489 ], [ 32.430114788747318, 0.335026708666475 ], [ 32.430151724569008, 0.33502934689435 ], [ 32.430147767159546, 0.335053090945189 ], [ 32.430217681393444, 0.335047814489452 ], [ 32.430221638802912, 0.334997688159808 ], [ 32.430117427020299, 0.33497262499489 ] ] ] } },
{ "type": "Feature", "properties": { "fid": 233, "class_name": "structure", "class_id": null, "dist_to_line": null, "risk_level": null, "area_m2": 19.726490147742879, "perimeter_m": 18.895007555639506, "compactness": 0.69432938260929655, "dist_bin": 2 }, "geometry": { "type": "Polygon", "coordinates": [ [ [ 32.430287595627355, 0.335013517527092 ], [ 32.4302823190814, 0.335049133603386 ], [ 32.430337722813931, 0.335047814489451 ], [ 32.43034299935988, 0.335026708666475 ], [ 32.430287595627355, 0.335013517527092 ] ] ] } },
{ "type": "Feature", "properties": { "fid": 234, "class_name": "structure", "class_id": null, "dist_to_line": null, "risk_level": null, "area_m2": 94.070332522645913, "perimeter_m": 42.78262272253609, "compactness": 0.64584415516095195, "dist_bin": 2 }, "geometry": { "type": "Polygon", "coordinates": [ [ [ 32.419462761600421, 0.332426734751702 ], [ 32.419478591238281, 0.332513796294202 ], [ 32.419599951795249, 0.332500605151449 ], [ 32.419597313522274, 0.332466308180207 ], [ 32.419462761600421, 0.332426734751702 ] ] ] } },
{ "type": "Feature", "properties": { "fid": 235, "class_name": "structure", "class_id": null, "dist_to_line": null, "risk_level": null, "area_m2": 70.509919787527906, "perimeter_m": 35.039153903886216, "compactness": 0.72169361558364564, "dist_bin": 2 }, "geometry": { "type": "Polygon", "coordinates": [ [ [ 32.419085488564626, 0.332091679717347 ], [ 32.419085488564626, 0.332118062003929 ], [ 32.418977319372544, 0.332118062003929 ], [ 32.4189825959185, 0.332060020973356 ], [ 32.419077573745696, 0.332065297430695 ], [ 32.419085488564626, 0.332091679717347 ] ] ] } },
{ "type": "Feature", "properties": { "fid": 236, "class_name": "structure", "class_id": null, "dist_to_line": null, "risk_level": null, "area_m2": 118.31614774851187, "perimeter_m": 51.501646652867905, "compactness": 0.5605465130067987, "dist_bin": 2 }, "geometry": { "type": "Polygon", "coordinates": [ [ [ 32.419077573745696, 0.332062659202026 ], [ 32.418987872464449, 0.332054744516014 ], [ 32.4189825959185, 0.331999341713757 ], [ 32.418935107004906, 0.331994065256383 ], [ 32.41893774527788, 0.331936024225082 ], [ 32.419003702102316, 0.331936024225082 ], [ 32.419077573745696, 0.332062659202026 ] ] ] } },
{ "type": "Feature", "properties": { "fid": 237, "class_name": "structure", "class_id": null, "dist_to_line": null, "risk_level": null, "area_m2": 42.40875933317875, "perimeter_m": 26.573589024920466, "compactness": 0.75468375761542816, "dist_bin": 2 }, "geometry": { "type": "Polygon", "coordinates": [ [ [ 32.418613237701635, 0.331819942161459 ], [ 32.418626429066528, 0.33188853610831 ], [ 32.418676556253089, 0.33188853610831 ], [ 32.418666003161185, 0.331822580390193 ], [ 32.418613237701635, 0.331819942161459 ] ] ] } },
{ "type": "Feature", "properties": { "fid": 238, "class_name": "structure", "class_id": null, "dist_to_line": null, "risk_level": null, "area_m2": 50.376473235512094, "perimeter_m": 34.213543861972752, "compactness": 0.54080600095171083, "dist_bin": 2 }, "geometry": { "type": "Polygon", "coordinates": [ [ [ 32.418647535250351, 0.33201253285718 ], [ 32.418666003161185, 0.331999341713757 ], [ 32.418655450069281, 0.331909641938015 ], [ 32.418594769790793, 0.331891174337025 ], [ 32.418647535250351, 0.33201253285718 ] ] ] } },
{ "type": "Feature", "properties": { "fid": 239, "class_name": "structure", "class_id": null, "dist_to_line": null, "risk_level": null, "area_m2": 37.096956454712199, "perimeter_m": 27.965484165863234, "compactness": 0.59607850198522294, "dist_bin": 2 }, "geometry": { "type": "Polygon", "coordinates": [ [ [ 32.418486600598726, 0.330812138733719 ], [ 32.418452303050024, 0.330817415191723 ], [ 32.4184892388717, 0.330896562061441 ], [ 32.41852617469339, 0.330896562061441 ], [ 32.418486600598726, 0.330812138733719 ] ] ] } },
{ "type": "Feature", "properties": { "fid": 240, "class_name": "structure", "class_id": null, "dist_to_line": null, "risk_level": null, "area_m2": 126.84074706862884, "perimeter_m": 48.355334146284108, "compactness": 0.68167894141823682, "dist_bin": 2 }, "geometry": { "type": "Polygon", "coordinates": [ [ [ 32.418542004331258, 0.330933497267093 ], [ 32.41847340923384, 0.330951964869868 ], [ 32.418486600598726, 0.331017920593782 ], [ 32.41846549441491, 0.331028473509568 ], [ 32.418470770960866, 0.331070685172598 ], [ 32.418584216698896, 0.331039026425343 ], [ 32.418542004331258, 0.330933497267093 ] ] ] } },
{ "type": "Feature", "properties": { "fid": 241, "class_name": "structure", "class_id": null, "dist_to_line": null, "risk_level": null, "area_m2": 84.946069463028834, "perimeter_m": 42.059424083396607, "compactness": 0.60342946025308253, "dist_bin": 2 }, "geometry": { "type": "Polygon", "coordinates": [ [ [ 32.418602684609738, 0.331060132256858 ], [ 32.418557833969125, 0.331060132256857 ], [ 32.418565748788055, 0.331147193811382 ], [ 32.418586854971878, 0.331139279124639 ], [ 32.418586854971878, 0.331170937871575 ], [ 32.418658088342262, 0.331168299642667 ], [ 32.418602684609738, 0.331060132256858 ] ] ] } },
{ "type": "Feature", "properties": { "fid": 242, "class_name": "structure", "class_id": null, "dist_to_line": null, "risk_level": null, "area_m2": 79.591392093348986, "perimeter_m": 37.933231885804297, "compactness": 0.69508236970948822, "dist_bin": 2 }, "geometry": { "type": "Polygon", "coordinates": [ [ [ 32.418592131517833, 0.331136640895723 ], [ 32.418565748788055, 0.331144555582469 ], [ 32.418560472242099, 0.331120811522213 ], [ 32.418497153690637, 0.331123449751133 ], [ 32.418499791963612, 0.331176214329387 ], [ 32.418539366058276, 0.33119732016061 ], [ 32.418607961155693, 0.33119468193171 ], [ 32.418592131517833, 0.331136640895723 ] ] ] } },
{ "type": "Feature", "properties": { "fid": 243, "class_name": "structure", "class_id": null, "dist_to_line": null, "risk_level": null, "area_m2": 22.01832940919121, "perimeter_m": 20.247780153809142, "compactness": 0.67489994912852735, "dist_bin": 2 }, "geometry": { "type": "Polygon", "coordinates": [ [ [ 32.418425920320246, 0.330999452991131 ], [ 32.418425920320246, 0.330959879556761 ], [ 32.41846549441491, 0.330959879556761 ], [ 32.418470770960866, 0.330954603098833 ], [ 32.418486600598726, 0.330983623617402 ], [ 32.418425920320246, 0.330999452991131 ] ] ] } },
{ "type": "Feature", "properties": { "fid": 244, "class_name": "disturbance", "class_id": null, "dist_to_line": null, "risk_level": null, "area_m2": 212.12958243610046, "perimeter_m": 58.233284447028424, "compactness": 0.78608322719240409, "dist_bin": 2 }, "geometry": { "type": "Polygon", "coordinates": [ [ [ 32.4177848199867, 0.329651317904789 ], [ 32.417721501435246, 0.329701444261564 ], [ 32.41773996934608, 0.329738379471658 ], [ 32.417763713802884, 0.329759485305936 ], [ 32.417771628621814, 0.329783229369445 ], [ 32.417771628621814, 0.329804335203628 ], [ 32.417787458259674, 0.329822802808501 ], [ 32.417827032354332, 0.329835993954818 ], [ 32.417848138538162, 0.329775314681615 ], [ 32.41787452126794, 0.329743655930231 ], [ 32.417858691630073, 0.32966714728064 ], [ 32.4177848199867, 0.329651317904789 ] ] ] } },
{ "type": "Feature", "properties": { "fid": 245, "class_name": "structure", "class_id": null, "dist_to_line": null, "risk_level": null, "area_m2": 28.529578605230199, "perimeter_m": 27.155299427962802, "compactness": 0.48617881325266205, "dist_bin": 2 }, "geometry": { "type": "Polygon", "coordinates": [ [ [ 32.416246706840774, 0.326153025226633 ], [ 32.416220324111002, 0.326200513370705 ], [ 32.416291557481394, 0.326248001514554 ], [ 32.416246706840774, 0.326153025226633 ] ] ] } },
{ "type": "Feature", "properties": { "fid": 246, "class_name": "structure", "class_id": null, "dist_to_line": null, "risk_level": null, "area_m2": 55.516999471641611, "perimeter_m": 35.996862961794704, "compactness": 0.53840184609182484, "dist_bin": 2 }, "geometry": { "type": "Polygon", "coordinates": [ [ [ 32.415837774529244, 0.325295600364587 ], [ 32.415806115253517, 0.325303515055954 ], [ 32.415853604167104, 0.325422235425725 ], [ 32.415890539988808, 0.325409044273597 ], [ 32.415837774529244, 0.325295600364587 ] ] ] } },
{ "type": "Feature", "properties": { "fid": 247, "class_name": "disturbance", "class_id": null, "dist_to_line": null, "risk_level": null, "area_m2": 140.59163703257218, "perimeter_m": 49.427670232670607, "compactness": 0.72315113272562781, "dist_bin": 2 }, "geometry": { "type": "Polygon", "coordinates": [ [ [ 32.416059389459363, 0.325767843605323 ], [ 32.416025091910662, 0.32577575829632 ], [ 32.41600662399982, 0.325836437593757 ], [ 32.416056751186382, 0.325931413884665 ], [ 32.416133261102743, 0.325910308042319 ], [ 32.416059389459363, 0.325767843605323 ] ] ] } },
{ "type": "Feature", "properties": { "fid": 248, "class_name": "structure", "class_id": null, "dist_to_line": null, "risk_level": null, "area_m2": 54.831604583290755, "perimeter_m": 34.752143757714691, "compactness": 0.5705288613998093, "dist_bin": 2 }, "geometry": { "type": "Polygon", "coordinates": [ [ [ 32.41514654700913, 0.323863041124942 ], [ 32.415122802552339, 0.323870955817431 ], [ 32.415143908736148, 0.323968570357618 ], [ 32.415204589014643, 0.323976485050024 ], [ 32.41514654700913, 0.323863041124942 ] ] ] } },
{ "type": "Feature", "properties": { "fid": 249, "class_name": "disturbance", "class_id": null, "dist_to_line": null, "risk_level": null, "area_m2": 1921.8914218422779, "perimeter_m": 216.54639810872783, "compactness": 0.51503504799289568, "dist_bin": 2 }, "geometry": { "type": "Polygon", "coordinates": [ [ [ 32.41422842801294, 0.32278400465785 ], [ 32.414299661383332, 0.322760260577823 ], [ 32.414399915756476, 0.322749707653349 ], [ 32.414402554029451, 0.322691666568546 ], [ 32.414489617037709, 0.322686390106275 ], [ 32.414489617037709, 0.322617796096499 ], [ 32.414531829405362, 0.322601966709562 ], [ 32.41471387024081, 0.322976595527129 ], [ 32.414692764056987, 0.322992424913483 ], [ 32.414621530686595, 0.32296076614075 ], [ 32.414610977594684, 0.322971319065005 ], [ 32.414610977594684, 0.322995063144539 ], [ 32.41462416895957, 0.323013530761916 ], [ 32.414645275143386, 0.323039913072396 ], [ 32.414671657873157, 0.323082124769022 ], [ 32.414576680045975, 0.323132251158537 ], [ 32.414502808402602, 0.323169186392758 ], [ 32.414510723221532, 0.32319293047183 ], [ 32.414523914586418, 0.32323514216782 ], [ 32.414460596034964, 0.323256248015749 ], [ 32.41422842801294, 0.32278400465785 ] ] ] } },
{ "type": "Feature", "properties": { "fid": 250, "class_name": "structure", "class_id": null, "dist_to_line": null, "risk_level": null, "area_m2": 50.408712067021042, "perimeter_m": 32.108555362336638, "compactness": 0.61443215183830358, "dist_bin": 2 }, "geometry": { "type": "Polygon", "coordinates": [ [ [ 32.413186310186809, 0.320644399002263 ], [ 32.413202139824676, 0.320643079886431 ], [ 32.413204778097651, 0.320540188850998 ], [ 32.413140140409695, 0.320549422661912 ], [ 32.413186310186809, 0.320644399002263 ] ] ] } },
{ "type": "Feature", "properties": { "fid": 251, "class_name": "structure", "class_id": null, "dist_to_line": null, "risk_level": null, "area_m2": 31.581748573345976, "perimeter_m": 28.834977571710176, "compactness": 0.47731688735092564, "dist_bin": 2 }, "geometry": { "type": "Polygon", "coordinates": [ [ [ 32.413277330604529, 0.320637803423101 ], [ 32.413270734922087, 0.320532274155922 ], [ 32.413294479378877, 0.320533593271768 ], [ 32.413302394197821, 0.320639122538934 ], [ 32.413277330604529, 0.320637803423101 ] ] ] } },
{ "type": "Feature", "properties": { "fid": 252, "class_name": "structure", "class_id": null, "dist_to_line": null, "risk_level": null, "area_m2": 48.373931580114004, "perimeter_m": 27.746469762319549, "compactness": 0.78959752862209909, "dist_bin": 2 }, "geometry": { "type": "Polygon", "coordinates": [ [ [ 32.413220607735511, 0.320462361015816 ], [ 32.413225884281474, 0.320524359460839 ], [ 32.413225884281474, 0.320524359460839 ], [ 32.413290521969422, 0.320525678576687 ], [ 32.413283926286972, 0.320491381564597 ], [ 32.413268096649105, 0.32045444632068 ], [ 32.413220607735511, 0.320462361015816 ] ] ] } },
{ "type": "Feature", "properties": { "fid": 253, "class_name": "disturbance", "class_id": null, "dist_to_line": null, "risk_level": null, "area_m2": 567.55101875541004, "perimeter_m": 94.995692306274051, "compactness": 0.79032723348792056, "dist_bin": 2 }, "geometry": { "type": "Polygon", "coordinates": [ [ [ 32.410935863336924, 0.315681884045431 ], [ 32.410930586790975, 0.315652863483126 ], [ 32.410893650969292, 0.31560537529009 ], [ 32.410885736150362, 0.315563163562765 ], [ 32.410859353420584, 0.315526228301214 ], [ 32.410880459604407, 0.315510398903367 ], [ 32.410898927515248, 0.315460272476691 ], [ 32.410912118880134, 0.315399593117761 ], [ 32.410914757153108, 0.315375849020692 ], [ 32.410959607793735, 0.315370572554669 ], [ 32.411004458434348, 0.315396954884756 ], [ 32.411041394256031, 0.315391678418744 ], [ 32.411094159715589, 0.315470825408643 ], [ 32.411073053531773, 0.31554997239794 ], [ 32.411051947347943, 0.315613289988945 ], [ 32.410935863336924, 0.315681884045431 ] ] ] } },
{ "type": "Feature", "properties": { "fid": 254, "class_name": "disturbance", "class_id": null, "dist_to_line": null, "risk_level": null, "area_m2": 371.22842412139289, "perimeter_m": 77.971778650572176, "compactness": 0.7673194438246973, "dist_bin": 2 }, "geometry": { "type": "Polygon", "coordinates": [ [ [ 32.406255567074737, 0.306165773545475 ], [ 32.406334715264059, 0.306089264721185 ], [ 32.406382204177653, 0.306113008839126 ], [ 32.406429693091255, 0.306184241192635 ], [ 32.406471905458893, 0.30623436766334 ], [ 32.406347906628952, 0.306358364721443 ], [ 32.406255567074737, 0.306165773545475 ] ] ] } },
{ "type": "Feature", "properties": { "fid": 255, "class_name": "agricultural_activity", "class_id": null, "dist_to_line": null, "risk_level": null, "area_m2": 419.97829423784424, "perimeter_m": 100.15865304484544, "compactness": 0.52608965082945758, "dist_bin": 2 }, "geometry": { "type": "Polygon", "coordinates": [ [ [ 32.40014005031275, 0.293280624653278 ], [ 32.4001928157723, 0.293193562785255 ], [ 32.400303623237356, 0.293264795222779 ], [ 32.400314176329267, 0.293233136361713 ], [ 32.400414430702419, 0.293175095116194 ], [ 32.400432898613253, 0.293248965792257 ], [ 32.400359026969888, 0.293301730560575 ], [ 32.400203368864211, 0.293423089526762 ], [ 32.40014005031275, 0.293280624653278 ] ] ] } },
{ "type": "Feature", "properties": { "fid": 256, "class_name": "agricultural_activity", "class_id": null, "dist_to_line": null, "risk_level": null, "area_m2": 505.31046736645658, "perimeter_m": 106.13862468777535, "compactness": 0.56366523122638457, "dist_bin": 2 }, "geometry": { "type": "Polygon", "coordinates": [ [ [ 32.400261410869717, 0.293549724968337 ], [ 32.400335282513083, 0.293412536573233 ], [ 32.400372218334773, 0.293438918957037 ], [ 32.400440813432191, 0.293433642480282 ], [ 32.400435536886235, 0.293570830875126 ], [ 32.400393324518589, 0.29381882527692 ], [ 32.400261410869717, 0.293549724968337 ] ] ] } },
{ "type": "Feature", "properties": { "fid": 257, "class_name": "disturbance", "class_id": null, "dist_to_line": null, "risk_level": null, "area_m2": 309.52205174873052, "perimeter_m": 90.606509553760645, "compactness": 0.4737864749613121, "dist_bin": 2 }, "geometry": { "type": "Polygon", "coordinates": [ [ [ 32.399950094658358, 0.292470685430702 ], [ 32.399958009477302, 0.292441664806007 ], [ 32.400006817527391, 0.292439026567394 ], [ 32.400012094073347, 0.292485195743022 ], [ 32.40005034903151, 0.292515535486903 ], [ 32.40004243421258, 0.292527407560573 ], [ 32.400070136078838, 0.292491791339525 ], [ 32.400084646580225, 0.292468047192097 ], [ 32.400117624992447, 0.292494429578125 ], [ 32.400105752764048, 0.292499706055323 ], [ 32.400137412039776, 0.292507620771116 ], [ 32.400136092903288, 0.292536641395641 ], [ 32.400145326858706, 0.292545875230701 ], [ 32.400171709588484, 0.29259204440589 ], [ 32.400175666997946, 0.292605235598766 ], [ 32.40016247563306, 0.292642170938736 ], [ 32.400138731176263, 0.292658000370115 ], [ 32.400120263265428, 0.292664595966516 ], [ 32.400074093488314, 0.292658000370115 ], [ 32.399950094658358, 0.292470685430702 ] ] ] } },
{ "type": "Feature", "properties": { "fid": 258, "class_name": "disturbance", "class_id": null, "dist_to_line": null, "risk_level": null, "area_m2": 282.59861282522616, "perimeter_m": 94.265877960946199, "compactness": 0.39964175385300499, "dist_bin": 2 }, "geometry": { "type": "Polygon", "coordinates": [ [ [ 32.399922392792099, 0.292841357948623 ], [ 32.399899967471796, 0.292791231416667 ], [ 32.399915797109657, 0.292752976957918 ], [ 32.399947456385384, 0.292733190168859 ], [ 32.399964605159738, 0.292747700480838 ], [ 32.399979115661118, 0.292749019600109 ], [ 32.399985711343568, 0.292737147526673 ], [ 32.400005498390897, 0.292726594572498 ], [ 32.399994945298992, 0.292716041618312 ], [ 32.400026604574713, 0.292685701874974 ], [ 32.400060902123421, 0.292721318095406 ], [ 32.400103114491074, 0.292745062242298 ], [ 32.400122901538403, 0.292759572554263 ], [ 32.400122901538403, 0.292774082866209 ], [ 32.400166433042529, 0.292799146132254 ], [ 32.400182262680389, 0.292814975563411 ], [ 32.400209964546661, 0.292833443233066 ], [ 32.400209964546661, 0.292847953544916 ], [ 32.400180943543901, 0.292846634425658 ], [ 32.40014796513168, 0.292813656444148 ], [ 32.40012422067489, 0.292801784370781 ], [ 32.40009388053565, 0.292816294682673 ], [ 32.400063540396403, 0.292824209398242 ], [ 32.400020008892277, 0.292842677067882 ], [ 32.399973839115162, 0.29281497556341 ], [ 32.399922392792099, 0.292841357948623 ] ] ] } },
{ "type": "Feature", "properties": { "fid": 259, "class_name": "disturbance", "class_id": null, "dist_to_line": null, "risk_level": null, "area_m2": 2766.1003009720007, "perimeter_m": 240.03496574457608, "compactness": 0.6032936699128445, "dist_bin": 2 }, "geometry": { "type": "Polygon", "coordinates": [ [ [ 32.399111123851512, 0.291125183661482 ], [ 32.399338015327572, 0.29118322491759 ], [ 32.39958601298747, 0.29126237208453 ], [ 32.399820819282475, 0.291797934566207 ], [ 32.399607119171293, 0.291745169790818 ], [ 32.399377589422244, 0.29169504325397 ], [ 32.399111123851512, 0.291125183661482 ] ] ] } },
{ "type": "Feature", "properties": { "fid": 260, "class_name": "agricultural_activity", "class_id": null, "dist_to_line": null, "risk_level": null, "area_m2": 1080.1038499608767, "perimeter_m": 149.97933295001846, "compactness": 0.6034100548711504, "dist_bin": 2 }, "geometry": { "type": "Polygon", "coordinates": [ [ [ 32.398954146609341, 0.29077957435756 ], [ 32.398962061428271, 0.290763744923539 ], [ 32.398993720703999, 0.290782212596561 ], [ 32.399030656525696, 0.290787489074562 ], [ 32.399091336804169, 0.290745277250487 ], [ 32.39913091089884, 0.290710980143309 ], [ 32.399202144269232, 0.290681959514077 ], [ 32.399204782542206, 0.290647662406708 ], [ 32.39913091089884, 0.29060545058211 ], [ 32.399120357806929, 0.290565876996406 ], [ 32.39913091089884, 0.290523665171502 ], [ 32.399152017082663, 0.290486729824582 ], [ 32.39918367635839, 0.290428688564892 ], [ 32.398993720703999, 0.290452432716619 ], [ 32.398803765049621, 0.290449794477541 ], [ 32.398954146609341, 0.29077957435756 ] ] ] } },
{ "type": "Feature", "properties": { "fid": 261, "class_name": "agricultural_activity", "class_id": null, "dist_to_line": null, "risk_level": null, "area_m2": 565.54021959620877, "perimeter_m": 100.53331383960354, "compactness": 0.70315871470052771, "dist_bin": 2 }, "geometry": { "type": "Polygon", "coordinates": [ [ [ 32.398708787222425, 0.290257203023158 ], [ 32.399022741706759, 0.29023609711015 ], [ 32.399030656525696, 0.290410220891292 ], [ 32.398777382319849, 0.290404944413115 ], [ 32.398708787222425, 0.290257203023158 ] ] ] } },
{ "type": "Feature", "properties": { "fid": 262, "class_name": "agricultural_activity", "class_id": null, "dist_to_line": null, "risk_level": null, "area_m2": 830.27597060137487, "perimeter_m": 145.20911148243852, "compactness": 0.49481698296712529, "dist_bin": 2 }, "geometry": { "type": "Polygon", "coordinates": [ [ [ 32.398299854910917, 0.289394498796872 ], [ 32.398360535189397, 0.289307436898829 ], [ 32.398347343824511, 0.289265225069234 ], [ 32.398342067278556, 0.289193992606436 ], [ 32.398352620370467, 0.2891544190158 ], [ 32.398347343824511, 0.289011954088367 ], [ 32.398054495524008, 0.288869489159147 ], [ 32.398299854910917, 0.289394498796872 ] ] ] } },
{ "type": "Feature", "properties": { "fid": 263, "class_name": "agricultural_activity", "class_id": null, "dist_to_line": null, "risk_level": null, "area_m2": 642.60498051123068, "perimeter_m": 122.97335950125876, "compactness": 0.53398846530770339, "dist_bin": 2 }, "geometry": { "type": "Polygon", "coordinates": [ [ [ 32.398450236470637, 0.288922253947955 ], [ 32.398408024102999, 0.289004039370123 ], [ 32.39842649201384, 0.289096377749284 ], [ 32.398421215467884, 0.289117483664414 ], [ 32.398415938921929, 0.2892889692234 ], [ 32.398671851400756, 0.289336457531584 ], [ 32.398450236470637, 0.288922253947955 ] ] ] } },
{ "type": "Feature", "properties": { "fid": 264, "class_name": "agricultural_activity", "class_id": null, "dist_to_line": null, "risk_level": null, "area_m2": 719.88393282574543, "perimeter_m": 124.42259445375886, "compactness": 0.58435106332492226, "dist_bin": 2 }, "geometry": { "type": "Polygon", "coordinates": [ [ [ 32.397706243490958, 0.288170355684328 ], [ 32.397793306499224, 0.28811231441279 ], [ 32.397785391680294, 0.288088570256167 ], [ 32.397756370677534, 0.288038443703133 ], [ 32.39776164722349, 0.287985678910227 ], [ 32.39785926332366, 0.287972487711962 ], [ 32.397864539869616, 0.287932914117077 ], [ 32.397885646053439, 0.287882787563358 ], [ 32.397890922599387, 0.287824746290355 ], [ 32.39776164722349, 0.287750875578835 ], [ 32.397616542209718, 0.28797776419127 ], [ 32.397706243490958, 0.288170355684328 ] ] ] } },
{ "type": "Feature", "properties": { "fid": 265, "class_name": "agricultural_activity", "class_id": null, "dist_to_line": null, "risk_level": null, "area_m2": 457.804342581323, "perimeter_m": 108.91580484244551, "compactness": 0.4849622810893231, "dist_bin": 2 }, "geometry": { "type": "Polygon", "coordinates": [ [ [ 32.396993909787014, 0.28585398107307 ], [ 32.396970165330217, 0.286239164127476 ], [ 32.39705986661145, 0.286233887647366 ], [ 32.397162759257583, 0.286220696447081 ], [ 32.396993909787014, 0.28585398107307 ] ] ] } },
{ "type": "Feature", "properties": { "fid": 266, "class_name": "structure", "class_id": null, "dist_to_line": null, "risk_level": null, "area_m2": 47.978004000135115, "perimeter_m": 28.011238145350983, "compactness": 0.76840012829930648, "dist_bin": 2 }, "geometry": { "type": "Polygon", "coordinates": [ [ [ 32.39674063558116, 0.285521562810251 ], [ 32.39674591212713, 0.285587518815543 ], [ 32.396798677586681, 0.285582242335134 ], [ 32.396798677586681, 0.285508371609147 ], [ 32.39674063558116, 0.285521562810251 ] ] ] } },
{ "type": "Feature", "properties": { "fid": 267, "class_name": "structure", "class_id": null, "dist_to_line": null, "risk_level": null, "area_m2": 14.393408062409435, "perimeter_m": 18.281808890376212, "compactness": 0.54117181855043972, "dist_bin": 2 }, "geometry": { "type": "Polygon", "coordinates": [ [ [ 32.396439872461727, 0.285521562810251 ], [ 32.396479446556391, 0.28552420105047 ], [ 32.396463616918517, 0.285582242335134 ], [ 32.396439872461727, 0.285521562810251 ] ] ] } },
{ "type": "Feature", "properties": { "fid": 268, "class_name": "agricultural_activity", "class_id": null, "dist_to_line": null, "risk_level": null, "area_m2": 1387.6352688524348, "perimeter_m": 165.6472353971366, "compactness": 0.63550183589061282, "dist_bin": 2 }, "geometry": { "type": "Polygon", "coordinates": [ [ [ 32.396431957642797, 0.285521562810251 ], [ 32.396508467559151, 0.285526839290688 ], [ 32.396558594745713, 0.28554003049177 ], [ 32.396674678756732, 0.285489903927576 ], [ 32.396534850288923, 0.285033488359334 ], [ 32.396418766277911, 0.285065147243265 ], [ 32.396458340372568, 0.285146932693015 ], [ 32.396278937810102, 0.28518914453782 ], [ 32.396431957642797, 0.285521562810251 ] ] ] } },
{ "type": "Feature", "properties": { "fid": 269, "class_name": "disturbance", "class_id": null, "dist_to_line": null, "risk_level": null, "area_m2": 925.71858064013941, "perimeter_m": 196.91575410427853, "compactness": 0.30000460350321817, "dist_bin": 2 }, "geometry": { "type": "Polygon", "coordinates": [ [ [ 32.396176045163969, 0.284983361792933 ], [ 32.396207704439696, 0.284972808831558 ], [ 32.396207704439696, 0.284959617629825 ], [ 32.396302682266885, 0.284962255870172 ], [ 32.396313235358804, 0.284835620332798 ], [ 32.396128556250368, 0.284753834880837 ], [ 32.396255193353291, 0.28476174960202 ], [ 32.396239363715424, 0.284714261274842 ], [ 32.396199789620766, 0.284650943504966 ], [ 32.396239363715424, 0.284645667024127 ], [ 32.396257831626265, 0.284640390543286 ], [ 32.396247278534354, 0.284603455177331 ], [ 32.396207704439696, 0.284592902215608 ], [ 32.396218257531608, 0.284577072773005 ], [ 32.396271022991158, 0.284584987494309 ], [ 32.396281576083069, 0.284548052128177 ], [ 32.396252555080309, 0.284508478521475 ], [ 32.396218257531608, 0.284466266674176 ], [ 32.396194513074811, 0.284463628433715 ], [ 32.396162853799083, 0.284508478521475 ], [ 32.396125917977386, 0.284537499166403 ], [ 32.396136471069298, 0.284582349253875 ], [ 32.396118003158456, 0.284645667024127 ], [ 32.39605204633402, 0.284640390543286 ], [ 32.396017748785312, 0.284672049428296 ], [ 32.396176045163969, 0.284983361792933 ] ] ] } },
{ "type": "Feature", "properties": { "fid": 270, "class_name": "structure", "class_id": null, "dist_to_line": null, "risk_level": null, "area_m2": 39.796028031363676, "perimeter_m": 28.295404837743558, "compactness": 0.62462270694904853, "dist_bin": 2 }, "geometry": { "type": "Polygon", "coordinates": [ [ [ 32.395947834551414, 0.284012489305974 ], [ 32.395976855554174, 0.284003255463994 ], [ 32.395984770373104, 0.284009851065409 ], [ 32.396012472239363, 0.284092955642915 ], [ 32.395980812963636, 0.284100870364551 ], [ 32.395947834551414, 0.284012489305974 ] ] ] } },
{ "type": "Feature", "properties": { "fid": 271, "class_name": "structure", "class_id": null, "dist_to_line": null, "risk_level": null, "area_m2": 45.06505148197175, "perimeter_m": 28.945616485510122, "compactness": 0.67590261750126801, "dist_bin": 2 }, "geometry": { "type": "Polygon", "coordinates": [ [ [ 32.396033578423186, 0.284078445319902 ], [ 32.396069195108382, 0.284075807079352 ], [ 32.396048088924559, 0.283986106900298 ], [ 32.396001919147459, 0.283999298103144 ], [ 32.396033578423186, 0.284078445319902 ] ] ] } },
{ "type": "Feature", "properties": { "fid": 272, "class_name": "structure", "class_id": null, "dist_to_line": null, "risk_level": null, "area_m2": 14.90745759388119, "perimeter_m": 15.566264470992543, "compactness": 0.77311595666739996, "dist_bin": 2 }, "geometry": { "type": "Polygon", "coordinates": [ [ [ 32.395994004328529, 0.28394125681051 ], [ 32.395996642601503, 0.283968958336576 ], [ 32.396033578423186, 0.28397159657715 ], [ 32.39602830187723, 0.283932022968473 ], [ 32.395994004328529, 0.28394125681051 ] ] ] } },
{ "type": "Feature", "properties": { "fid": 273, "class_name": "disturbance", "class_id": null, "dist_to_line": null, "risk_level": null, "area_m2": 208.68289803361586, "perimeter_m": 73.092021706603475, "compactness": 0.49085901802113757, "dist_bin": 2 }, "geometry": { "type": "Polygon", "coordinates": [ [ [ 32.395723581348321, 0.284011170185692 ], [ 32.395775027671377, 0.284100870364551 ], [ 32.395854175860713, 0.284099551244279 ], [ 32.395872643771554, 0.28402568050879 ], [ 32.395877920317503, 0.283986106900298 ], [ 32.395875282044528, 0.283951809772829 ], [ 32.395813282629554, 0.283937299449638 ], [ 32.395805367810617, 0.28396104361485 ], [ 32.395802729537643, 0.283983468659727 ], [ 32.39582515485796, 0.284024361388509 ], [ 32.395815920902528, 0.28402568050879 ], [ 32.395805367810617, 0.284013808426257 ], [ 32.395793495582225, 0.283999298103144 ], [ 32.395785580763295, 0.283983468659727 ], [ 32.395777665944358, 0.283972915697437 ], [ 32.395769751125428, 0.283957086253985 ], [ 32.395753921487561, 0.283962362735138 ], [ 32.395735453576719, 0.284003255463995 ], [ 32.395723581348321, 0.284011170185692 ] ] ] } },
{ "type": "Feature", "properties": { "fid": 274, "class_name": "disturbance", "class_id": null, "dist_to_line": null, "risk_level": null, "area_m2": 617.9311667303482, "perimeter_m": 131.5271268393715, "compactness": 0.44886867439651285, "dist_bin": 2 }, "geometry": { "type": "Polygon", "coordinates": [ [ [ 32.395616731292719, 0.28349671326409 ], [ 32.395640475749516, 0.283538925114929 ], [ 32.395645752295465, 0.283562669280959 ], [ 32.395661581933332, 0.283602242890899 ], [ 32.395701156027997, 0.283594328168922 ], [ 32.395730177030757, 0.283583775206277 ], [ 32.395751283214572, 0.283573222243623 ], [ 32.395809325220078, 0.283560031040291 ], [ 32.395843622768794, 0.283546839836944 ], [ 32.395840984495813, 0.283517819189529 ], [ 32.39581196349306, 0.283501989745454 ], [ 32.395793495582211, 0.283486160301357 ], [ 32.395788219036255, 0.283462416135171 ], [ 32.395788219036255, 0.283428119006149 ], [ 32.395769751125414, 0.283407013080547 ], [ 32.395724900484801, 0.283393821877026 ], [ 32.395685326390137, 0.283399098358436 ], [ 32.395682688117162, 0.283372715951361 ], [ 32.395653667114402, 0.283333142340636 ], [ 32.395632560930579, 0.283322589377754 ], [ 32.395627284384631, 0.283298845211232 ], [ 32.395619369565694, 0.283267186322461 ], [ 32.395611454746764, 0.28320386854466 ], [ 32.395563965833169, 0.283190677340908 ], [ 32.395537583103383, 0.283198592063161 ], [ 32.395524391738505, 0.283224974470632 ], [ 32.395556051014239, 0.283309398174137 ], [ 32.395577157198055, 0.283322589377754 ], [ 32.395616731292719, 0.28349671326409 ] ] ] } },
{ "type": "Feature", "properties": { "fid": 275, "class_name": "structure", "class_id": null, "dist_to_line": null, "risk_level": null, "area_m2": 101.18220236810703, "perimeter_m": 42.000839212638027, "compactness": 0.72077224717010546, "dist_bin": 2 }, "geometry": { "type": "Polygon", "coordinates": [ [ [ 32.395709070846941, 0.283185400859403 ], [ 32.395682688117162, 0.283214421507651 ], [ 32.395651028841421, 0.283227612711376 ], [ 32.395653667114402, 0.283267186322461 ], [ 32.395666858479288, 0.283304121692686 ], [ 32.395764474579458, 0.283301483451959 ], [ 32.395709070846941, 0.283185400859403 ] ] ] } },
{ "type": "Feature", "properties": { "fid": 276, "class_name": "disturbance", "class_id": null, "dist_to_line": null, "risk_level": null, "area_m2": 218.2143606817699, "perimeter_m": 62.392172228236163, "compactness": 0.70442211144701317, "dist_bin": 2 }, "geometry": { "type": "Polygon", "coordinates": [ [ [ 32.395405669454519, 0.282990171042028 ], [ 32.395323882992216, 0.282823961870592 ], [ 32.395426775638327, 0.282794941221367 ], [ 32.395490094189796, 0.282966426874826 ], [ 32.395405669454519, 0.282990171042028 ] ] ] } },
{ "type": "Feature", "properties": { "fid": 277, "class_name": "agricultural_activity", "class_id": null, "dist_to_line": null, "risk_level": null, "area_m2": 296.86406806398008, "perimeter_m": 71.900983823782127, "compactness": 0.72160217363303636, "dist_bin": 2 }, "geometry": { "type": "Polygon", "coordinates": [ [ [ 32.394841079037327, 0.28169743297931 ], [ 32.394822611126479, 0.281515394342619 ], [ 32.394909674134738, 0.281489011931268 ], [ 32.394909674134738, 0.281489011931268 ], [ 32.394996737142996, 0.281689518256035 ], [ 32.394841079037327, 0.28169743297931 ] ] ] } },
{ "type": "Feature", "properties": { "fid": 278, "class_name": "agricultural_activity", "class_id": null, "dist_to_line": null, "risk_level": null, "area_m2": 596.72677501115322, "perimeter_m": 103.80407915122851, "compactness": 0.69591556269250687, "dist_bin": 2 }, "geometry": { "type": "Polygon", "coordinates": [ [ [ 32.394996737142996, 0.281689518256035 ], [ 32.394767207393947, 0.28170534770258 ], [ 32.394907035861763, 0.281998192459788 ], [ 32.395004651961933, 0.281969171808501 ], [ 32.394996737142996, 0.281689518256035 ] ] ] } },
{ "type": "Feature", "properties": { "fid": 279, "class_name": "agricultural_activity", "class_id": null, "dist_to_line": null, "risk_level": null, "area_m2": 451.93595155578805, "perimeter_m": 91.015744561677664, "compactness": 0.68557299539029981, "dist_bin": 2 }, "geometry": { "type": "Polygon", "coordinates": [ [ [ 32.394527124552994, 0.281507479619219 ], [ 32.39464584683698, 0.281452076555277 ], [ 32.394769845666929, 0.281710624184757 ], [ 32.394640570291024, 0.281750197801008 ], [ 32.394527124552994, 0.281507479619219 ] ] ] } },
{ "type": "Feature", "properties": { "fid": 280, "class_name": "agricultural_activity", "class_id": null, "dist_to_line": null, "risk_level": null, "area_m2": 275.9165538747111, "perimeter_m": 86.419314938673139, "compactness": 0.46426504100318472, "dist_bin": 2 }, "geometry": { "type": "Polygon", "coordinates": [ [ [ 32.39472763329929, 0.28110646695998 ], [ 32.394722356753334, 0.281404588214545 ], [ 32.394872738313055, 0.281404588214545 ], [ 32.39472763329929, 0.28110646695998 ] ] ] } },
{ "type": "Feature", "properties": { "fid": 281, "class_name": "disturbance", "class_id": null, "dist_to_line": null, "risk_level": null, "area_m2": 145.21926015081408, "perimeter_m": 51.216758314739572, "compactness": 0.69568062755095705, "dist_bin": 2 }, "geometry": { "type": "Polygon", "coordinates": [ [ [ 32.394870100040073, 0.281407226455702 ], [ 32.394732909845246, 0.281401949973387 ], [ 32.394817334580523, 0.28151803258375 ], [ 32.394904397588782, 0.281489011931268 ], [ 32.394870100040073, 0.281407226455702 ] ] ] } },
{ "type": "Feature", "properties": { "fid": 282, "class_name": "agricultural_activity", "class_id": null, "dist_to_line": null, "risk_level": null, "area_m2": 644.44800248727552, "perimeter_m": 108.30344704097908, "compactness": 0.69041971962373017, "dist_bin": 2 }, "geometry": { "type": "Polygon", "coordinates": [ [ [ 32.394007384776408, 0.279995767351706 ], [ 32.394089171238718, 0.27984274934516 ], [ 32.39415248979018, 0.279879684726233 ], [ 32.394260658982255, 0.280117126458925 ], [ 32.394176234246984, 0.280254315013399 ], [ 32.394007384776408, 0.279995767351706 ] ] ] } },
{ "type": "Feature", "properties": { "fid": 283, "class_name": "agricultural_activity", "class_id": null, "dist_to_line": null, "risk_level": null, "area_m2": 326.33639029639016, "perimeter_m": 74.901089667249465, "compactness": 0.73096923300783401, "dist_bin": 2 }, "geometry": { "type": "Polygon", "coordinates": [ [ [ 32.394268573801185, 0.280119764700372 ], [ 32.394165681155059, 0.280278059186126 ], [ 32.394268573801185, 0.280391503566267 ], [ 32.394300233076926, 0.280391503566267 ], [ 32.394350360263495, 0.280301803358804 ], [ 32.394268573801185, 0.280119764700372 ] ] ] } },
{ "type": "Feature", "properties": { "fid": 284, "class_name": "disturbance", "class_id": null, "dist_to_line": null, "risk_level": null, "area_m2": 31.913980434439509, "perimeter_m": 25.833152001995444, "compactness": 0.6009468177926991, "dist_bin": 2 }, "geometry": { "type": "Polygon", "coordinates": [ [ [ 32.394141936698269, 0.279869131760224 ], [ 32.394078618146807, 0.27984274934516 ], [ 32.394081256419788, 0.279805813963971 ], [ 32.394102362603604, 0.279782069790287 ], [ 32.394141936698269, 0.279869131760224 ] ] ] } },
{ "type": "Feature", "properties": { "fid": 285, "class_name": "disturbance", "class_id": null, "dist_to_line": null, "risk_level": null, "area_m2": 53.461235053240671, "perimeter_m": 30.343928157995407, "compactness": 0.72963431128140466, "dist_bin": 2 }, "geometry": { "type": "Polygon", "coordinates": [ [ [ 32.393806876030119, 0.279995767351706 ], [ 32.393830620486916, 0.279966746695445 ], [ 32.393893939038371, 0.280003682076128 ], [ 32.393835897032872, 0.280066999871313 ], [ 32.393806876030119, 0.279995767351706 ] ] ] } },
{ "type": "Feature", "properties": { "fid": 286, "class_name": "agricultural_activity", "class_id": null, "dist_to_line": null, "risk_level": null, "area_m2": 749.78557370003546, "perimeter_m": 114.7144388198129, "compactness": 0.71599629384490149, "dist_bin": 2 }, "geometry": { "type": "Polygon", "coordinates": [ [ [ 32.393529857367483, 0.279428545420879 ], [ 32.393690792019108, 0.279283442131848 ], [ 32.393535133913439, 0.279030170932157 ], [ 32.393387390626692, 0.279101403457621 ], [ 32.393529857367483, 0.279428545420879 ] ] ] } },
{ "type": "Feature", "properties": { "fid": 287, "class_name": "agricultural_activity", "class_id": null, "dist_to_line": null, "risk_level": null, "area_m2": 468.8569618469337, "perimeter_m": 86.794172438680405, "compactness": 0.7821122709740006, "dist_bin": 2 }, "geometry": { "type": "Polygon", "coordinates": [ [ [ 32.393384752353711, 0.279104041699297 ], [ 32.393553601824273, 0.279024894448772 ], [ 32.393458623997077, 0.278837579287075 ], [ 32.393297689345452, 0.27891672653886 ], [ 32.393384752353711, 0.279104041699297 ] ] ] } },
{ "type": "Feature", "properties": { "fid": 288, "class_name": "agricultural_activity", "class_id": null, "dist_to_line": null, "risk_level": null, "area_m2": 509.93821081577335, "perimeter_m": 91.909713038128729, "compactness": 0.75858560910901363, "dist_bin": 2 }, "geometry": { "type": "Polygon", "coordinates": [ [ [ 32.393461262270058, 0.27883494104534 ], [ 32.393619558648716, 0.278761070276511 ], [ 32.393730366113772, 0.278993235548413 ], [ 32.393553601824273, 0.279030170932157 ], [ 32.393461262270058, 0.27883494104534 ] ] ] } },
{ "type": "Feature", "properties": { "fid": 289, "class_name": "structure", "class_id": null, "dist_to_line": null, "risk_level": null, "area_m2": 767.82039742049528, "perimeter_m": 157.41984405328165, "compactness": 0.38935930092581067, "dist_bin": 2 }, "geometry": { "type": "Polygon", "coordinates": [ [ [ 32.392917778036676, 0.277273101834448 ], [ 32.39282807675545, 0.27732322843395 ], [ 32.393091904053207, 0.277864068046646 ], [ 32.393186881880389, 0.277824494417288 ], [ 32.392917778036676, 0.277273101834448 ] ] ] } },
{ "type": "Feature", "properties": { "fid": 290, "class_name": "structure", "class_id": null, "dist_to_line": null, "risk_level": null, "area_m2": 165.4815267381764, "perimeter_m": 61.641683781686766, "compactness": 0.54728103230783953, "dist_bin": 2 }, "geometry": { "type": "Polygon", "coordinates": [ [ [ 32.39246927163051, 0.277167572150593 ], [ 32.392503569179219, 0.277133275003137 ], [ 32.392500930906237, 0.277043574770861 ], [ 32.39254578154685, 0.277033021802313 ], [ 32.392572164276629, 0.276990809928028 ], [ 32.392498292633263, 0.27696970399083 ], [ 32.392416506170953, 0.277043574770861 ], [ 32.39246927163051, 0.277167572150593 ] ] ] } },
{ "type": "Feature", "properties": { "fid": 291, "class_name": "structure", "class_id": null, "dist_to_line": null, "risk_level": null, "area_m2": 38.125444659555797, "perimeter_m": 28.762430413320892, "compactness": 0.57912674216536153, "dist_bin": 2 }, "geometry": { "type": "Polygon", "coordinates": [ [ [ 32.392110466505564, 0.276431502579569 ], [ 32.392131572689379, 0.276410396641375 ], [ 32.39218433814893, 0.276492182151667 ], [ 32.392157955419158, 0.276515926331969 ], [ 32.392110466505564, 0.276431502579569 ] ] ] } },
{ "type": "Feature", "properties": { "fid": 292, "class_name": "disturbance", "class_id": null, "dist_to_line": null, "risk_level": null, "area_m2": 213.88803125354752, "perimeter_m": 64.396250688436595, "compactness": 0.64814948794590099, "dist_bin": 2 }, "geometry": { "type": "Polygon", "coordinates": [ [ [ 32.392049786227069, 0.276302228707543 ], [ 32.392115743051505, 0.276273208042201 ], [ 32.392086722048752, 0.276215166711305 ], [ 32.392134210962354, 0.276207251984342 ], [ 32.392097275140671, 0.276109637018039 ], [ 32.392097275140671, 0.276109637018039 ], [ 32.392007573859431, 0.276120189987408 ], [ 32.391986467675608, 0.276157125380125 ], [ 32.392049786227069, 0.276302228707543 ] ] ] } },
{ "type": "Feature", "properties": { "fid": 293, "class_name": "disturbance", "class_id": null, "dist_to_line": null, "risk_level": null, "area_m2": 218.12890788706136, "perimeter_m": 59.251222693937706, "compactness": 0.78077959600242086, "dist_bin": 2 }, "geometry": { "type": "Polygon", "coordinates": [ [ [ 32.392018126951342, 0.275724453629674 ], [ 32.392081445502797, 0.275827345083951 ], [ 32.392197529513815, 0.275777218478132 ], [ 32.392134210962354, 0.275645306356548 ], [ 32.392018126951342, 0.275724453629674 ] ] ] } },
{ "type": "Feature", "properties": { "fid": 294, "class_name": "structure", "class_id": null, "dist_to_line": null, "risk_level": null, "area_m2": 21.258130393638567, "perimeter_m": 19.886370008231498, "compactness": 0.67549773829421533, "dist_bin": 2 }, "geometry": { "type": "Polygon", "coordinates": [ [ [ 32.391687023692661, 0.274856471839006 ], [ 32.391676470600757, 0.27480502610779 ], [ 32.391702853330528, 0.274801068743841 ], [ 32.391706810739997, 0.274822174684887 ], [ 32.391723959514351, 0.274823493806201 ], [ 32.39172132124137, 0.274849876232453 ], [ 32.391687023692661, 0.274856471839006 ] ] ] } },
{ "type": "Feature", "properties": { "fid": 295, "class_name": "structure", "class_id": null, "dist_to_line": null, "risk_level": null, "area_m2": 27.330376353395877, "perimeter_m": 21.822793832734163, "compactness": 0.72116522512432091, "dist_bin": 2 }, "geometry": { "type": "Polygon", "coordinates": [ [ [ 32.391665917508845, 0.274797111379891 ], [ 32.391667236645333, 0.274739070041804 ], [ 32.391693619375111, 0.274739070041804 ], [ 32.391716044695421, 0.274797111379891 ], [ 32.391665917508845, 0.274797111379891 ] ] ] } },
{ "type": "Feature", "properties": { "fid": 296, "class_name": "disturbance", "class_id": null, "dist_to_line": null, "risk_level": null, "area_m2": 110.17828060324246, "perimeter_m": 49.099449258011553, "compactness": 0.57431824503553663, "dist_bin": 2 }, "geometry": { "type": "Polygon", "coordinates": [ [ [ 32.391187070963419, 0.274264186355963 ], [ 32.391181794417463, 0.274192953801462 ], [ 32.391224006785095, 0.274182400830388 ], [ 32.391224006785095, 0.274195592044229 ], [ 32.39131106979336, 0.274192953801462 ], [ 32.39131898461229, 0.274274739326965 ], [ 32.391276772244652, 0.274266824598715 ], [ 32.391266219152747, 0.274248356899444 ], [ 32.391187070963419, 0.274264186355963 ] ] ] } },
{ "type": "Feature", "properties": { "fid": 297, "class_name": "disturbance", "class_id": null, "dist_to_line": null, "risk_level": null, "area_m2": 167.36638221958856, "perimeter_m": 61.45358974286286, "compactness": 0.55690815696185147, "dist_bin": 2 }, "geometry": { "type": "Polygon", "coordinates": [ [ [ 32.391353282160999, 0.274396098492811 ], [ 32.391316346339316, 0.2743644395801 ], [ 32.391337452523132, 0.274311674725396 ], [ 32.391361196979929, 0.274311674725396 ], [ 32.391366473525885, 0.274340695395512 ], [ 32.391416600712468, 0.274351248366446 ], [ 32.391427153804372, 0.274380269036466 ], [ 32.391461451353081, 0.274393460250088 ], [ 32.391445621715214, 0.274433033890867 ], [ 32.391461451353081, 0.27449107523044 ], [ 32.391408685893538, 0.274493713473141 ], [ 32.391377026617796, 0.27446996928881 ], [ 32.391374388344822, 0.274422480920006 ], [ 32.391353282160999, 0.274396098492811 ] ] ] } },
{ "type": "Feature", "properties": { "fid": 298, "class_name": "disturbance", "class_id": null, "dist_to_line": null, "risk_level": null, "area_m2": 29.386593107003137, "perimeter_m": 22.013681111085539, "compactness": 0.76203296963833989, "dist_bin": 2 }, "geometry": { "type": "Polygon", "coordinates": [ [ [ 32.39122136851212, 0.27448052225963 ], [ 32.391216091966164, 0.274514819414729 ], [ 32.391216091966164, 0.274522734142816 ], [ 32.391263580879766, 0.27452537238551 ], [ 32.391279410517626, 0.274477884016926 ], [ 32.39122136851212, 0.27448052225963 ] ] ] } },
{ "type": "Feature", "properties": { "fid": 299, "class_name": "agricultural_activity", "class_id": null, "dist_to_line": null, "risk_level": null, "area_m2": 718.85826593241654, "perimeter_m": 127.16639012671395, "compactness": 0.55860966901109377, "dist_bin": 2 }, "geometry": { "type": "Polygon", "coordinates": [ [ [ 32.387535701162463, 0.267742448511647 ], [ 32.387419617151451, 0.267570962639276 ], [ 32.387720380270892, 0.267383647299024 ], [ 32.387788975368316, 0.267475985847392 ], [ 32.387630678989659, 0.267576239127692 ], [ 32.387691359268139, 0.267665939430424 ], [ 32.387535701162463, 0.267742448511647 ] ] ] } },
{ "type": "Feature", "properties": { "fid": 300, "class_name": "agricultural_activity", "class_id": null, "dist_to_line": null, "risk_level": null, "area_m2": 774.59010733955074, "perimeter_m": 118.44298997890274, "compactness": 0.69384599486375576, "dist_bin": 2 }, "geometry": { "type": "Polygon", "coordinates": [ [ [ 32.387023876204822, 0.267009016609948 ], [ 32.387132045396903, 0.267169949512992 ], [ 32.387440723335274, 0.267001101876957 ], [ 32.38734838378106, 0.26686391317097 ], [ 32.387023876204822, 0.267009016609948 ] ] ] } },
{ "type": "Feature", "properties": { "fid": 301, "class_name": "disturbance", "class_id": null, "dist_to_line": null, "risk_level": null, "area_m2": 1036.88557600887, "perimeter_m": 171.7074182361944, "compactness": 0.44193925633079117, "dist_bin": 2 }, "geometry": { "type": "Polygon", "coordinates": [ [ [ 32.384528069968042, 0.263194114720475 ], [ 32.384580835427592, 0.263212582436457 ], [ 32.384578197154617, 0.26323632664268 ], [ 32.384617771249275, 0.263257432603729 ], [ 32.384609856430345, 0.263299644525719 ], [ 32.384551814424832, 0.263310197506194 ], [ 32.384520155149104, 0.263299644525719 ], [ 32.384514878603149, 0.263339218202455 ], [ 32.384520155149104, 0.263360324163329 ], [ 32.384559729243776, 0.263376153633962 ], [ 32.384591388519503, 0.263397259594774 ], [ 32.3846151329763, 0.263407812575166 ], [ 32.384652068797983, 0.263394621349674 ], [ 32.384686366346699, 0.263405174330069 ], [ 32.384728578714338, 0.263397259594774 ], [ 32.384747046625179, 0.263397259594774 ], [ 32.384810365176641, 0.263341856447566 ], [ 32.384781344173881, 0.263299644525719 ], [ 32.384823556541527, 0.263289091545235 ], [ 32.384849939271305, 0.263289091545235 ], [ 32.384826194814494, 0.263260070848857 ], [ 32.384765514536014, 0.263162455778728 ], [ 32.384715387349452, 0.263075393688509 ], [ 32.384665260162869, 0.26298305510731 ], [ 32.3846151329763, 0.262903907751453 ], [ 32.384583473700566, 0.262951396165027 ], [ 32.384612494703326, 0.262993608088053 ], [ 32.384578197154617, 0.263056925972324 ], [ 32.384528069968042, 0.263194114720475 ] ] ] } },
{ "type": "Feature", "properties": { "fid": 302, "class_name": "disturbance", "class_id": null, "dist_to_line": null, "risk_level": null, "area_m2": 400.6181943431402, "perimeter_m": 100.21498190879598, "compactness": 0.50127405667704883, "dist_bin": 2 }, "geometry": { "type": "Polygon", "coordinates": [ [ [ 32.379763348970577, 0.256329398987684 ], [ 32.379781816881412, 0.256382163919083 ], [ 32.379797646519286, 0.256392716905336 ], [ 32.379834582340962, 0.256384802165646 ], [ 32.379868879889663, 0.256392716905336 ], [ 32.379903177438386, 0.256421737617488 ], [ 32.379950666351974, 0.256445481836473 ], [ 32.379971772535797, 0.256466587808867 ], [ 32.380003431811531, 0.256490332027768 ], [ 32.380050920725125, 0.256487693781226 ], [ 32.380079941727878, 0.256442843589921 ], [ 32.380085218273834, 0.256429652357155 ], [ 32.380043005906195, 0.256363696193118 ], [ 32.379971772535797, 0.256355781453411 ], [ 32.379911092257316, 0.256337313727408 ], [ 32.379900539165405, 0.256324122494533 ], [ 32.379879432981589, 0.256308293015064 ], [ 32.379855688524778, 0.256289825288993 ], [ 32.379882071254563, 0.256271357562896 ], [ 32.379858326797759, 0.256258166329952 ], [ 32.379834582340962, 0.25626608106972 ], [ 32.37979236997333, 0.25628191054924 ], [ 32.379763348970577, 0.256329398987684 ] ] ] } },
{ "type": "Feature", "properties": { "fid": 303, "class_name": "structure", "class_id": null, "dist_to_line": null, "risk_level": null, "area_m2": 22.361300220383782, "perimeter_m": 21.182797590542378, "compactness": 0.62623924974869039, "dist_bin": 2 }, "geometry": { "type": "Polygon", "coordinates": [ [ [ 32.379847773705848, 0.256099871533574 ], [ 32.379845135432873, 0.256152636465917 ], [ 32.379900539165405, 0.25615791295914 ], [ 32.379900539165405, 0.25614472172608 ], [ 32.379847773705848, 0.256099871533574 ] ] ] } },
{ "type": "Feature", "properties": { "fid": 304, "class_name": "structure", "class_id": null, "dist_to_line": null, "risk_level": null, "area_m2": 10.966451782347576, "perimeter_m": 13.717080899142424, "compactness": 0.73240718732010901, "dist_bin": 2 }, "geometry": { "type": "Polygon", "coordinates": [ [ [ 32.379905815711368, 0.256226507370833 ], [ 32.379905815711368, 0.256202763151442 ], [ 32.379934836714114, 0.256202763151442 ], [ 32.379945389806025, 0.256231783864025 ], [ 32.379905815711368, 0.256226507370833 ] ] ] } },
{ "type": "Feature", "properties": { "fid": 305, "class_name": "structure", "class_id": null, "dist_to_line": null, "risk_level": null, "area_m2": 38.039882436758489, "perimeter_m": 28.330549682274025, "compactness": 0.59557852264754607, "dist_bin": 2 }, "geometry": { "type": "Polygon", "coordinates": [ [ [ 32.379393990753719, 0.256055021340912 ], [ 32.379433564848377, 0.25604446835438 ], [ 32.379475777216008, 0.256126253999773 ], [ 32.379446756213262, 0.256131530493006 ], [ 32.379393990753719, 0.256055021340912 ] ] ] } },
{ "type": "Feature", "properties": { "fid": 306, "class_name": "structure", "class_id": null, "dist_to_line": null, "risk_level": null, "area_m2": 17.991835107697625, "perimeter_m": 17.937528036905899, "compactness": 0.70268412232729727, "dist_bin": 2 }, "geometry": { "type": "Polygon", "coordinates": [ [ [ 32.379731689694836, 0.256057659587543 ], [ 32.37973432796781, 0.25603391536784 ], [ 32.3797844551544, 0.256031277121203 ], [ 32.379787093427375, 0.256062936080805 ], [ 32.379731689694836, 0.256057659587543 ] ] ] } },
{ "type": "Feature", "properties": { "fid": 307, "class_name": "structure", "class_id": null, "dist_to_line": null, "risk_level": null, "area_m2": 22.532630837689794, "perimeter_m": 22.759663509162486, "compactness": 0.54662575685105941, "dist_bin": 2 }, "geometry": { "type": "Polygon", "coordinates": [ [ [ 32.379813476157146, 0.256023362381291 ], [ 32.37980028479226, 0.256084042053829 ], [ 32.379858326797759, 0.256094595040328 ], [ 32.379813476157146, 0.256023362381291 ] ] ] } },
{ "type": "Feature", "properties": { "fid": 308, "class_name": "structure", "class_id": null, "dist_to_line": null, "risk_level": null, "area_m2": 18.248860418840195, "perimeter_m": 20.073841112567173, "compactness": 0.56909484117116116, "dist_bin": 2 }, "geometry": { "type": "Polygon", "coordinates": [ [ [ 32.379763348970577, 0.255967959201766 ], [ 32.379752795878666, 0.256023362381291 ], [ 32.37980028479226, 0.256026000627929 ], [ 32.379805561338216, 0.256026000627929 ], [ 32.379763348970577, 0.255967959201766 ] ] ] } },
{ "type": "Feature", "properties": { "fid": 309, "class_name": "structure", "class_id": null, "dist_to_line": null, "risk_level": null, "area_m2": 90.2163010268996, "perimeter_m": 39.58432762871206, "compactness": 0.72351632639208341, "dist_bin": 2 }, "geometry": { "type": "Polygon", "coordinates": [ [ [ 32.376914014154806, 0.252010588619747 ], [ 32.376972056160312, 0.2520475240841 ], [ 32.376972056160312, 0.2520475240841 ], [ 32.377016906800932, 0.251941994185671 ], [ 32.376964141341382, 0.251910335215976 ], [ 32.376914014154806, 0.252010588619747 ] ] ] } },
{ "type": "Feature", "properties": { "fid": 310, "class_name": "structure", "class_id": null, "dist_to_line": null, "risk_level": null, "area_m2": 16.728134084180056, "perimeter_m": 17.959788844738121, "compactness": 0.65171079132894627, "dist_bin": 2 }, "geometry": { "type": "Polygon", "coordinates": [ [ [ 32.376507720116265, 0.251828549543907 ], [ 32.376565762121778, 0.251821953925169 ], [ 32.376565762121778, 0.251799528821436 ], [ 32.376511677525734, 0.251802167068936 ], [ 32.376507720116265, 0.251828549543907 ] ] ] } },
{ "type": "Feature", "properties": { "fid": 311, "class_name": "structure", "class_id": null, "dist_to_line": null, "risk_level": null, "area_m2": 9.467157049499292, "perimeter_m": 14.86990261234819, "compactness": 0.53803830674322894, "dist_bin": 2 }, "geometry": { "type": "Polygon", "coordinates": [ [ [ 32.37653146457307, 0.251878676246204 ], [ 32.376534102846044, 0.251833826038894 ], [ 32.376499805297328, 0.251833826038894 ], [ 32.37653146457307, 0.251878676246204 ] ] ] } },
{ "type": "Feature", "properties": { "fid": 312, "class_name": "structure", "class_id": null, "dist_to_line": null, "risk_level": null, "area_m2": 36.926146657592653, "perimeter_m": 27.309652226260059, "compactness": 0.62217350785237302, "dist_bin": 2 }, "geometry": { "type": "Polygon", "coordinates": [ [ [ 32.376560485575808, 0.251298261786759 ], [ 32.376542017664967, 0.251298261786759 ], [ 32.376544655937948, 0.251364217976632 ], [ 32.376615889308333, 0.251369494471807 ], [ 32.376560485575808, 0.251298261786759 ] ] ] } },
{ "type": "Feature", "properties": { "fid": 313, "class_name": "structure", "class_id": null, "dist_to_line": null, "risk_level": null, "area_m2": 366.21980711187643, "perimeter_m": 126.4116180850034, "compactness": 0.28799020223162869, "dist_bin": 2 }, "geometry": { "type": "Polygon", "coordinates": [ [ [ 32.376671293040872, 0.251446003651612 ], [ 32.376647548584067, 0.251517236335855 ], [ 32.376887631425021, 0.251865485008776 ], [ 32.376982609252217, 0.251891867483618 ], [ 32.376671293040872, 0.251446003651612 ] ] ] } },
{ "type": "Feature", "properties": { "fid": 314, "class_name": "structure", "class_id": null, "dist_to_line": null, "risk_level": null, "area_m2": 79.121316346790991, "perimeter_m": 35.599540034995044, "compactness": 0.78453910318588249, "dist_bin": 2 }, "geometry": { "type": "Polygon", "coordinates": [ [ [ 32.37606976680199, 0.250596487905904 ], [ 32.376048660618174, 0.250585934914927 ], [ 32.376009086523503, 0.250662444099316 ], [ 32.376088234712832, 0.250702017815204 ], [ 32.376109340896654, 0.25064925286066 ], [ 32.37606976680199, 0.250596487905904 ] ] ] } },
{ "type": "Feature", "properties": { "fid": 315, "class_name": "structure", "class_id": null, "dist_to_line": null, "risk_level": null, "area_m2": 123.45839965771574, "perimeter_m": 44.375616546011585, "compactness": 0.78784667575450207, "dist_bin": 2 }, "geometry": { "type": "Polygon", "coordinates": [ [ [ 32.375705685131088, 0.250079391338054 ], [ 32.375671387582379, 0.25005828535526 ], [ 32.375634451760682, 0.250142709286233 ], [ 32.375631813487708, 0.25015853877323 ], [ 32.375726791314904, 0.250206027234107 ], [ 32.375750535771701, 0.250140071038398 ], [ 32.375750535771701, 0.250140071038398 ], [ 32.375705685131088, 0.250079391338054 ] ] ] } },
{ "type": "Feature", "properties": { "fid": 316, "class_name": "structure", "class_id": null, "dist_to_line": null, "risk_level": null, "area_m2": 61.814889453129581, "perimeter_m": 34.887268039830332, "compactness": 0.63821798290589327, "dist_bin": 2 }, "geometry": { "type": "Polygon", "coordinates": [ [ [ 32.375747897498719, 0.250142709286233 ], [ 32.375724153041929, 0.250216580225389 ], [ 32.375805939504239, 0.250261430438245 ], [ 32.375816492596144, 0.250232409712297 ], [ 32.375747897498719, 0.250142709286233 ] ] ] } },
{ "type": "Feature", "properties": { "fid": 317, "class_name": "structure", "class_id": null, "dist_to_line": null, "risk_level": null, "area_m2": 124.82922517697443, "perimeter_m": 46.095637475708202, "compactness": 0.73825515479149662, "dist_bin": 2 }, "geometry": { "type": "Polygon", "coordinates": [ [ [ 32.375286199727661, 0.249704760138416 ], [ 32.375375901008887, 0.249805013559084 ], [ 32.375426028195463, 0.249746972105106 ], [ 32.375349518279108, 0.249651995179862 ], [ 32.375286199727661, 0.249704760138416 ] ] ] } },
{ "type": "Feature", "properties": { "fid": 318, "class_name": "structure", "class_id": null, "dist_to_line": null, "risk_level": null, "area_m2": 280.67293034544855, "perimeter_m": 81.12227771719617, "compactness": 0.53595721374872796, "dist_bin": 2 }, "geometry": { "type": "Polygon", "coordinates": [ [ [ 32.37545768747119, 0.249715313130101 ], [ 32.37538117755485, 0.249805013559084 ], [ 32.37558432457412, 0.249984414415213 ], [ 32.375623898668778, 0.249960670184396 ], [ 32.37545768747119, 0.249715313130101 ] ] ] } },
{ "type": "Feature", "properties": { "fid": 319, "class_name": "structure", "class_id": null, "dist_to_line": null, "risk_level": null, "area_m2": 27.587512915983098, "perimeter_m": 22.35256033592578, "compactness": 0.69385362542296436, "dist_bin": 2 }, "geometry": { "type": "Polygon", "coordinates": [ [ [ 32.375067223070509, 0.249171834047299 ], [ 32.375035563794775, 0.249190301783491 ], [ 32.375077776162421, 0.24924570499191 ], [ 32.375101520619218, 0.249227237255797 ], [ 32.375067223070509, 0.249171834047299 ] ] ] } },
{ "type": "Feature", "properties": { "fid": 320, "class_name": "structure", "class_id": null, "dist_to_line": null, "risk_level": null, "area_m2": 69.911215277097654, "perimeter_m": 36.849678549309715, "compactness": 0.64697769475028521, "dist_bin": 2 }, "geometry": { "type": "Polygon", "coordinates": [ [ [ 32.374827140229556, 0.248839414791426 ], [ 32.37478492786191, 0.248865797272357 ], [ 32.374848246413372, 0.248950221210982 ], [ 32.374901011872922, 0.248937029970607 ], [ 32.374827140229556, 0.248839414791426 ] ] ] } },
{ "type": "Feature", "properties": { "fid": 321, "class_name": "structure", "class_id": null, "dist_to_line": null, "risk_level": null, "area_m2": 68.369086405349663, "perimeter_m": 34.955103242163801, "compactness": 0.70315077901864076, "dist_bin": 2 }, "geometry": { "type": "Polygon", "coordinates": [ [ [ 32.374054126247124, 0.24774718003464 ], [ 32.37400663733353, 0.247776200766059 ], [ 32.374069955884991, 0.247857986463352 ], [ 32.374114806525604, 0.247831603980409 ], [ 32.374114806525604, 0.247831603980409 ], [ 32.374054126247124, 0.24774718003464 ] ] ] } },
{ "type": "Feature", "properties": { "fid": 322, "class_name": "disturbance", "class_id": null, "dist_to_line": null, "risk_level": null, "area_m2": 83.019599290142651, "perimeter_m": 38.623283854328626, "compactness": 0.69934601590037682, "dist_bin": 2 }, "geometry": { "type": "Polygon", "coordinates": [ [ [ 32.374212422625781, 0.248594057716241 ], [ 32.374254634993413, 0.248559760490314 ], [ 32.374204507806851, 0.248467421804684 ], [ 32.374143827528357, 0.248491166038193 ], [ 32.374212422625781, 0.248594057716241 ] ] ] } },
{ "type": "Feature", "properties": { "fid": 323, "class_name": "structure", "class_id": null, "dist_to_line": null, "risk_level": null, "area_m2": 69.097327016043891, "perimeter_m": 33.953851226596512, "compactness": 0.7531700268767253, "dist_bin": 2 }, "geometry": { "type": "Polygon", "coordinates": [ [ [ 32.373070050426492, 0.246939876026084 ], [ 32.373064773880536, 0.246881834559526 ], [ 32.373157113434758, 0.246863366820113 ], [ 32.373154475161776, 0.246931961280659 ], [ 32.373070050426492, 0.246939876026084 ] ] ] } },
{ "type": "Feature", "properties": { "fid": 324, "class_name": "structure", "class_id": null, "dist_to_line": null, "risk_level": null, "area_m2": 58.430761092560715, "perimeter_m": 34.090827214538237, "compactness": 0.63179520898776631, "dist_bin": 2 }, "geometry": { "type": "Polygon", "coordinates": [ [ [ 32.37251337482823, 0.246203804681434 ], [ 32.372552948922888, 0.246201166432814 ], [ 32.372574055106703, 0.246151039708929 ], [ 32.372457971095706, 0.246127295471234 ], [ 32.37251337482823, 0.246203804681434 ] ] ] } },
{ "type": "Feature", "properties": { "fid": 325, "class_name": "disturbance", "class_id": null, "dist_to_line": null, "risk_level": null, "area_m2": 540.1842966875538, "perimeter_m": 105.39090451450244, "compactness": 0.61114681855250641, "dist_bin": 2 }, "geometry": { "type": "Polygon", "coordinates": [ [ [ 32.372671671206881, 0.245794876139062 ], [ 32.372640011931146, 0.245858194107733 ], [ 32.372658479841995, 0.245974277049516 ], [ 32.372655841569014, 0.24602176552541 ], [ 32.372698053936652, 0.24609035999029 ], [ 32.372734989758335, 0.246122018973962 ], [ 32.372811499674697, 0.246161592703447 ], [ 32.372845797223398, 0.246164230952075 ], [ 32.372898562682948, 0.246119380725326 ], [ 32.372671671206881, 0.245794876139062 ] ] ] } },
{ "type": "Feature", "properties": { "fid": 326, "class_name": "structure", "class_id": null, "dist_to_line": null, "risk_level": null, "area_m2": 31.61430376394128, "perimeter_m": 26.938107233772513, "compactness": 0.54746874594246675, "dist_bin": 2 }, "geometry": { "type": "Polygon", "coordinates": [ [ [ 32.37192503995422, 0.24472638537253 ], [ 32.37190129549743, 0.24471583237688 ], [ 32.371874912767645, 0.244750129612712 ], [ 32.371967252321866, 0.244787065097357 ], [ 32.37192503995422, 0.24472638537253 ] ] ] } },
{ "type": "Feature", "properties": { "fid": 327, "class_name": "structure", "class_id": null, "dist_to_line": null, "risk_level": null, "area_m2": 17.22079397744892, "perimeter_m": 16.890927748863433, "compactness": 0.75850077107134262, "dist_bin": 2 }, "geometry": { "type": "Polygon", "coordinates": [ [ [ 32.37192503995422, 0.244813447586326 ], [ 32.371932954773165, 0.244781788599557 ], [ 32.371975167140796, 0.244800256341848 ], [ 32.371964614048885, 0.244829277079683 ], [ 32.37192503995422, 0.244813447586326 ] ] ] } },
{ "type": "Feature", "properties": { "fid": 328, "class_name": "agricultural_activity", "class_id": null, "dist_to_line": null, "risk_level": null, "area_m2": 386.39678345839457, "perimeter_m": 78.704349678857213, "compactness": 0.78387334524107588, "dist_bin": 2 }, "geometry": { "type": "Polygon", "coordinates": [ [ [ 32.37155568173737, 0.244665705647429 ], [ 32.371560958283325, 0.244486304719438 ], [ 32.371740360845791, 0.244507410711091 ], [ 32.371729807753887, 0.24468153514096 ], [ 32.37155568173737, 0.244665705647429 ] ] ] } },
{ "type": "Feature", "properties": { "fid": 329, "class_name": "structure", "class_id": null, "dist_to_line": null, "risk_level": null, "area_m2": 64.299523612244229, "perimeter_m": 35.795294139352663, "compactness": 0.63061710773948532, "dist_bin": 2 }, "geometry": { "type": "Polygon", "coordinates": [ [ [ 32.371202153158364, 0.244325371531994 ], [ 32.371294492712586, 0.244320095034013 ], [ 32.37128921616663, 0.244417710246337 ], [ 32.37127338652877, 0.244417710246337 ], [ 32.37127338652877, 0.244417710246337 ], [ 32.371202153158364, 0.244325371531994 ] ] ] } },
{ "type": "Feature", "properties": { "fid": 330, "class_name": "structure", "class_id": null, "dist_to_line": null, "risk_level": null, "area_m2": 38.896710576365876, "perimeter_m": 30.085388602391596, "compactness": 0.54002204412178967, "dist_bin": 2 }, "geometry": { "type": "Polygon", "coordinates": [ [ [ 32.371159940790733, 0.243623597282269 ], [ 32.371149387698821, 0.243708021254097 ], [ 32.371223259342187, 0.243715936001429 ], [ 32.371159940790733, 0.243623597282269 ] ] ] } },
{ "type": "Feature", "properties": { "fid": 331, "class_name": "structure", "class_id": null, "dist_to_line": null, "risk_level": null, "area_m2": 54.232641177033656, "perimeter_m": 38.975207954354502, "compactness": 0.44863560488959453, "dist_bin": 2 }, "geometry": { "type": "Polygon", "coordinates": [ [ [ 32.371220621069206, 0.243718574250538 ], [ 32.37114674942584, 0.243715936001429 ], [ 32.37119951488539, 0.243771339232621 ], [ 32.371244365526017, 0.243779253979915 ], [ 32.371244365526017, 0.24379508347449 ], [ 32.3712813013477, 0.243800359972678 ], [ 32.371220621069206, 0.243718574250538 ] ] ] } },
{ "type": "Feature", "properties": { "fid": 332, "class_name": "structure", "class_id": null, "dist_to_line": null, "risk_level": null, "area_m2": 15.710771055584701, "perimeter_m": 17.400692394076099, "compactness": 0.65204009875283686, "dist_bin": 2 }, "geometry": { "type": "Polygon", "coordinates": [ [ [ 32.371039899370253, 0.243452111087866 ], [ 32.371029346278341, 0.243504876070991 ], [ 32.371063643827043, 0.243511471693867 ], [ 32.371067601236518, 0.243493003949806 ], [ 32.371039899370253, 0.243452111087866 ] ] ] } },
{ "type": "Feature", "properties": { "fid": 333, "class_name": "structure", "class_id": null, "dist_to_line": null, "risk_level": null, "area_m2": 2.8272810092094005, "perimeter_m": 8.1829082528469321, "compactness": 0.530595394842172, "dist_bin": 2 }, "geometry": { "type": "Polygon", "coordinates": [ [ [ 32.371068920372998, 0.243493003949806 ], [ 32.371062324690563, 0.243510152569293 ], [ 32.371086069147353, 0.243518067316741 ], [ 32.371068920372998, 0.243493003949806 ] ] ] } },
{ "type": "Feature", "properties": { "fid": 334, "class_name": "disturbance", "class_id": null, "dist_to_line": null, "risk_level": null, "area_m2": 222.19970423962513, "perimeter_m": 63.73773276623912, "compactness": 0.6873217996612071, "dist_bin": 2 }, "geometry": { "type": "Polygon", "coordinates": [ [ [ 32.367866056978222, 0.238852322895281 ], [ 32.367776355696982, 0.238984235397293 ], [ 32.367939928621595, 0.239055468147853 ], [ 32.3679636730784, 0.239010617897543 ], [ 32.367866056978222, 0.238852322895281 ] ] ] } },
{ "type": "Feature", "properties": { "fid": 335, "class_name": "structure", "class_id": null, "dist_to_line": null, "risk_level": null, "area_m2": 15.036048055560968, "perimeter_m": 17.364938742317527, "compactness": 0.62660961969264983, "dist_bin": 2 }, "geometry": { "type": "Polygon", "coordinates": [ [ [ 32.368029629902836, 0.239102956648021 ], [ 32.368016438537943, 0.239139892148038 ], [ 32.368056012632607, 0.239163636397997 ], [ 32.368061289178563, 0.239150445148025 ], [ 32.368029629902836, 0.239102956648021 ] ] ] } },
{ "type": "Feature", "properties": { "fid": 336, "class_name": "structure", "class_id": null, "dist_to_line": null, "risk_level": null, "area_m2": 35.812423268733255, "perimeter_m": 29.752290464054951, "compactness": 0.50839674609411145, "dist_bin": 2 }, "geometry": { "type": "Polygon", "coordinates": [ [ [ 32.367465039485637, 0.238290375622532 ], [ 32.367443933301821, 0.238345778875794 ], [ 32.36753891112901, 0.238372161377269 ], [ 32.367465039485637, 0.238290375622532 ] ] ] } },
{ "type": "Feature", "properties": { "fid": 337, "class_name": "disturbance", "class_id": null, "dist_to_line": null, "risk_level": null, "area_m2": 1285.477483622295, "perimeter_m": 172.49560967092103, "compactness": 0.54289800539240418, "dist_bin": 2 }, "geometry": { "type": "Polygon", "coordinates": [ [ [ 32.366652451408548, 0.237414476541386 ], [ 32.366649813135567, 0.237256181520795 ], [ 32.366699940322142, 0.237245628519357 ], [ 32.366723684778933, 0.237285202274705 ], [ 32.36677645023849, 0.237316861278902 ], [ 32.366784365057413, 0.237345882032685 ], [ 32.36681338606018, 0.237385455787746 ], [ 32.366831853971014, 0.237425029542694 ], [ 32.366852960154837, 0.237438220794318 ], [ 32.36687406633866, 0.237425029542694 ], [ 32.36691100216035, 0.237477794549115 ], [ 32.366924193525236, 0.237517368303798 ], [ 32.366932108344166, 0.237551665557765 ], [ 32.366913640433324, 0.237593877562531 ], [ 32.36690572561438, 0.237614983564865 ], [ 32.366903087341406, 0.237646642568307 ], [ 32.366903087341406, 0.237694131073333 ], [ 32.366892534249494, 0.237699407573881 ], [ 32.36687406633866, 0.237675663321398 ], [ 32.366847683608889, 0.237667748570561 ], [ 32.36683713051697, 0.237667748570561 ], [ 32.366808109514224, 0.237667748570561 ], [ 32.366787003330394, 0.237665110320281 ], [ 32.366787003330394, 0.237691492823058 ], [ 32.366787003330394, 0.237723151826324 ], [ 32.366771173692534, 0.237754810829517 ], [ 32.366757982327641, 0.237770640331087 ], [ 32.366692025503212, 0.237783831582381 ], [ 32.366604962494947, 0.237667748570561 ], [ 32.366583856311131, 0.237617621815155 ], [ 32.366594409403035, 0.237562218558969 ], [ 32.366647174862592, 0.237551665557765 ], [ 32.366657727954497, 0.237533197805639 ], [ 32.36667091931939, 0.237469879798164 ], [ 32.366681472411301, 0.237440859044641 ], [ 32.366652451408548, 0.237414476541386 ] ] ] } },
{ "type": "Feature", "properties": { "fid": 338, "class_name": "disturbance", "class_id": null, "dist_to_line": null, "risk_level": null, "area_m2": 331.86515038738435, "perimeter_m": 80.177505891903166, "compactness": 0.64873365404644334, "dist_bin": 2 }, "geometry": { "type": "Polygon", "coordinates": [ [ [ 32.358732355929916, 0.226426159626156 ], [ 32.358764015205644, 0.226378671083308 ], [ 32.358864269578795, 0.226360203316603 ], [ 32.358880099216655, 0.226434074383283 ], [ 32.358893290581548, 0.226449903897522 ], [ 32.358940779495136, 0.226465733411744 ], [ 32.358951332587047, 0.226529051468461 ], [ 32.358924949857276, 0.226529051468461 ], [ 32.358898567127504, 0.226529051468461 ], [ 32.358872184397725, 0.226568625253768 ], [ 32.35885107821391, 0.22660292253428 ], [ 32.358732355929916, 0.226426159626156 ] ] ] } },
{ "type": "Feature", "properties": { "fid": 339, "class_name": "agricultural_activity", "class_id": null, "dist_to_line": null, "risk_level": null, "area_m2": 313.35922113612651, "perimeter_m": 85.139876088287934, "compactness": 0.54323321417263315, "dist_bin": 2 }, "geometry": { "type": "Polygon", "coordinates": [ [ [ 32.356790587018416, 0.225099118620342 ], [ 32.357054414316174, 0.225059544831034 ], [ 32.357057052589148, 0.22525213727132 ], [ 32.356790587018416, 0.225099118620342 ] ] ] } },
{ "type": "Feature", "properties": { "fid": 340, "class_name": "agricultural_activity", "class_id": null, "dist_to_line": null, "risk_level": null, "area_m2": 494.52076477639639, "perimeter_m": 87.941476331747396, "compactness": 0.80353887371065225, "dist_bin": 2 }, "geometry": { "type": "Polygon", "coordinates": [ [ [ 32.356342080612237, 0.224843208114256 ], [ 32.356355271977122, 0.224753507523432 ], [ 32.35648454735302, 0.22471921023856 ], [ 32.356624375820829, 0.224790443060897 ], [ 32.356539951085551, 0.224954014725689 ], [ 32.356342080612237, 0.224843208114256 ] ] ] } },
{ "type": "Feature", "properties": { "fid": 341, "class_name": "agricultural_activity", "class_id": null, "dist_to_line": null, "risk_level": null, "area_m2": 456.43789202163498, "perimeter_m": 86.341016076587778, "compactness": 0.7694089690506315, "dist_bin": 2 }, "geometry": { "type": "Polygon", "coordinates": [ [ [ 32.355197070139972, 0.224178368428011 ], [ 32.355281494875257, 0.224062285305092 ], [ 32.355439791253922, 0.224115050361079 ], [ 32.355452982618807, 0.22415726240573 ], [ 32.355455620891782, 0.224207389208597 ], [ 32.355429238161996, 0.224310281066574 ], [ 32.355197070139972, 0.224178368428011 ] ] ] } },
{ "type": "Feature", "properties": { "fid": 342, "class_name": "agricultural_activity", "class_id": null, "dist_to_line": null, "risk_level": null, "area_m2": 561.77633254486136, "perimeter_m": 104.59171606518126, "compactness": 0.6453253495187854, "dist_bin": 2 }, "geometry": { "type": "Polygon", "coordinates": [ [ [ 32.354445162341371, 0.223553102505069 ], [ 32.35464567108766, 0.223481869676714 ], [ 32.354843541560982, 0.223590038045561 ], [ 32.3547353723689, 0.223719312436553 ], [ 32.354445162341371, 0.223553102505069 ] ] ] } },
{ "type": "Feature", "properties": { "fid": 343, "class_name": "agricultural_activity", "class_id": null, "dist_to_line": null, "risk_level": null, "area_m2": 458.19428168301238, "perimeter_m": 90.822820419143113, "compactness": 0.69802272215988936, "dist_bin": 2 }, "geometry": { "type": "Polygon", "coordinates": [ [ [ 32.354260483232949, 0.223442295883034 ], [ 32.354376567243953, 0.223320936248418 ], [ 32.354603458720028, 0.223437019377202 ], [ 32.354424056157555, 0.223537272987687 ], [ 32.354260483232949, 0.223442295883034 ] ] ] } },
{ "type": "Feature", "properties": { "fid": 344, "class_name": "structure", "class_id": null, "dist_to_line": null, "risk_level": null, "area_m2": 39.036082855600398, "perimeter_m": 32.882938681860978, "compactness": 0.45366455597014854, "dist_bin": 2 }, "geometry": { "type": "Polygon", "coordinates": [ [ [ 32.351210639670882, 0.221644326411372 ], [ 32.351210639670882, 0.221644326411372 ], [ 32.351273958222336, 0.221689176716335 ], [ 32.351293745269665, 0.221689176716335 ], [ 32.351312213180513, 0.221705006235701 ], [ 32.351322766272418, 0.221691814969564 ], [ 32.351293745269665, 0.221674666323568 ], [ 32.351297702679133, 0.221669389817104 ], [ 32.351233064991185, 0.221617943878978 ], [ 32.351210639670882, 0.221644326411372 ] ] ] } },
{ "type": "Feature", "properties": { "fid": 345, "class_name": "disturbance", "class_id": null, "dist_to_line": null, "risk_level": null, "area_m2": 29.718785892531741, "perimeter_m": 22.215205605989183, "compactness": 0.75672878276023636, "dist_bin": 2 }, "geometry": { "type": "Polygon", "coordinates": [ [ [ 32.351194810033, 0.22154539191465 ], [ 32.351172384712704, 0.221578370080298 ], [ 32.35122251189928, 0.221612667372493 ], [ 32.351243618083096, 0.221577050953673 ], [ 32.351194810033, 0.22154539191465 ] ] ] } },
{ "type": "Feature", "properties": { "fid": 346, "class_name": "agricultural_activity", "class_id": null, "dist_to_line": null, "risk_level": null, "area_m2": 427.95099627794116, "perimeter_m": 110.19243927516438, "compactness": 0.44289452529278261, "dist_bin": 2 }, "geometry": { "type": "Polygon", "coordinates": [ [ [ 32.345848349843983, 0.218652546939689 ], [ 32.345985540038825, 0.218726418044967 ], [ 32.346062049955172, 0.218713226776194 ], [ 32.346222984606804, 0.218805565657362 ], [ 32.346267835247417, 0.21874752407498 ], [ 32.346088432684951, 0.218647270432155 ], [ 32.346006646222648, 0.218605058371818 ], [ 32.345858902935895, 0.218599781864268 ], [ 32.345848349843983, 0.218652546939689 ] ] ] } },
{ "type": "Feature", "properties": { "fid": 347, "class_name": "agricultural_activity", "class_id": null, "dist_to_line": null, "risk_level": null, "area_m2": 625.8622108194977, "perimeter_m": 114.17404247403483, "compactness": 0.60332849558551505, "dist_bin": 2 }, "geometry": { "type": "Polygon", "coordinates": [ [ [ 32.345700606557244, 0.218800289149882 ], [ 32.345766563381687, 0.21867892947733 ], [ 32.346096347503881, 0.218879436761887 ], [ 32.346025114133475, 0.218987605164285 ], [ 32.345700606557244, 0.218800289149882 ] ] ] } },
{ "type": "Feature", "properties": { "fid": 348, "class_name": "structure", "class_id": null, "dist_to_line": null, "risk_level": null, "area_m2": 17.135193045192864, "perimeter_m": 16.870377827820551, "compactness": 0.75657022812546337, "dist_bin": 2 }, "geometry": { "type": "Polygon", "coordinates": [ [ [ 32.345964433854995, 0.21854174028109 ], [ 32.345943327671179, 0.218568122818926 ], [ 32.345982901765844, 0.218594505356716 ], [ 32.345996093130729, 0.218568122818926 ], [ 32.345964433854995, 0.21854174028109 ] ] ] } },
{ "type": "Feature", "properties": { "fid": 349, "class_name": "disturbance", "class_id": null, "dist_to_line": null, "risk_level": null, "area_m2": 1435.5420024377709, "perimeter_m": 219.00995078277475, "compactness": 0.37609544436875053, "dist_bin": 2 }, "geometry": { "type": "Polygon", "coordinates": [ [ [ 32.345312780429545, 0.218583952341605 ], [ 32.345354992797176, 0.218470507428702 ], [ 32.345270568061906, 0.218459954413505 ], [ 32.34528112115381, 0.218425657114063 ], [ 32.345336524886335, 0.218425657114063 ], [ 32.345333886613361, 0.218401912829787 ], [ 32.345320695248475, 0.218378168545475 ], [ 32.345354992797176, 0.218330679976737 ], [ 32.345386652072918, 0.218314850453791 ], [ 32.345354992797176, 0.21825153236184 ], [ 32.345405119983766, 0.218275276646353 ], [ 32.345436779259487, 0.21828846791551 ], [ 32.345439417532468, 0.218309573946138 ], [ 32.345481629900107, 0.218309573946138 ], [ 32.345529118813708, 0.218320126961441 ], [ 32.345552863270498, 0.218330679976737 ], [ 32.34557133118134, 0.218367615530212 ], [ 32.345605628730056, 0.21837553029166 ], [ 32.34563201145982, 0.218386083306916 ], [ 32.345642564551746, 0.218412465845025 ], [ 32.345616181821967, 0.218430933621674 ], [ 32.345595075638144, 0.21850216647425 ], [ 32.345642564551746, 0.218494251712869 ], [ 32.345671585554491, 0.218523272504578 ], [ 32.345708521376181, 0.218510081235626 ], [ 32.34571379792213, 0.218473145682501 ], [ 32.345729627559997, 0.218459954413505 ], [ 32.345742818924883, 0.218467869174904 ], [ 32.345761286835732, 0.218481060443892 ], [ 32.345756010289769, 0.218491613459075 ], [ 32.345745457197857, 0.218510081235626 ], [ 32.345742818924883, 0.218528549012155 ], [ 32.345719074468086, 0.218554931550014 ], [ 32.345724351014042, 0.218570761072707 ], [ 32.345742818924883, 0.218570761072707 ], [ 32.345734904105946, 0.218597143610492 ], [ 32.345692691738314, 0.218610334879367 ], [ 32.34564520282472, 0.218605058371818 ], [ 32.345616181821967, 0.21862352614823 ], [ 32.345613543548986, 0.218684205984853 ], [ 32.34563201145982, 0.21874224756748 ], [ 32.345621458367916, 0.218755438836227 ], [ 32.345312780429545, 0.218583952341605 ] ] ] } },
{ "type": "Feature", "properties": { "fid": 350, "class_name": "agricultural_activity", "class_id": null, "dist_to_line": null, "risk_level": null, "area_m2": 401.17731346482014, "perimeter_m": 82.685662620302239, "compactness": 0.73737058291381241, "dist_bin": 2 }, "geometry": { "type": "Polygon", "coordinates": [ [ [ 32.344764019650214, 0.218027280784038 ], [ 32.344795678925941, 0.218077407607602 ], [ 32.344798317198922, 0.218109066653977 ], [ 32.344816785109764, 0.218124896177139 ], [ 32.344861635750384, 0.21816183173112 ], [ 32.344893295026118, 0.218180299508077 ], [ 32.344909124663978, 0.218151278715706 ], [ 32.34491176293696, 0.218130172684856 ], [ 32.344922316028864, 0.218106428400115 ], [ 32.344924954301845, 0.218074769353734 ], [ 32.34493550739375, 0.218048386815033 ], [ 32.344953975304591, 0.218011451260773 ], [ 32.344964528396495, 0.217998259991373 ], [ 32.344909124663978, 0.217969239198651 ], [ 32.344869550569314, 0.217940218405874 ], [ 32.344829976474649, 0.217916474120833 ], [ 32.344800955471896, 0.217903282851349 ], [ 32.344769296196162, 0.217913835866937 ], [ 32.344771934469144, 0.217950771421436 ], [ 32.344764019650214, 0.218027280784038 ] ] ] } },
{ "type": "Feature", "properties": { "fid": 351, "class_name": "structure", "class_id": null, "dist_to_line": null, "risk_level": null, "area_m2": 93.043993966777634, "perimeter_m": 48.954670933197811, "compactness": 0.48787654228898442, "dist_bin": 2 }, "geometry": { "type": "Polygon", "coordinates": [ [ [ 32.342503019708431, 0.216597347115417 ], [ 32.342481913524615, 0.216631644419015 ], [ 32.342632295084336, 0.216729259821137 ], [ 32.342653401268151, 0.216689686009541 ], [ 32.342503019708431, 0.216597347115417 ] ] ] } },
{ "type": "Feature", "properties": { "fid": 352, "class_name": "structure", "class_id": null, "dist_to_line": null, "risk_level": null, "area_m2": 92.358634244796121, "perimeter_m": 40.038217297257212, "compactness": 0.72399889215062729, "dist_bin": 2 }, "geometry": { "type": "Polygon", "coordinates": [ [ [ 32.340980736200386, 0.215721446720351 ], [ 32.340938523832733, 0.215750467517382 ], [ 32.341001842384209, 0.215834891653884 ], [ 32.341075714027575, 0.215776850060089 ], [ 32.340980736200386, 0.215721446720351 ] ] ] } },
{ "type": "Feature", "properties": { "fid": 353, "class_name": "structure", "class_id": null, "dist_to_line": null, "risk_level": null, "area_m2": 20.690726280838135, "perimeter_m": 26.353832465490413, "compactness": 0.3743674126816261, "dist_bin": 2 }, "geometry": { "type": "Polygon", "coordinates": [ [ [ 32.340893673192127, 0.215673958143272 ], [ 32.340951715197619, 0.215745191008835 ], [ 32.340986012746335, 0.215729361483183 ], [ 32.340893673192127, 0.215673958143272 ] ] ] } },
{ "type": "Feature", "properties": { "fid": 354, "class_name": "disturbance", "class_id": null, "dist_to_line": null, "risk_level": null, "area_m2": 153.31708452685052, "perimeter_m": 62.541663971252966, "compactness": 0.49256273553605767, "dist_bin": 2 }, "geometry": { "type": "Polygon", "coordinates": [ [ [ 32.340463634696782, 0.215763658788741 ], [ 32.340410869237225, 0.215792679585691 ], [ 32.340389763053409, 0.215766297043012 ], [ 32.340389763053409, 0.215742552754561 ], [ 32.34041614578318, 0.215713531957515 ], [ 32.340397677872339, 0.215710893703235 ], [ 32.340352827231726, 0.215668681634699 ], [ 32.340360742050656, 0.215626469566045 ], [ 32.340405592691276, 0.215631746074634 ], [ 32.34040823096425, 0.215676596397558 ], [ 32.340442528512952, 0.215652852108967 ], [ 32.340474187788693, 0.215668681634699 ], [ 32.340474187788693, 0.215689787668982 ], [ 32.340490017426561, 0.215705617194675 ], [ 32.340497932245491, 0.215726723228906 ], [ 32.340463634696782, 0.215763658788741 ] ] ] } },
{ "type": "Feature", "properties": { "fid": 355, "class_name": "disturbance", "class_id": null, "dist_to_line": null, "risk_level": null, "area_m2": 527.07817196102314, "perimeter_m": 88.264820574545567, "compactness": 0.85017750484683385, "dist_bin": 2 }, "geometry": { "type": "Polygon", "coordinates": [ [ [ 32.339893767733628, 0.215407494458028 ], [ 32.339851555365989, 0.21536792064299 ], [ 32.339801428179406, 0.215288773012606 ], [ 32.339851555365989, 0.215236007925456 ], [ 32.339954448012115, 0.215220178399275 ], [ 32.339986107287842, 0.215180604583751 ], [ 32.340012490017614, 0.215180604583751 ], [ 32.340057340658227, 0.215206987127445 ], [ 32.340065255477157, 0.215257113960338 ], [ 32.340067893750138, 0.215291411266959 ], [ 32.340062617204183, 0.215357367625629 ], [ 32.339983469014861, 0.215412770966692 ], [ 32.339893767733628, 0.215407494458028 ] ] ] } },
{ "type": "Feature", "properties": { "fid": 356, "class_name": "disturbance", "class_id": null, "dist_to_line": null, "risk_level": null, "area_m2": 441.35933819267575, "perimeter_m": 128.8879471467508, "compactness": 0.33387013339888472, "dist_bin": 2 }, "geometry": { "type": "Polygon", "coordinates": [ [ [ 32.340162871577334, 0.215584257497275 ], [ 32.340125935755651, 0.215586895751577 ], [ 32.340102191298854, 0.21557898098867 ], [ 32.340096914752898, 0.215565789717151 ], [ 32.340096914752898, 0.215547321937005 ], [ 32.340059978931208, 0.215526215902524 ], [ 32.340044149293341, 0.2155209393939 ], [ 32.340015128290595, 0.215497195105066 ], [ 32.339975554195931, 0.215476089070516 ], [ 32.339991383833798, 0.215447068272963 ], [ 32.340036234474411, 0.215439153509984 ], [ 32.340065255477157, 0.215447068272963 ], [ 32.340083723388013, 0.215452344781613 ], [ 32.340081085115031, 0.215431238747001 ], [ 32.340073170296094, 0.215412770966692 ], [ 32.340091638206943, 0.215373197151668 ], [ 32.34010746784481, 0.215341538099575 ], [ 32.340123297482677, 0.21532834682785 ], [ 32.340189254307113, 0.215346814608261 ], [ 32.34020508394498, 0.21536528238865 ], [ 32.340168148123283, 0.21538902667769 ], [ 32.340170786396271, 0.215407494458028 ], [ 32.340186616034131, 0.215436515255657 ], [ 32.340210360490936, 0.215444430018637 ], [ 32.340242019766663, 0.215436515255657 ], [ 32.340260487677504, 0.215439153509984 ], [ 32.340268402496434, 0.215412770966692 ], [ 32.340294785226213, 0.215418047475354 ], [ 32.340307976591099, 0.215428600492673 ], [ 32.340323806228966, 0.215433877001329 ], [ 32.34032644450194, 0.215470812561874 ], [ 32.340294785226213, 0.215494556850749 ], [ 32.340294785226213, 0.215484003833476 ], [ 32.340281593861327, 0.215476089070516 ], [ 32.340255211131549, 0.215457621290261 ], [ 32.340231466674759, 0.215465536053231 ], [ 32.340202445671999, 0.215484003833476 ], [ 32.340183977761157, 0.215510386376645 ], [ 32.340162871577334, 0.215584257497275 ] ] ] } },
{ "type": "Feature", "properties": { "fid": 357, "class_name": "structure", "class_id": null, "dist_to_line": null, "risk_level": null, "area_m2": 22.404254107907036, "perimeter_m": 19.093862267737279, "compactness": 0.77224087064760083, "dist_bin": 2 }, "geometry": { "type": "Polygon", "coordinates": [ [ [ 32.339785598541546, 0.215117286478699 ], [ 32.339798789906432, 0.215162136803138 ], [ 32.339835725728122, 0.21514630727688 ], [ 32.339833087455133, 0.215109371715549 ], [ 32.339785598541546, 0.215117286478699 ] ] ] } },
{ "type": "Feature", "properties": { "fid": 358, "class_name": "agricultural_activity", "class_id": null, "dist_to_line": null, "risk_level": null, "area_m2": 646.29629118657613, "perimeter_m": 112.65597122060973, "compactness": 0.63993092128952522, "dist_bin": 2 }, "geometry": { "type": "Polygon", "coordinates": [ [ [ 32.338110295200799, 0.214528955740042 ], [ 32.338144592749508, 0.214412872542297 ], [ 32.338477015144683, 0.214539508757975 ], [ 32.338450632414911, 0.214645038936907 ], [ 32.338429526231089, 0.214705718789462 ], [ 32.338110295200799, 0.214528955740042 ] ] ] } },
{ "type": "Feature", "properties": { "fid": 359, "class_name": "agricultural_activity", "class_id": null, "dist_to_line": null, "risk_level": null, "area_m2": 422.93915192842542, "perimeter_m": 117.781974430934, "compactness": 0.38311582690936746, "dist_bin": 2 }, "geometry": { "type": "Polygon", "coordinates": [ [ [ 32.338168337206298, 0.214402319524277 ], [ 32.338289697763265, 0.214291512834622 ], [ 32.338316080493051, 0.214302065852719 ], [ 32.338289697763265, 0.21439968126977 ], [ 32.33844799414193, 0.214410234287792 ], [ 32.338508674420417, 0.214360107452122 ], [ 32.33856143987996, 0.21439968126977 ], [ 32.338527142331252, 0.214447169850813 ], [ 32.338503397874454, 0.214486743668237 ], [ 32.338366207679627, 0.214499934940688 ], [ 32.338168337206298, 0.214402319524277 ] ] ] } },
{ "type": "Feature", "properties": { "fid": 360, "class_name": "disturbance", "class_id": null, "dist_to_line": null, "risk_level": null, "area_m2": 366.00746628226079, "perimeter_m": 87.153980791106406, "compactness": 0.6055156215283829, "dist_bin": 2 }, "geometry": { "type": "Polygon", "coordinates": [ [ [ 32.337448088683438, 0.213887859886965 ], [ 32.337424344226633, 0.213903689414524 ], [ 32.337421705953659, 0.213935348469594 ], [ 32.337432259045563, 0.213961731015435 ], [ 32.337461280048323, 0.213996028324961 ], [ 32.337503492415955, 0.21403032563441 ], [ 32.337548343056575, 0.214040878652687 ], [ 32.337582640605291, 0.21406989945291 ], [ 32.337651235702701, 0.214098920253079 ], [ 32.337664427067587, 0.214088367234842 ], [ 32.337664427067587, 0.21408045247116 ], [ 32.337622214699948, 0.21402768737984 ], [ 32.337622214699948, 0.214006581343261 ], [ 32.337606385062081, 0.213977560542918 ], [ 32.33762485297293, 0.213959092760853 ], [ 32.33763276779186, 0.213940624978765 ], [ 32.337606385062081, 0.213916880687478 ], [ 32.337601108516125, 0.213914242432888 ], [ 32.337569449240405, 0.213914242432888 ], [ 32.337569449240405, 0.213874668613986 ], [ 32.337543066510626, 0.213864115595595 ], [ 32.337448088683438, 0.213887859886965 ] ] ] } },
{ "type": "Feature", "properties": { "fid": 361, "class_name": "disturbance", "class_id": null, "dist_to_line": null, "risk_level": null, "area_m2": 268.25135805081663, "perimeter_m": 71.30995640686956, "compactness": 0.66290523917822874, "dist_bin": 2 }, "geometry": { "type": "Polygon", "coordinates": [ [ [ 32.333369318660111, 0.211708661437671 ], [ 32.333364042114155, 0.211732405732358 ], [ 32.333393063116915, 0.211777256066668 ], [ 32.333419445846694, 0.211808915126102 ], [ 32.333466934760281, 0.211824744655795 ], [ 32.333488040944104, 0.211793085596393 ], [ 32.33349331749006, 0.211771979556756 ], [ 32.333514423673883, 0.211785170831533 ], [ 32.333519700219838, 0.211764064791884 ], [ 32.333551359495573, 0.211750873517089 ], [ 32.333535529857699, 0.211698108417798 ], [ 32.333543444676643, 0.211663811103163 ], [ 32.333540806403661, 0.211645343318328 ], [ 32.333495955763041, 0.211637428553392 ], [ 32.333461658214333, 0.211624237278489 ], [ 32.333453743395395, 0.211674364123059 ], [ 32.333369318660111, 0.211708661437671 ] ] ] } },
{ "type": "Feature", "properties": { "fid": 362, "class_name": "agricultural_activity", "class_id": null, "dist_to_line": null, "risk_level": null, "area_m2": 445.51492682588287, "perimeter_m": 89.461845816671243, "compactness": 0.69951400598462976, "dist_bin": 2 }, "geometry": { "type": "Polygon", "coordinates": [ [ [ 32.332395795931397, 0.211312923187537 ], [ 32.332496050304549, 0.211078118487691 ], [ 32.332646431864269, 0.211128245334023 ], [ 32.332501326850497, 0.211363050033112 ], [ 32.332395795931397, 0.211312923187537 ] ] ] } },
{ "type": "Feature", "properties": { "fid": 363, "class_name": "agricultural_activity", "class_id": null, "dist_to_line": null, "risk_level": null, "area_m2": 452.58317938851542, "perimeter_m": 90.994879787410071, "compactness": 0.68686970501818212, "dist_bin": 2 }, "geometry": { "type": "Polygon", "coordinates": [ [ [ 32.332506603396453, 0.211360411778086 ], [ 32.332649070137244, 0.211120330568823 ], [ 32.332744047964439, 0.21118892520042 ], [ 32.332635878772358, 0.211439559428677 ], [ 32.332506603396453, 0.211360411778086 ] ] ] } },
{ "type": "Feature", "properties": { "fid": 364, "class_name": "structure", "class_id": null, "dist_to_line": null, "risk_level": null, "area_m2": 33.927703474670125, "perimeter_m": 26.202547305866446, "compactness": 0.62097955291770679, "dist_bin": 2 }, "geometry": { "type": "Polygon", "coordinates": [ [ [ 32.332221669914887, 0.210801101702416 ], [ 32.33220584027702, 0.21082484599849 ], [ 32.332279711920386, 0.210874972845638 ], [ 32.332292903285271, 0.210840675529185 ], [ 32.332221669914887, 0.210801101702416 ] ] ] } },
{ "type": "Feature", "properties": { "fid": 365, "class_name": "agricultural_activity", "class_id": null, "dist_to_line": null, "risk_level": null, "area_m2": 132.92627209358034, "perimeter_m": 48.729146949840583, "compactness": 0.70346593499133314, "dist_bin": 2 }, "geometry": { "type": "Polygon", "coordinates": [ [ [ 32.332451199663936, 0.210930376202824 ], [ 32.332419540388202, 0.210985779559814 ], [ 32.332511879942409, 0.211064927212313 ], [ 32.332588389858763, 0.211004247345433 ], [ 32.332451199663936, 0.210930376202824 ] ] ] } },
{ "type": "Feature", "properties": { "fid": 366, "class_name": "agricultural_activity", "class_id": null, "dist_to_line": null, "risk_level": null, "area_m2": 360.78150172620917, "perimeter_m": 81.41915867804525, "compactness": 0.68391307269687374, "dist_bin": 2 }, "geometry": { "type": "Polygon", "coordinates": [ [ [ 32.328894807690176, 0.208938493475693 ], [ 32.328889531144227, 0.20900972637229 ], [ 32.328818297773829, 0.209065129736086 ], [ 32.328960764514612, 0.209178574718488 ], [ 32.329079486798612, 0.209054576714426 ], [ 32.328894807690176, 0.208938493475693 ] ] ] } },
{ "type": "Feature", "properties": { "fid": 367, "class_name": "agricultural_activity", "class_id": null, "dist_to_line": null, "risk_level": null, "area_m2": 345.87390196297201, "perimeter_m": 75.106680538434233, "compactness": 0.77049623574974258, "dist_bin": 2 }, "geometry": { "type": "Polygon", "coordinates": [ [ [ 32.329185017717712, 0.20951890966077 ], [ 32.329274718998953, 0.209376443871877 ], [ 32.329425100558673, 0.209429208979025 ], [ 32.329322207912547, 0.209592780810057 ], [ 32.329185017717712, 0.20951890966077 ] ] ] } },
{ "type": "Feature", "properties": { "fid": 368, "class_name": "agricultural_activity", "class_id": null, "dist_to_line": null, "risk_level": null, "area_m2": 543.87110258097528, "perimeter_m": 94.584178800502713, "compactness": 0.76395689166458369, "dist_bin": 2 }, "geometry": { "type": "Polygon", "coordinates": [ [ [ 32.328499066743539, 0.208938493475693 ], [ 32.328580853205843, 0.208777559893304 ], [ 32.32878400022512, 0.208896281388669 ], [ 32.328715405127703, 0.2090677679915 ], [ 32.328499066743539, 0.208938493475693 ] ] ] } },
{ "type": "Feature", "properties": { "fid": 369, "class_name": "disturbance", "class_id": null, "dist_to_line": null, "risk_level": null, "area_m2": 865.41309213891327, "perimeter_m": 147.87996739505638, "compactness": 0.49729561838860215, "dist_bin": 2 }, "geometry": { "type": "Polygon", "coordinates": [ [ [ 32.326842231313634, 0.208176037636359 ], [ 32.326823763402793, 0.208199781936411 ], [ 32.326902911592114, 0.208247270536407 ], [ 32.326992612873354, 0.208297397391803 ], [ 32.327061207970765, 0.208336971224898 ], [ 32.327084952427569, 0.208297397391803 ], [ 32.327098143792455, 0.208271014836351 ], [ 32.327124526522233, 0.208271014836351 ], [ 32.327135079614145, 0.208255185303059 ], [ 32.32706648451672, 0.20820242019197 ], [ 32.327082314154595, 0.208186590658609 ], [ 32.327106058611392, 0.208170761125232 ], [ 32.327119249976278, 0.208152293336272 ], [ 32.327119249976278, 0.208152293336272 ], [ 32.327132441341163, 0.208123272525005 ], [ 32.327153547524986, 0.208083698691374 ], [ 32.327161462343916, 0.208044124857643 ], [ 32.327158824070935, 0.208012465790588 ], [ 32.327132441341163, 0.208007189279405 ], [ 32.327129803068189, 0.208044124857644 ], [ 32.327108696884366, 0.208038848346472 ], [ 32.32709550551948, 0.208007189279405 ], [ 32.327116611703303, 0.207975530212275 ], [ 32.327077037608625, 0.207983444979064 ], [ 32.327071761062676, 0.207946509400684 ], [ 32.327040101786949, 0.207935956378274 ], [ 32.327008442511215, 0.207993998001442 ], [ 32.32693720914083, 0.20806259264673 ], [ 32.326916102957, 0.208054677879981 ], [ 32.326842231313634, 0.208176037636359 ] ] ] } },
{ "type": "Feature", "properties": { "fid": 370, "class_name": "disturbance", "class_id": null, "dist_to_line": null, "risk_level": null, "area_m2": 704.81361206052679, "perimeter_m": 123.55418948962628, "compactness": 0.58018860487798718, "dist_bin": 2 }, "geometry": { "type": "Polygon", "coordinates": [ [ [ 32.324842420396635, 0.20693078096142 ], [ 32.324850335215572, 0.206959801774875 ], [ 32.324874079672369, 0.206978269565227 ], [ 32.324887271037262, 0.207015205145867 ], [ 32.324921568585964, 0.207046864214919 ], [ 32.324955866134673, 0.207075885028161 ], [ 32.324937398223831, 0.207120735375794 ], [ 32.325005993321255, 0.207170862234763 ], [ 32.325035014324001, 0.2071655857233 ], [ 32.325042929142931, 0.207110182352833 ], [ 32.325064035326754, 0.207073246772414 ], [ 32.325095694602481, 0.207004652122836 ], [ 32.325116800786297, 0.206975631309464 ], [ 32.325095694602481, 0.206949248751806 ], [ 32.324984887137433, 0.206878015845912 ], [ 32.325000716775286, 0.206772485614371 ], [ 32.324940036496805, 0.206743464800574 ], [ 32.324842420396635, 0.20693078096142 ] ] ] } },
{ "type": "Feature", "properties": { "fid": 371, "class_name": "disturbance", "class_id": null, "dist_to_line": null, "risk_level": null, "area_m2": 666.00270124462622, "perimeter_m": 110.17531246650606, "compactness": 0.68947301455975896, "dist_bin": 2 }, "geometry": { "type": "Polygon", "coordinates": [ [ [ 32.316993558288395, 0.202685826861837 ], [ 32.316996196561384, 0.202596126141618 ], [ 32.317059515112845, 0.202559190550796 ], [ 32.317165046031938, 0.20257502008973 ], [ 32.317178237396838, 0.202567105320265 ], [ 32.317215173218521, 0.202527531472881 ], [ 32.31731806586464, 0.202530169729377 ], [ 32.317291683134869, 0.20262250870644 ], [ 32.317267938678064, 0.202675273835954 ], [ 32.317252109040204, 0.202735953734684 ], [ 32.317207258399591, 0.20275969804282 ], [ 32.31720462012661, 0.202801910146088 ], [ 32.316993558288395, 0.202685826861837 ] ] ] } },
{ "type": "Feature", "properties": { "fid": 372, "class_name": "disturbance", "class_id": null, "dist_to_line": null, "risk_level": null, "area_m2": 111.80723933903482, "perimeter_m": 48.622732418597138, "compactness": 0.5942936179749374, "dist_bin": 2 }, "geometry": { "type": "Polygon", "coordinates": [ [ [ 32.317059515112845, 0.202514340190399 ], [ 32.31706215338582, 0.202464213316866 ], [ 32.317070068204757, 0.20245366029084 ], [ 32.317059515112845, 0.202432554238766 ], [ 32.317048962020927, 0.202400895160604 ], [ 32.317080621296661, 0.202400895160604 ], [ 32.317088536115591, 0.202432554238766 ], [ 32.317128110210255, 0.202424639469231 ], [ 32.317165046031938, 0.202419362956206 ], [ 32.317162407758957, 0.202466851573372 ], [ 32.317157131213008, 0.202482681112396 ], [ 32.31711491884537, 0.202519616703393 ], [ 32.317059515112845, 0.202514340190399 ] ] ] } },
{ "type": "Feature", "properties": { "fid": 373, "class_name": "structure", "class_id": null, "dist_to_line": null, "risk_level": null, "area_m2": 110.17938624688213, "perimeter_m": 41.856329504821886, "compactness": 0.79029262733830841, "dist_bin": 2 }, "geometry": { "type": "Polygon", "coordinates": [ [ [ 32.315655953888779, 0.20150652617703 ], [ 32.315626932886033, 0.201527632230306 ], [ 32.31562165634007, 0.201554014796863 ], [ 32.315624294613052, 0.201567206080125 ], [ 32.315653315615805, 0.20159095038997 ], [ 32.315708719348336, 0.201609418186493 ], [ 32.315740378624071, 0.201614694699781 ], [ 32.315758846534905, 0.201561929566821 ], [ 32.315655953888779, 0.20150652617703 ] ] ] } },
{ "type": "Feature", "properties": { "fid": 374, "class_name": "structure", "class_id": null, "dist_to_line": null, "risk_level": null, "area_m2": 37.783124608547951, "perimeter_m": 25.120337004834468, "compactness": 0.75241390291857813, "dist_bin": 2 }, "geometry": { "type": "Polygon", "coordinates": [ [ [ 32.312793427708129, 0.199899827791316 ], [ 32.312777598070255, 0.199949954672727 ], [ 32.312840916621717, 0.199971060728012 ], [ 32.312851469713621, 0.19993148687433 ], [ 32.312793427708129, 0.199899827791316 ] ] ] } },
{ "type": "Feature", "properties": { "fid": 375, "class_name": "disturbance", "class_id": null, "dist_to_line": null, "risk_level": null, "area_m2": 124.48730112310295, "perimeter_m": 43.864031072291844, "compactness": 0.81305108657052361, "dist_bin": 2 }, "geometry": { "type": "Polygon", "coordinates": [ [ [ 32.313313167484701, 0.200493435587666 ], [ 32.313281508208973, 0.200490797330841 ], [ 32.313249848933232, 0.200445946964749 ], [ 32.313257763752162, 0.200406373112213 ], [ 32.313321082303638, 0.200401096598535 ], [ 32.313365932944251, 0.200424840910075 ], [ 32.31340023049296, 0.200440670451083 ], [ 32.313355379852339, 0.200498712101315 ], [ 32.313313167484701, 0.200493435587666 ] ] ] } },
{ "type": "Feature", "properties": { "fid": 376, "class_name": "agricultural_activity", "class_id": null, "dist_to_line": null, "risk_level": null, "area_m2": 825.57466464833124, "perimeter_m": 132.48194210702204, "compactness": 0.59108896123421228, "dist_bin": 2 }, "geometry": { "type": "Polygon", "coordinates": [ [ [ 32.311595651776308, 0.199564769159009 ], [ 32.311637864143954, 0.199432856309771 ], [ 32.312038881636539, 0.199654469895887 ], [ 32.311954456901248, 0.199799574028035 ], [ 32.311595651776308, 0.199564769159009 ] ] ] } },
{ "type": "Feature", "properties": { "fid": 377, "class_name": "disturbance", "class_id": null, "dist_to_line": null, "risk_level": null, "area_m2": 224.72833478596294, "perimeter_m": 61.145861408876968, "compactness": 0.75532448372335215, "dist_bin": 2 }, "geometry": { "type": "Polygon", "coordinates": [ [ [ 32.312294794115367, 0.199831233111242 ], [ 32.312366027485758, 0.199696682007189 ], [ 32.312466281858896, 0.199738894118383 ], [ 32.31244517567508, 0.199833871368173 ], [ 32.312408239853404, 0.199836509625104 ], [ 32.312389771942563, 0.199881359992862 ], [ 32.312294794115367, 0.199831233111242 ] ] ] } },
{ "type": "Feature", "properties": { "fid": 378, "class_name": "disturbance", "class_id": null, "dist_to_line": null, "risk_level": null, "area_m2": 305.82082345361778, "perimeter_m": 75.219795474912416, "compactness": 0.67922337107176201, "dist_bin": 2 }, "geometry": { "type": "Polygon", "coordinates": [ [ [ 32.310754042696466, 0.199050309041006 ], [ 32.310780425426238, 0.198973799586188 ], [ 32.310793616791123, 0.198894651873933 ], [ 32.310843743977699, 0.198812865904205 ], [ 32.310922892167028, 0.198873545817268 ], [ 32.310891232891294, 0.198963246557909 ], [ 32.310838467431736, 0.199087244639757 ], [ 32.310754042696466, 0.199050309041006 ] ] ] } },
{ "type": "Feature", "properties": { "fid": 379, "class_name": "disturbance", "class_id": null, "dist_to_line": null, "risk_level": null, "area_m2": 352.68567831488326, "perimeter_m": 85.094657979388955, "compactness": 0.61205872647200876, "dist_bin": 2 }, "geometry": { "type": "Polygon", "coordinates": [ [ [ 32.30866980704419, 0.197776030833553 ], [ 32.308743678687563, 0.19764675622732 ], [ 32.308960017071719, 0.197752286518198 ], [ 32.308994314620421, 0.197770754319032 ], [ 32.308891421974295, 0.19780768992064 ], [ 32.308841294787733, 0.197818242949656 ], [ 32.30866980704419, 0.197776030833553 ] ] ] } },
{ "type": "Feature", "properties": { "fid": 380, "class_name": "agricultural_activity", "class_id": null, "dist_to_line": null, "risk_level": null, "area_m2": 356.0698732705896, "perimeter_m": 82.102468356122003, "compactness": 0.66379299628290878, "dist_bin": 2 }, "geometry": { "type": "Polygon", "coordinates": [ [ [ 32.307844027602215, 0.197105913476058 ], [ 32.307775432504798, 0.197208805513018 ], [ 32.307965388159182, 0.19729850626267 ], [ 32.308047174621478, 0.197309059292009 ], [ 32.308052451167441, 0.197227273314457 ], [ 32.307844027602215, 0.197105913476058 ] ] ] } },
{ "type": "Feature", "properties": { "fid": 381, "class_name": "agricultural_activity", "class_id": null, "dist_to_line": null, "risk_level": null, "area_m2": 1190.4268505648797, "perimeter_m": 170.69156393958895, "compactness": 0.51343853770040626, "dist_bin": 2 }, "geometry": { "type": "Polygon", "coordinates": [ [ [ 32.305284902813973, 0.195810529059033 ], [ 32.305324476908645, 0.195670701407207 ], [ 32.305472220195377, 0.195723466558976 ], [ 32.305691196852514, 0.19580261428632 ], [ 32.305836301866293, 0.195871208983048 ], [ 32.305788812952692, 0.19591869761908 ], [ 32.305699111671451, 0.195894953301081 ], [ 32.305664814122743, 0.195937165421945 ], [ 32.305641069665953, 0.195966186254978 ], [ 32.30567272894168, 0.195987292315333 ], [ 32.305699111671451, 0.196021589663355 ], [ 32.305609410390218, 0.196061163526369 ], [ 32.305284902813973, 0.195810529059033 ] ] ] } },
{ "type": "Feature", "properties": { "fid": 382, "class_name": "agricultural_activity", "class_id": null, "dist_to_line": null, "risk_level": null, "area_m2": 916.82018498572143, "perimeter_m": 150.81965817113968, "compactness": 0.50649845626986922, "dist_bin": 2 }, "geometry": { "type": "Polygon", "coordinates": [ [ [ 32.304780992675262, 0.19542798170693 ], [ 32.304825843315875, 0.195343557462533 ], [ 32.304947203872842, 0.195406875645871 ], [ 32.30507647924874, 0.195449087767963 ], [ 32.305089670613626, 0.195422705191668 ], [ 32.305247966992283, 0.195501852920429 ], [ 32.305276987995029, 0.195517682466137 ], [ 32.305276987995029, 0.195599468452055 ], [ 32.305250605265257, 0.19564431883126 ], [ 32.30512924470829, 0.195599468452055 ], [ 32.305102861978519, 0.195675977922391 ], [ 32.304780992675262, 0.19542798170693 ] ] ] } },
{ "type": "Feature", "properties": { "fid": 383, "class_name": "structure", "class_id": null, "dist_to_line": null, "risk_level": null, "area_m2": 157.68690575844084, "perimeter_m": 51.44034189958461, "compactness": 0.74885511801463434, "dist_bin": 2 }, "geometry": { "type": "Polygon", "coordinates": [ [ [ 32.304693929666996, 0.19492935100732 ], [ 32.304659632118295, 0.195048072603806 ], [ 32.304780992675262, 0.195087646469115 ], [ 32.304796822313122, 0.195003222223009 ], [ 32.304693929666996, 0.19492935100732 ] ] ] } },
{ "type": "Feature", "properties": { "fid": 384, "class_name": "structure", "class_id": null, "dist_to_line": null, "risk_level": null, "area_m2": 92.530220160988392, "perimeter_m": 40.026744738405213, "compactness": 0.72575981246415722, "dist_bin": 2 }, "geometry": { "type": "Polygon", "coordinates": [ [ [ 32.301166558695996, 0.192370240836016 ], [ 32.301121708055383, 0.192428282514277 ], [ 32.301214047609591, 0.192496877224694 ], [ 32.301248345158307, 0.19244938857905 ], [ 32.301166558695996, 0.192370240836016 ] ] ] } },
{ "type": "Feature", "properties": { "fid": 385, "class_name": "structure", "class_id": null, "dist_to_line": null, "risk_level": null, "area_m2": 103.88225569849601, "perimeter_m": 41.106108945987387, "compactness": 0.77257116982325313, "dist_bin": 2 }, "geometry": { "type": "Polygon", "coordinates": [ [ [ 32.301348599531451, 0.192502153740869 ], [ 32.301287919252964, 0.192570748450989 ], [ 32.301377620534211, 0.192623513612432 ], [ 32.301425109447798, 0.192562833676759 ], [ 32.301348599531451, 0.192502153740869 ] ] ] } },
{ "type": "Feature", "properties": { "fid": 386, "class_name": "structure", "class_id": null, "dist_to_line": null, "risk_level": null, "area_m2": 14.136565056582185, "perimeter_m": 15.135077343633576, "compactness": 0.7755047654688173, "dist_bin": 2 }, "geometry": { "type": "Polygon", "coordinates": [ [ [ 32.301090048779649, 0.192507430257042 ], [ 32.301108516690498, 0.192478409418071 ], [ 32.301134899420269, 0.192496877224694 ], [ 32.301124346328358, 0.192525898063634 ], [ 32.301090048779649, 0.192507430257042 ] ] ] } },
{ "type": "Feature", "properties": { "fid": 387, "class_name": "agricultural_activity", "class_id": null, "dist_to_line": null, "risk_level": null, "area_m2": 561.86429022840457, "perimeter_m": 94.655930806094062, "compactness": 0.78803523084668348, "dist_bin": 2 }, "geometry": { "type": "Polygon", "coordinates": [ [ [ 32.298826410564899, 0.191140812513842 ], [ 32.298931941484007, 0.19099043179027 ], [ 32.299026919311203, 0.191022090890079 ], [ 32.299116620592436, 0.191066941281374 ], [ 32.299008451400354, 0.191280640202998 ], [ 32.298826410564899, 0.191140812513842 ] ] ] } },
{ "type": "Feature", "properties": { "fid": 388, "class_name": "agricultural_activity", "class_id": null, "dist_to_line": null, "risk_level": null, "area_m2": 511.91508276050445, "perimeter_m": 93.232127693853101, "compactness": 0.74007647331902671, "dist_bin": 2 }, "geometry": { "type": "Polygon", "coordinates": [ [ [ 32.297866079201071, 0.190462780118216 ], [ 32.297937312571463, 0.190344058489776 ], [ 32.298177395412417, 0.190454865343012 ], [ 32.298069226220342, 0.190607884329643 ], [ 32.297866079201071, 0.190462780118216 ] ] ] } },
{ "type": "Feature", "properties": { "fid": 389, "class_name": "disturbance", "class_id": null, "dist_to_line": null, "risk_level": null, "area_m2": 273.22143961848997, "perimeter_m": 68.312120302007372, "compactness": 0.73574803115292231, "dist_bin": 2 }, "geometry": { "type": "Polygon", "coordinates": [ [ [ 32.294222624219053, 0.187779671116855 ], [ 32.294307048954337, 0.187658311211243 ], [ 32.294380920597703, 0.18767677902302 ], [ 32.294438962603209, 0.187705799870061 ], [ 32.294428409511305, 0.187711076387699 ], [ 32.294428409511305, 0.187742735493497 ], [ 32.29439675023557, 0.187790224152085 ], [ 32.294362452686862, 0.187813968481331 ], [ 32.294301772408382, 0.187798138928504 ], [ 32.294272751405622, 0.187835074551745 ], [ 32.294222624219053, 0.187779671116855 ] ] ] } },
{ "type": "Feature", "properties": { "fid": 390, "class_name": "structure", "class_id": null, "dist_to_line": null, "risk_level": null, "area_m2": 32.856792282080278, "perimeter_m": 23.309345113115654, "compactness": 0.75993226182570461, "dist_bin": 2 }, "geometry": { "type": "Polygon", "coordinates": [ [ [ 32.294679045444163, 0.188077794359671 ], [ 32.29471598126586, 0.188054050030784 ], [ 32.294750278814568, 0.188106815206045 ], [ 32.294713342992878, 0.188127921276105 ], [ 32.294679045444163, 0.188077794359671 ] ] ] } },
{ "type": "Feature", "properties": { "fid": 391, "class_name": "structure", "class_id": null, "dist_to_line": null, "risk_level": null, "area_m2": 18.645303700199293, "perimeter_m": 17.381392362545832, "compactness": 0.77555070873077503, "dist_bin": 2 }, "geometry": { "type": "Polygon", "coordinates": [ [ [ 32.294751597951056, 0.188172771674898 ], [ 32.294737087449683, 0.188143750828633 ], [ 32.294772704134878, 0.188123963887971 ], [ 32.294791172045713, 0.188162218639898 ], [ 32.294751597951056, 0.188172771674898 ] ] ] } },
{ "type": "Feature", "properties": { "fid": 392, "class_name": "agricultural_activity", "class_id": null, "dist_to_line": null, "risk_level": null, "area_m2": 297.57485796321998, "perimeter_m": 70.145874753259619, "compactness": 0.75997941335210228, "dist_bin": 2 }, "geometry": { "type": "Polygon", "coordinates": [ [ [ 32.294595939845379, 0.18793928577404 ], [ 32.2947463214051, 0.187836393681145 ], [ 32.294825469594429, 0.187941924032824 ], [ 32.294667173215778, 0.188046135254481 ], [ 32.294595939845379, 0.18793928577404 ] ] ] } },
{ "type": "Feature", "properties": { "fid": 393, "class_name": "agricultural_activity", "class_id": null, "dist_to_line": null, "risk_level": null, "area_m2": 325.67664814612363, "perimeter_m": 72.490617768913395, "compactness": 0.77881244370927816, "dist_bin": 2 }, "geometry": { "type": "Polygon", "coordinates": [ [ [ 32.294515472519571, 0.187807372834322 ], [ 32.294599897254848, 0.187936647515255 ], [ 32.294743683132126, 0.187836393681145 ], [ 32.29461836516569, 0.18770711899947 ], [ 32.294515472519571, 0.187807372834322 ] ] ] } },
{ "type": "Feature", "properties": { "fid": 394, "class_name": "structure", "class_id": null, "dist_to_line": null, "risk_level": null, "area_m2": 66.056356627406785, "perimeter_m": 33.162813059741332, "compactness": 0.75478238259801811, "dist_bin": 2 }, "geometry": { "type": "Polygon", "coordinates": [ [ [ 32.294230539037997, 0.1873430392786 ], [ 32.294194922352794, 0.18739316619714 ], [ 32.294263517450212, 0.187445931374396 ], [ 32.294301772408389, 0.187401080973739 ], [ 32.294230539037997, 0.1873430392786 ] ] ] } },
{ "type": "Feature", "properties": { "fid": 395, "class_name": "structure", "class_id": null, "dist_to_line": null, "risk_level": null, "area_m2": 46.500779621565016, "perimeter_m": 28.000942715275166, "compactness": 0.74528913848645928, "dist_bin": 2 }, "geometry": { "type": "Polygon", "coordinates": [ [ [ 32.293853266002209, 0.187068660353525 ], [ 32.293811053634563, 0.187100319460483 ], [ 32.293850627729228, 0.187143850732458 ], [ 32.293911308007708, 0.187106915107759 ], [ 32.293853266002209, 0.187068660353525 ] ] ] } },
{ "type": "Feature", "properties": { "fid": 396, "class_name": "structure", "class_id": null, "dist_to_line": null, "risk_level": null, "area_m2": 32.760481050834642, "perimeter_m": 23.19166818716608, "compactness": 0.76541356860791498, "dist_bin": 2 }, "geometry": { "type": "Polygon", "coordinates": [ [ [ 32.293734543718216, 0.186975002161771 ], [ 32.293697607896533, 0.187007980398361 ], [ 32.293730586308747, 0.187040958634889 ], [ 32.293778075222349, 0.187011937786748 ], [ 32.293734543718216, 0.186975002161771 ] ] ] } },
{ "type": "Feature", "properties": { "fid": 397, "class_name": "agricultural_activity", "class_id": null, "dist_to_line": null, "risk_level": null, "area_m2": 1006.7818330946138, "perimeter_m": 129.3293876727389, "compactness": 0.75639873110309241, "dist_bin": 2 }, "geometry": { "type": "Polygon", "coordinates": [ [ [ 32.282725030582839, 0.179618215615307 ], [ 32.282732945401776, 0.179491579134226 ], [ 32.282817370137053, 0.179412431333105 ], [ 32.283157707351151, 0.17961293909528 ], [ 32.28292290105616, 0.17976595817546 ], [ 32.282725030582839, 0.179618215615307 ] ] ] } },
{ "type": "Feature", "properties": { "fid": 398, "class_name": "agricultural_activity", "class_id": null, "dist_to_line": null, "risk_level": null, "area_m2": 1450.3280616097036, "perimeter_m": 153.60120008033061, "compactness": 0.7724793814603198, "dist_bin": 2 }, "geometry": { "type": "Polygon", "coordinates": [ [ [ 32.281769975764966, 0.178950735819747 ], [ 32.281928272143624, 0.178639421124179 ], [ 32.282194737714349, 0.178818822813795 ], [ 32.282049632700591, 0.179156520107138 ], [ 32.281769975764966, 0.178950735819747 ] ] ] } },
{ "type": "Feature", "properties": { "fid": 399, "class_name": "structure", "class_id": null, "dist_to_line": null, "risk_level": null, "area_m2": 26.688181027268001, "perimeter_m": 20.955368870220724, "compactness": 0.76372713086619604, "dist_bin": 2 }, "geometry": { "type": "Polygon", "coordinates": [ [ [ 32.281548360834847, 0.178802993253017 ], [ 32.281566828745689, 0.17877133413142 ], [ 32.281616955932265, 0.178784525432092 ], [ 32.281595849748435, 0.178826737594179 ], [ 32.281548360834847, 0.178802993253017 ] ] ] } },
{ "type": "Feature", "properties": { "fid": 400, "class_name": "structure", "class_id": null, "dist_to_line": null, "risk_level": null, "area_m2": 71.196964673770708, "perimeter_m": 34.050940052595578, "compactness": 0.77163715420791112, "dist_bin": 2 }, "geometry": { "type": "Polygon", "coordinates": [ [ [ 32.279883610586012, 0.177639520498549 ], [ 32.279925822953651, 0.17758411703222 ], [ 32.279994418051061, 0.177634243977954 ], [ 32.279957482229385, 0.177687009183842 ], [ 32.279883610586012, 0.177639520498549 ] ] ] } },
{ "type": "Feature", "properties": { "fid": 401, "class_name": "structure", "class_id": null, "dist_to_line": null, "risk_level": null, "area_m2": 37.140707032755017, "perimeter_m": 26.762179236499342, "compactness": 0.65165402336995881, "dist_bin": 2 }, "geometry": { "type": "Polygon", "coordinates": [ [ [ 32.279688378385671, 0.177499692702256 ], [ 32.279714761115443, 0.177473310099063 ], [ 32.279778079666904, 0.177523437045097 ], [ 32.279759611756063, 0.177552457908528 ], [ 32.279688378385671, 0.177499692702256 ] ] ] } },
{ "type": "Feature", "properties": { "fid": 402, "class_name": "structure", "class_id": null, "dist_to_line": null, "risk_level": null, "area_m2": 17.13527477059688, "perimeter_m": 16.309926487891325, "compactness": 0.80946286486205521, "dist_bin": 2 }, "geometry": { "type": "Polygon", "coordinates": [ [ [ 32.279883610586012, 0.177576202251302 ], [ 32.279896801950898, 0.177555096168838 ], [ 32.279925822953651, 0.177565649210073 ], [ 32.279936376045555, 0.177586755292525 ], [ 32.279917908134721, 0.177602584854348 ], [ 32.279883610586012, 0.177576202251302 ] ] ] } },
{ "type": "Feature", "properties": { "fid": 403, "class_name": "structure", "class_id": null, "dist_to_line": null, "risk_level": null, "area_m2": 183.09022041602293, "perimeter_m": 55.771981988950863, "compactness": 0.73967826028825689, "dist_bin": 2 }, "geometry": { "type": "Polygon", "coordinates": [ [ [ 32.278131797328903, 0.176404814638194 ], [ 32.278232051702055, 0.176317752042378 ], [ 32.278327029529244, 0.176428558982437 ], [ 32.278237328248011, 0.176470771149905 ], [ 32.278131797328903, 0.176404814638194 ] ] ] } },
{ "type": "Feature", "properties": { "fid": 404, "class_name": "structure", "class_id": null, "dist_to_line": null, "risk_level": null, "area_m2": 87.646853976970306, "perimeter_m": 36.935953889995844, "compactness": 0.80732343109154192, "dist_bin": 2 }, "geometry": { "type": "Polygon", "coordinates": [ [ [ 32.27790754412581, 0.176249157269631 ], [ 32.277970862677279, 0.176185839017639 ], [ 32.278007798498962, 0.176212221622662 ], [ 32.278018351590873, 0.176249157269631 ], [ 32.277984054042157, 0.176304560739947 ], [ 32.27790754412581, 0.176249157269631 ] ] ] } },
{ "type": "Feature", "properties": { "fid": 405, "class_name": "agricultural_activity", "class_id": null, "dist_to_line": null, "risk_level": null, "area_m2": 400.8794496178416, "perimeter_m": 85.52876834522408, "compactness": 0.68865106180150026, "dist_bin": 2 }, "geometry": { "type": "Polygon", "coordinates": [ [ [ 32.278239966520985, 0.176328305084317 ], [ 32.278176647969516, 0.176259710311608 ], [ 32.278168733150586, 0.17624388074864 ], [ 32.278224136883118, 0.176143626849525 ], [ 32.278382433261768, 0.176296645958483 ], [ 32.278419369083458, 0.176375793772968 ], [ 32.278332306075193, 0.176428558982437 ], [ 32.278239966520985, 0.176328305084317 ] ] ] } },
{ "type": "Feature", "properties": { "fid": 406, "class_name": "agricultural_activity", "class_id": null, "dist_to_line": null, "risk_level": null, "area_m2": 598.02061643546131, "perimeter_m": 96.253989358943954, "compactness": 0.81112641267507923, "dist_bin": 2 }, "geometry": { "type": "Polygon", "coordinates": [ [ [ 32.27738516607625, 0.17572941994484 ], [ 32.277237422789511, 0.175523635619351 ], [ 32.27739308089518, 0.175462955625505 ], [ 32.277535547635978, 0.175547379964715 ], [ 32.277538185908952, 0.175660825169929 ], [ 32.27738516607625, 0.17572941994484 ] ] ] } },
{ "type": "Feature", "properties": { "fid": 407, "class_name": "agricultural_activity", "class_id": null, "dist_to_line": null, "risk_level": null, "area_m2": 1020.9617502610781, "perimeter_m": 139.764325519642, "compactness": 0.65679020870615634, "dist_bin": 2 }, "geometry": { "type": "Polygon", "coordinates": [ [ [ 32.276269176606739, 0.175106790440271 ], [ 32.276422196439441, 0.174964324364282 ], [ 32.276767810199502, 0.175230788690714 ], [ 32.276622705185737, 0.175346872158469 ], [ 32.276269176606739, 0.175106790440271 ] ] ] } },
{ "type": "Feature", "properties": { "fid": 408, "class_name": "agricultural_activity", "class_id": null, "dist_to_line": null, "risk_level": null, "area_m2": 1052.0194615013606, "perimeter_m": 148.0871409494525, "compactness": 0.60283566901053043, "dist_bin": 2 }, "geometry": { "type": "Polygon", "coordinates": [ [ [ 32.276419558166467, 0.174966962624958 ], [ 32.276503982901744, 0.174827134808603 ], [ 32.276936659670064, 0.175122620004203 ], [ 32.27677308674545, 0.175238703472629 ], [ 32.276419558166467, 0.174966962624958 ] ] ] } },
{ "type": "Feature", "properties": { "fid": 409, "class_name": "structure", "class_id": null, "dist_to_line": null, "risk_level": null, "area_m2": 270.05178658964633, "perimeter_m": 83.650644591071611, "compactness": 0.48497386472188542, "dist_bin": 2 }, "geometry": { "type": "Polygon", "coordinates": [ [ [ 32.27538007861331, 0.174478884393535 ], [ 32.275480332986447, 0.174323227008957 ], [ 32.275514630535163, 0.174331141791254 ], [ 32.275490886078366, 0.174370715702693 ], [ 32.275493524351347, 0.174402374831784 ], [ 32.275493524351347, 0.174402374831784 ], [ 32.275511992262189, 0.174423480917815 ], [ 32.275559481175783, 0.17441820439631 ], [ 32.275585863905555, 0.174394460049516 ], [ 32.275585863905555, 0.174394460049516 ], [ 32.275511992262189, 0.174565946997907 ], [ 32.27538007861331, 0.174478884393535 ] ] ] } },
{ "type": "Feature", "properties": { "fid": 410, "class_name": "structure", "class_id": null, "dist_to_line": null, "risk_level": null, "area_m2": 39.967997295767418, "perimeter_m": 26.613204722073824, "compactness": 0.70913333589554872, "dist_bin": 2 }, "geometry": { "type": "Polygon", "coordinates": [ [ [ 32.27422187677616, 0.173418303544354 ], [ 32.274258812597843, 0.173452600935931 ], [ 32.274308939784419, 0.173394559196303 ], [ 32.274285195327622, 0.173370814848222 ], [ 32.27422187677616, 0.173418303544354 ] ] ] } },
{ "type": "Feature", "properties": { "fid": 411, "class_name": "structure", "class_id": null, "dist_to_line": null, "risk_level": null, "area_m2": 99.191794328170545, "perimeter_m": 38.798405421320865, "compactness": 0.82805246968535773, "dist_bin": 2 }, "geometry": { "type": "Polygon", "coordinates": [ [ [ 32.272872400148145, 0.172531847863615 ], [ 32.272909335969835, 0.172455338293993 ], [ 32.272985845886176, 0.172471167860147 ], [ 32.272983207613201, 0.172512060905984 ], [ 32.272935718699607, 0.1725674643873 ], [ 32.272872400148145, 0.172531847863615 ] ] ] } },
{ "type": "Feature", "properties": { "fid": 412, "class_name": "structure", "class_id": null, "dist_to_line": null, "risk_level": null, "area_m2": 18.870233492903935, "perimeter_m": 17.45743109066693, "compactness": 0.7780839646598583, "dist_bin": 2 }, "geometry": { "type": "Polygon", "coordinates": [ [ [ 32.272748401318196, 0.172558230473758 ], [ 32.272765550092558, 0.172522613950056 ], [ 32.272802485914241, 0.172535805255139 ], [ 32.272781379730418, 0.172572740909321 ], [ 32.272748401318196, 0.172558230473758 ] ] ] } },
{ "type": "Feature", "properties": { "fid": 413, "class_name": "structure", "class_id": null, "dist_to_line": null, "risk_level": null, "area_m2": 9.1887790834025509, "perimeter_m": 12.190743140784321, "compactness": 0.77697547890954388, "dist_bin": 2 }, "geometry": { "type": "Polygon", "coordinates": [ [ [ 32.272789294549348, 0.172566145256794 ], [ 32.272801166777754, 0.172542400907676 ], [ 32.272823592098057, 0.172550315690719 ], [ 32.272818315552108, 0.172578017431341 ], [ 32.272789294549348, 0.172566145256794 ] ] ] } },
{ "type": "Feature", "properties": { "fid": 414, "class_name": "structure", "class_id": null, "dist_to_line": null, "risk_level": null, "area_m2": 4.819284181779949, "perimeter_m": 9.436186846993099, "compactness": 0.6801415969310064, "dist_bin": 2 }, "geometry": { "type": "Polygon", "coordinates": [ [ [ 32.272822272961569, 0.172578017431341 ], [ 32.272834145189968, 0.172552953951732 ], [ 32.272846017418367, 0.172558230473758 ], [ 32.272834145189968, 0.172585932214369 ], [ 32.272822272961569, 0.172578017431341 ] ] ] } },
{ "type": "Feature", "properties": { "fid": 415, "class_name": "agricultural_activity", "class_id": null, "dist_to_line": null, "risk_level": null, "area_m2": 303.97967712232094, "perimeter_m": 72.102888129249322, "compactness": 0.73476606675780542, "dist_bin": 2 }, "geometry": { "type": "Polygon", "coordinates": [ [ [ 32.271817090957114, 0.171782581720299 ], [ 32.271811814411159, 0.171553053001498 ], [ 32.271843473686886, 0.1715583295238 ], [ 32.271954281151949, 0.171624286052455 ], [ 32.27191998360324, 0.171777305198059 ], [ 32.271817090957114, 0.171782581720299 ] ] ] } },
{ "type": "Feature", "properties": { "fid": 416, "class_name": "agricultural_activity", "class_id": null, "dist_to_line": null, "risk_level": null, "area_m2": 279.39053361809056, "perimeter_m": 71.653235941380245, "compactness": 0.6838328102156005, "dist_bin": 2 }, "geometry": { "type": "Polygon", "coordinates": [ [ [ 32.27195691942493, 0.171632200835878 ], [ 32.271925260149196, 0.171774666936938 ], [ 32.272117854076555, 0.17183270868151 ], [ 32.272138960260371, 0.171758837370206 ], [ 32.27195691942493, 0.171632200835878 ] ] ] } },
{ "type": "Feature", "properties": { "fid": 417, "class_name": "agricultural_activity", "class_id": null, "dist_to_line": null, "risk_level": null, "area_m2": 1092.8875522663584, "perimeter_m": 134.21864631492116, "compactness": 0.76235918095590904, "dist_bin": 2 }, "geometry": { "type": "Polygon", "coordinates": [ [ [ 32.270028341878323, 0.170716724198234 ], [ 32.270234127170568, 0.170431791979342 ], [ 32.270450465554731, 0.170563705044168 ], [ 32.270244680262472, 0.170848637261106 ], [ 32.270028341878323, 0.170716724198234 ] ] ] } },
{ "type": "Feature", "properties": { "fid": 418, "class_name": "agricultural_activity", "class_id": null, "dist_to_line": null, "risk_level": null, "area_m2": 935.58574868255528, "perimeter_m": 126.51027961670161, "compactness": 0.73458461878859471, "dist_bin": 2 }, "geometry": { "type": "Polygon", "coordinates": [ [ [ 32.270249956808428, 0.170853913783602 ], [ 32.270445189008775, 0.170563705044168 ], [ 32.270619315025293, 0.17069561810809 ], [ 32.270408253187092, 0.170991103367991 ], [ 32.270249956808428, 0.170853913783602 ] ] ] } },
{ "type": "Feature", "properties": { "fid": 419, "class_name": "agricultural_activity", "class_id": null, "dist_to_line": null, "risk_level": null, "area_m2": 1042.3385407191236, "perimeter_m": 131.17296872596191, "compactness": 0.76125466125189178, "dist_bin": 2 }, "geometry": { "type": "Polygon", "coordinates": [ [ [ 32.269838386223931, 0.170584811134457 ], [ 32.270028341878323, 0.170294602390965 ], [ 32.270244680262472, 0.170442345024562 ], [ 32.270028341878323, 0.1707114476757 ], [ 32.269838386223931, 0.170584811134457 ] ] ] } },
{ "type": "Feature", "properties": { "fid": 420, "class_name": "structure", "class_id": null, "dist_to_line": null, "risk_level": null, "area_m2": 52.862345209683554, "perimeter_m": 31.336615175770742, "compactness": 0.67647557705061101, "dist_bin": 2 }, "geometry": { "type": "Polygon", "coordinates": [ [ [ 32.26447477726056, 0.166825288439388 ], [ 32.264469500714604, 0.166788352774233 ], [ 32.264530180993084, 0.166759331894419 ], [ 32.26453545753904, 0.166864862366263 ], [ 32.26447477726056, 0.166825288439388 ] ] ] } },
{ "type": "Feature", "properties": { "fid": 421, "class_name": "structure", "class_id": null, "dist_to_line": null, "risk_level": null, "area_m2": 274.37870144054978, "perimeter_m": 64.23981717345734, "compactness": 0.83551003008225189, "dist_bin": 2 }, "geometry": { "type": "Polygon", "coordinates": [ [ [ 32.26015592439628, 0.163556481806508 ], [ 32.26014800957735, 0.16343512174364 ], [ 32.260282561499203, 0.163427206956906 ], [ 32.260343241777683, 0.16348261046398 ], [ 32.260327412139816, 0.163543290495362 ], [ 32.26029047631814, 0.163564396593191 ], [ 32.26015592439628, 0.163556481806508 ] ] ] } },
{ "type": "Feature", "properties": { "fid": 422, "class_name": "structure", "class_id": null, "dist_to_line": null, "risk_level": null, "area_m2": 115.74883880335256, "perimeter_m": 43.209299758704148, "compactness": 0.77906205177741206, "dist_bin": 2 }, "geometry": { "type": "Polygon", "coordinates": [ [ [ 32.258074327016985, 0.161894376534109 ], [ 32.258032114649346, 0.161989353981929 ], [ 32.258103348019738, 0.162031566180818 ], [ 32.258161390025244, 0.16195241830783 ], [ 32.258074327016985, 0.161894376534109 ] ] ] } },
{ "type": "Feature", "properties": { "fid": 423, "class_name": "structure", "class_id": null, "dist_to_line": null, "risk_level": null, "area_m2": 42.000211800084799, "perimeter_m": 27.224920630321279, "compactness": 0.71207887167293171, "dist_bin": 2 }, "geometry": { "type": "Polygon", "coordinates": [ [ [ 32.246985665692286, 0.154479538595649 ], [ 32.24700941014909, 0.154511197756284 ], [ 32.247072728700552, 0.15446964510794 ], [ 32.247050962948485, 0.154428092459515 ], [ 32.246985665692286, 0.154479538595649 ] ] ] } },
{ "type": "Feature", "properties": { "fid": 424, "class_name": "structure", "class_id": null, "dist_to_line": null, "risk_level": null, "area_m2": 59.229268266513827, "perimeter_m": 33.364832545883836, "compactness": 0.66860301746598205, "dist_bin": 2 }, "geometry": { "type": "Polygon", "coordinates": [ [ [ 32.246326757016142, 0.153919567184118 ], [ 32.246360394996607, 0.153887908022602 ], [ 32.246423713548069, 0.153967055926303 ], [ 32.246392054272327, 0.154002672482872 ], [ 32.246326757016142, 0.153919567184118 ] ] ] } },
{ "type": "Feature", "properties": { "fid": 425, "class_name": "structure", "class_id": null, "dist_to_line": null, "risk_level": null, "area_m2": 40.506213768327143, "perimeter_m": 26.946032560410845, "compactness": 0.70103847492039317, "dist_bin": 2 }, "geometry": { "type": "Polygon", "coordinates": [ [ [ 32.246655222001841, 0.154006629878043 ], [ 32.246669072934985, 0.15404620382971 ], [ 32.246669072934985, 0.15404620382971 ], [ 32.246736348895908, 0.154006629878043 ], [ 32.246722497962779, 0.153965077228714 ], [ 32.246655222001841, 0.154006629878043 ] ] ] } },
{ "type": "Feature", "properties": { "fid": 426, "class_name": "structure", "class_id": null, "dist_to_line": null, "risk_level": null, "area_m2": 169.18160862249351, "perimeter_m": 59.36428628210065, "compactness": 0.60327108854605738, "dist_bin": 2 }, "geometry": { "type": "Polygon", "coordinates": [ [ [ 32.245758868757726, 0.15324483129416 ], [ 32.245723252072537, 0.153256703480091 ], [ 32.245752932643526, 0.153379382734326 ], [ 32.245923101250575, 0.153357617060239 ], [ 32.245758868757726, 0.15324483129416 ] ] ] } },
{ "type": "Feature", "properties": { "fid": 427, "class_name": "structure", "class_id": null, "dist_to_line": null, "risk_level": null, "area_m2": 39.711063968745293, "perimeter_m": 25.599356578421169, "compactness": 0.76148839242460753, "dist_bin": 2 }, "geometry": { "type": "Polygon", "coordinates": [ [ [ 32.245576827922278, 0.153561422916734 ], [ 32.245628274245341, 0.153525806359428 ], [ 32.24565795481633, 0.153529763754687 ], [ 32.24565795481633, 0.153553508126227 ], [ 32.245624316835872, 0.15359703947398 ], [ 32.245576827922278, 0.153561422916734 ] ] ] } },
{ "type": "Feature", "properties": { "fid": 428, "class_name": "structure", "class_id": null, "dist_to_line": null, "risk_level": null, "area_m2": 64.096743702903041, "perimeter_m": 33.954344963415529, "compactness": 0.69864268703410415, "dist_bin": 2 }, "geometry": { "type": "Polygon", "coordinates": [ [ [ 32.237284076385556, 0.14779945466173 ], [ 32.237311778251815, 0.147842986020982 ], [ 32.237398841260081, 0.147779667680224 ], [ 32.237359267165417, 0.147744051113468 ], [ 32.237284076385556, 0.14779945466173 ] ] ] } },
{ "type": "Feature", "properties": { "fid": 429, "class_name": "structure", "class_id": null, "dist_to_line": null, "risk_level": null, "area_m2": 25.831493739133293, "perimeter_m": 21.083958634537339, "compactness": 0.7302222697438927, "dist_bin": 2 }, "geometry": { "type": "Polygon", "coordinates": [ [ [ 32.236512381539619, 0.147423502010097 ], [ 32.23653216858694, 0.14737601325365 ], [ 32.236563827862682, 0.14737601325365 ], [ 32.236551955634276, 0.147439331595557 ], [ 32.236512381539619, 0.147423502010097 ] ] ] } },
{ "type": "Feature", "properties": { "fid": 430, "class_name": "structure", "class_id": null, "dist_to_line": null, "risk_level": null, "area_m2": 138.74781662487658, "perimeter_m": 47.255939769370045, "compactness": 0.78077017122316072, "dist_bin": 2 }, "geometry": { "type": "Polygon", "coordinates": [ [ [ 32.234561378672709, 0.146111625076102 ], [ 32.234630633338377, 0.146030498445686 ], [ 32.234703845413499, 0.1461155824727 ], [ 32.234632612043107, 0.146188794309641 ], [ 32.234561378672709, 0.146111625076102 ] ] ] } },
{ "type": "Feature", "properties": { "fid": 431, "class_name": "structure", "class_id": null, "dist_to_line": null, "risk_level": null, "area_m2": 57.036471149345743, "perimeter_m": 31.064172554247975, "compactness": 0.74275046431634451, "dist_bin": 2 }, "geometry": { "type": "Polygon", "coordinates": [ [ [ 32.234909630705751, 0.146087880696498 ], [ 32.234949204800408, 0.14612745466249 ], [ 32.235010544647139, 0.146066115015173 ], [ 32.234972949257198, 0.146030498445686 ], [ 32.234909630705751, 0.146087880696498 ] ] ] } },
{ "type": "Feature", "properties": { "fid": 432, "class_name": "structure", "class_id": null, "dist_to_line": null, "risk_level": null, "area_m2": 125.71156482634251, "perimeter_m": 46.935368296914845, "compactness": 0.71710811359422866, "dist_bin": 2 }, "geometry": { "type": "Polygon", "coordinates": [ [ [ 32.235149053978461, 0.146220453482298 ], [ 32.235091671541198, 0.146279814430909 ], [ 32.235194564187324, 0.146368855853532 ], [ 32.235242053100912, 0.146321367094844 ], [ 32.235149053978461, 0.146220453482298 ] ] ] } },
{ "type": "Feature", "properties": { "fid": 433, "class_name": "structure", "class_id": null, "dist_to_line": null, "risk_level": null, "area_m2": 25.614593707547101, "perimeter_m": 27.028573603581947, "compactness": 0.44060668451533508, "dist_bin": 2 }, "geometry": { "type": "Polygon", "coordinates": [ [ [ 32.235188628073125, 0.146178900818176 ], [ 32.235182691958926, 0.146192751706225 ], [ 32.235255904034048, 0.146260027448056 ], [ 32.235271733671908, 0.146238261766898 ], [ 32.235188628073125, 0.146178900818176 ] ] ] } },
{ "type": "Feature", "properties": { "fid": 434, "class_name": "structure", "class_id": null, "dist_to_line": null, "risk_level": null, "area_m2": 63.301586062378647, "perimeter_m": 31.72462478499223, "compactness": 0.79037185576959978, "dist_bin": 2 }, "geometry": { "type": "Polygon", "coordinates": [ [ [ 32.230036080947933, 0.143242512360182 ], [ 32.230075655042612, 0.143230640168882 ], [ 32.230085548566272, 0.143157428322397 ], [ 32.230018272605342, 0.143147534829611 ], [ 32.230020251310073, 0.143230640168882 ], [ 32.230036080947933, 0.143242512360182 ] ] ] } },
{ "type": "Feature", "properties": { "fid": 435, "class_name": "structure", "class_id": null, "dist_to_line": null, "risk_level": null, "area_m2": 36.24117840397048, "perimeter_m": 26.788639576695537, "compactness": 0.63461576467742054, "dist_bin": 2 }, "geometry": { "type": "Polygon", "coordinates": [ [ [ 32.22962451036345, 0.142532159569936 ], [ 32.22961659554452, 0.142593499226784 ], [ 32.229691786324388, 0.142603392719808 ], [ 32.229691786324388, 0.142585584432361 ], [ 32.22962451036345, 0.142532159569936 ] ] ] } },
{ "type": "Feature", "properties": { "fid": 436, "class_name": "structure", "class_id": null, "dist_to_line": null, "risk_level": null, "area_m2": 447.66549520553235, "perimeter_m": 85.034174858304254, "compactness": 0.7779944195209838, "dist_bin": 2 }, "geometry": { "type": "Polygon", "coordinates": [ [ [ 32.22923470553102, 0.142581627035148 ], [ 32.229262407397279, 0.142387714570906 ], [ 32.229442469528003, 0.142387714570906 ], [ 32.229412788956999, 0.142597456623994 ], [ 32.22923470553102, 0.142581627035148 ] ] ] } },
{ "type": "Feature", "properties": { "fid": 437, "class_name": "structure", "class_id": null, "dist_to_line": null, "risk_level": null, "area_m2": 62.072703807987637, "perimeter_m": 36.108862630815068, "compactness": 0.59825027781013407, "dist_bin": 2 }, "geometry": { "type": "Polygon", "coordinates": [ [ [ 32.229165450865359, 0.142668689773665 ], [ 32.22916742957009, 0.142650881486268 ], [ 32.229260428692541, 0.142652860184868 ], [ 32.229270322216216, 0.142739922923115 ], [ 32.229165450865359, 0.142668689773665 ] ] ] } },
{ "type": "Feature", "properties": { "fid": 438, "class_name": "structure", "class_id": null, "dist_to_line": null, "risk_level": null, "area_m2": 172.91677834806251, "perimeter_m": 56.6635036765243, "compactness": 0.67676852120874098, "dist_bin": 2 }, "geometry": { "type": "Polygon", "coordinates": [ [ [ 32.228031653053257, 0.141701106138504 ], [ 32.228047482691125, 0.141515108461666 ], [ 32.22815829015618, 0.141576448121214 ], [ 32.22815829015618, 0.141627894287161 ], [ 32.228031653053257, 0.141701106138504 ] ] ] } },
{ "type": "Feature", "properties": { "fid": 439, "class_name": "structure", "class_id": null, "dist_to_line": null, "risk_level": null, "area_m2": 98.795819479795682, "perimeter_m": 42.188361199698072, "compactness": 0.6975303691577307, "dist_bin": 2 }, "geometry": { "type": "Polygon", "coordinates": [ [ [ 32.227908973359803, 0.141843572443157 ], [ 32.227912930769271, 0.141802019771057 ], [ 32.228019780824852, 0.14180399846973 ], [ 32.228013844710652, 0.141910848197828 ], [ 32.227908973359803, 0.141843572443157 ] ] ] } },
{ "type": "Feature", "properties": { "fid": 440, "class_name": "structure", "class_id": null, "dist_to_line": null, "risk_level": null, "area_m2": 53.205168259230504, "perimeter_m": 32.702052393924518, "compactness": 0.62519236398853173, "dist_bin": 2 }, "geometry": { "type": "Polygon", "coordinates": [ [ [ 32.228021759529582, 0.141916784293818 ], [ 32.22802373823432, 0.141845551141827 ], [ 32.228067269738453, 0.141835657648477 ], [ 32.228069248443184, 0.141954379568392 ], [ 32.228021759529582, 0.141916784293818 ] ] ] } },
{ "type": "Feature", "properties": { "fid": 441, "class_name": "structure", "class_id": null, "dist_to_line": null, "risk_level": null, "area_m2": 81.711364617513937, "perimeter_m": 36.402267875762718, "compactness": 0.77488177240995881, "dist_bin": 2 }, "geometry": { "type": "Polygon", "coordinates": [ [ [ 32.227473658318502, 0.141240069341056 ], [ 32.22747761572797, 0.141149049199706 ], [ 32.227503338889498, 0.141153006597163 ], [ 32.227562700031498, 0.141182687078072 ], [ 32.227564678736229, 0.141236111943614 ], [ 32.227473658318502, 0.141240069341056 ] ] ] } },
{ "type": "Feature", "properties": { "fid": 442, "class_name": "structure", "class_id": null, "dist_to_line": null, "risk_level": null, "area_m2": 56.62687033540351, "perimeter_m": 37.272516224382322, "compactness": 0.51221819183693729, "dist_bin": 2 }, "geometry": { "type": "Polygon", "coordinates": [ [ [ 32.226959195087872, 0.140798819522058 ], [ 32.226955237678411, 0.140874010074766 ], [ 32.227077917371865, 0.140868073978508 ], [ 32.226959195087872, 0.140798819522058 ] ] ] } },
{ "type": "Feature", "properties": { "fid": 443, "class_name": "structure", "class_id": null, "dist_to_line": null, "risk_level": null, "area_m2": 46.409936289386224, "perimeter_m": 27.323461168472988, "compactness": 0.78117693481483208, "dist_bin": 2 }, "geometry": { "type": "Polygon", "coordinates": [ [ [ 32.226787047776092, 0.141046156865576 ], [ 32.226789026480816, 0.140978881108399 ], [ 32.226848387622816, 0.140986795903371 ], [ 32.226842451508617, 0.141050114263051 ], [ 32.226787047776092, 0.141046156865576 ] ] ] } },
{ "type": "Feature", "properties": { "fid": 444, "class_name": "structure", "class_id": null, "dist_to_line": null, "risk_level": null, "area_m2": 299.35134640066599, "perimeter_m": 86.148637177242321, "compactness": 0.50686727977572521, "dist_bin": 2 }, "geometry": { "type": "Polygon", "coordinates": [ [ [ 32.226599070826438, 0.140559396971034 ], [ 32.226601049531169, 0.14073747986046 ], [ 32.226874110784351, 0.140731543764167 ], [ 32.226599070826438, 0.140559396971034 ] ] ] } },
{ "type": "Feature", "properties": { "fid": 445, "class_name": "structure", "class_id": null, "dist_to_line": null, "risk_level": null, "area_m2": 361.83367547019952, "perimeter_m": 87.725130750421144, "compactness": 0.59084123789466947, "dist_bin": 2 }, "geometry": { "type": "Polygon", "coordinates": [ [ [ 32.226304243821197, 0.140446611140362 ], [ 32.226310179935396, 0.140739458559224 ], [ 32.226411093876784, 0.140739458559223 ], [ 32.226401200353109, 0.140438696345206 ], [ 32.226304243821197, 0.140446611140362 ] ] ] } },
{ "type": "Feature", "properties": { "fid": 446, "class_name": "structure", "class_id": null, "dist_to_line": null, "risk_level": null, "area_m2": 168.09747425163368, "perimeter_m": 60.346496744646174, "compactness": 0.58005199565505028, "dist_bin": 2 }, "geometry": { "type": "Polygon", "coordinates": [ [ [ 32.223069061582471, 0.138675675657851 ], [ 32.223166018114384, 0.138620272087537 ], [ 32.223262974646318, 0.138776589303447 ], [ 32.22324516630372, 0.13880231238951 ], [ 32.223069061582471, 0.138675675657851 ] ] ] } },
{ "type": "Feature", "properties": { "fid": 447, "class_name": "structure", "class_id": null, "dist_to_line": null, "risk_level": null, "area_m2": 56.578719602272031, "perimeter_m": 30.328519919858579, "compactness": 0.77296627515087912, "dist_bin": 2 }, "geometry": { "type": "Polygon", "coordinates": [ [ [ 32.223217464437454, 0.138691505249345 ], [ 32.22327682557944, 0.138651931270589 ], [ 32.223304527445706, 0.138727121830169 ], [ 32.223241208894258, 0.138742951421629 ], [ 32.223217464437454, 0.138691505249345 ] ] ] } },
{ "type": "Feature", "properties": { "fid": 448, "class_name": "structure", "class_id": null, "dist_to_line": null, "risk_level": null, "area_m2": 23.927851872687825, "perimeter_m": 19.306660058870079, "compactness": 0.80667625954324651, "dist_bin": 2 }, "geometry": { "type": "Polygon", "coordinates": [ [ [ 32.223296612626775, 0.138677654356788 ], [ 32.223312442264636, 0.138715249636567 ], [ 32.223350037654576, 0.138701398744024 ], [ 32.223344101540377, 0.138661824765285 ], [ 32.223338165426185, 0.138657867367407 ], [ 32.223296612626775, 0.138677654356788 ] ] ] } },
{ "type": "Feature", "properties": { "fid": 449, "class_name": "disturbance", "class_id": null, "dist_to_line": null, "risk_level": null, "area_m2": 60.024496132683453, "perimeter_m": 35.596162688280181, "compactness": 0.595294707084287, "dist_bin": 2 }, "geometry": { "type": "Polygon", "coordinates": [ [ [ 32.223401483977639, 0.138744930120561 ], [ 32.223393569158702, 0.138701398744024 ], [ 32.223421271024968, 0.138691505249345 ], [ 32.223423249729699, 0.13864401647483 ], [ 32.223450951595972, 0.138636101679068 ], [ 32.223458866414902, 0.138705356141894 ], [ 32.223464802529101, 0.138742951421629 ], [ 32.223401483977639, 0.138744930120561 ] ] ] } },
{ "type": "Feature", "properties": { "fid": 450, "class_name": "structure", "class_id": null, "dist_to_line": null, "risk_level": null, "area_m2": 163.157698588926, "perimeter_m": 57.246149312664173, "compactness": 0.62564053225620997, "dist_bin": 2 }, "geometry": { "type": "Polygon", "coordinates": [ [ [ 32.222103453672673, 0.137749644537043 ], [ 32.222024305483345, 0.137597284712431 ], [ 32.222053986054348, 0.137583433819237 ], [ 32.222210303728268, 0.137686326168492 ], [ 32.222103453672673, 0.137749644537043 ] ] ] } },
{ "type": "Feature", "properties": { "fid": 451, "class_name": "structure", "class_id": null, "dist_to_line": null, "risk_level": null, "area_m2": 250.04993247131642, "perimeter_m": 64.555594222475719, "compactness": 0.75399564850826717, "dist_bin": 2 }, "geometry": { "type": "Polygon", "coordinates": [ [ [ 32.222109389786873, 0.137765474129155 ], [ 32.222206346318799, 0.137704134459664 ], [ 32.222285494508121, 0.13786638777862 ], [ 32.222176665747796, 0.137917833952692 ], [ 32.222109389786873, 0.137765474129155 ] ] ] } },
{ "type": "Feature", "properties": { "fid": 452, "class_name": "structure", "class_id": null, "dist_to_line": null, "risk_level": null, "area_m2": 25.180917841651535, "perimeter_m": 20.626308557029574, "compactness": 0.74376955899733677, "dist_bin": 2 }, "geometry": { "type": "Polygon", "coordinates": [ [ [ 32.222044092530673, 0.13801083280554 ], [ 32.222075751806408, 0.137981152320628 ], [ 32.222113347196341, 0.138020726300503 ], [ 32.222091581444282, 0.138042491989406 ], [ 32.222044092530673, 0.13801083280554 ] ] ] } },
{ "type": "Feature", "properties": { "fid": 453, "class_name": "structure", "class_id": null, "dist_to_line": null, "risk_level": null, "area_m2": 26.144749662620598, "perimeter_m": 20.774045934634305, "compactness": 0.76129359623442672, "dist_bin": 2 }, "geometry": { "type": "Polygon", "coordinates": [ [ [ 32.222000561026547, 0.137921791350693 ], [ 32.222038156416474, 0.137955429233674 ], [ 32.222071794396946, 0.137923770049693 ], [ 32.222048049940149, 0.137896068263675 ], [ 32.222000561026547, 0.137921791350693 ] ] ] } },
{ "type": "Feature", "properties": { "fid": 454, "class_name": "structure", "class_id": null, "dist_to_line": null, "risk_level": null, "area_m2": 36.843599567349884, "perimeter_m": 25.679004047997836, "compactness": 0.70212682556560135, "dist_bin": 2 }, "geometry": { "type": "Polygon", "coordinates": [ [ [ 32.221824456305299, 0.137759538032115 ], [ 32.221871945218894, 0.137793175915325 ], [ 32.221915476723026, 0.137741729740984 ], [ 32.221889753561484, 0.13772392144984 ], [ 32.221824456305299, 0.137759538032115 ] ] ] } },
{ "type": "Feature", "properties": { "fid": 455, "class_name": "structure", "class_id": null, "dist_to_line": null, "risk_level": null, "area_m2": 87.711438290425576, "perimeter_m": 37.518077715526672, "compactness": 0.78304178792773482, "dist_bin": 2 }, "geometry": { "type": "Polygon", "coordinates": [ [ [ 32.221478182976988, 0.137575519023122 ], [ 32.221561288575785, 0.137607178207566 ], [ 32.221588990442051, 0.137531987644443 ], [ 32.221505884843253, 0.137500328459899 ], [ 32.221478182976988, 0.137575519023122 ] ] ] } },
{ "type": "Feature", "properties": { "fid": 456, "class_name": "structure", "class_id": null, "dist_to_line": null, "risk_level": null, "area_m2": 127.22979653905622, "perimeter_m": 45.75988583021465, "compactness": 0.76353479355558118, "dist_bin": 2 }, "geometry": { "type": "Polygon", "coordinates": [ [ [ 32.221751244230163, 0.13766060308122 ], [ 32.221723542363904, 0.137575519023122 ], [ 32.221838307238428, 0.13753000894541 ], [ 32.221842264647897, 0.13763487999392 ], [ 32.221751244230163, 0.13766060308122 ] ] ] } },
{ "type": "Feature", "properties": { "fid": 457, "class_name": "structure", "class_id": null, "dist_to_line": null, "risk_level": null, "area_m2": 62.265504008646531, "perimeter_m": 32.495384074337245, "compactness": 0.74099285963696215, "dist_bin": 2 }, "geometry": { "type": "Polygon", "coordinates": [ [ [ 32.221614713603579, 0.137292565060289 ], [ 32.22157909691839, 0.137330160342257 ], [ 32.221648351584037, 0.137393478711754 ], [ 32.221683968269247, 0.137344011235599 ], [ 32.221614713603579, 0.137292565060289 ] ] ] } },
{ "type": "Feature", "properties": { "fid": 458, "class_name": "structure", "class_id": null, "dist_to_line": null, "risk_level": null, "area_m2": 332.62899654585635, "perimeter_m": 76.21723248761441, "compactness": 0.71955437719278481, "dist_bin": 2 }, "geometry": { "type": "Polygon", "coordinates": [ [ [ 32.210583434716163, 0.130452201473609 ], [ 32.210735794980614, 0.130301820303221 ], [ 32.21082879410308, 0.130373053489307 ], [ 32.210676433838628, 0.130541242955652 ], [ 32.210583434716163, 0.130452201473609 ] ] ] } },
{ "type": "Feature", "properties": { "fid": 459, "class_name": "structure", "class_id": null, "dist_to_line": null, "risk_level": null, "area_m2": 190.48327055282425, "perimeter_m": 53.270992106282044, "compactness": 0.84350008968660728, "dist_bin": 2 }, "geometry": { "type": "Polygon", "coordinates": [ [ [ 32.210737773685359, 0.130309735101685 ], [ 32.210737773685359, 0.130220693618823 ], [ 32.210783283894223, 0.130206842721461 ], [ 32.210878261721412, 0.130270161109341 ], [ 32.210858474674076, 0.13036118129164 ], [ 32.21081494316995, 0.13036118129164 ], [ 32.210737773685359, 0.130309735101685 ] ] ] } },
{ "type": "Feature", "properties": { "fid": 460, "class_name": "structure", "class_id": null, "dist_to_line": null, "risk_level": null, "area_m2": 112.96469328612147, "perimeter_m": 49.970268626206419, "compactness": 0.56849836935844633, "dist_bin": 2 }, "geometry": { "type": "Polygon", "coordinates": [ [ [ 32.210130311332279, 0.129787358397744 ], [ 32.210108545580205, 0.129862548984583 ], [ 32.21027673548253, 0.129908059076508 ], [ 32.210251012320995, 0.129854634185979 ], [ 32.210130311332279, 0.129787358397744 ] ] ] } },
{ "type": "Feature", "properties": { "fid": 461, "class_name": "structure", "class_id": null, "dist_to_line": null, "risk_level": null, "area_m2": 174.09782208714751, "perimeter_m": 52.922328545049119, "compactness": 0.78113358916578479, "dist_bin": 2 }, "geometry": { "type": "Polygon", "coordinates": [ [ [ 32.1877867774853, 0.115311187721535 ], [ 32.187830308989426, 0.115216210086533 ], [ 32.187945073863958, 0.115261720203345 ], [ 32.187895606245625, 0.115374506144694 ], [ 32.1877867774853, 0.115311187721535 ] ] ] } },
{ "type": "Feature", "properties": { "fid": 462, "class_name": "structure", "class_id": null, "dist_to_line": null, "risk_level": null, "area_m2": 204.96572449715313, "perimeter_m": 63.842418304604465, "compactness": 0.63193505466800248, "dist_bin": 2 }, "geometry": { "type": "Polygon", "coordinates": [ [ [ 32.172843599340368, 0.105607637754391 ], [ 32.172871301206634, 0.105393938005486 ], [ 32.172950449395962, 0.105449341644232 ], [ 32.172922747529704, 0.105629403469475 ], [ 32.172843599340368, 0.105607637754391 ] ] ] } },
{ "type": "Feature", "properties": { "fid": 463, "class_name": "disturbance", "class_id": null, "dist_to_line": null, "risk_level": null, "area_m2": 1975.0300356304888, "perimeter_m": 226.44598072152652, "compactness": 0.48401000091450602, "dist_bin": 2 }, "geometry": { "type": "Polygon", "coordinates": [ [ [ 32.172420156527473, 0.105368214887463 ], [ 32.172523049173599, 0.105415703720719 ], [ 32.17258636772506, 0.105471107359427 ], [ 32.172562623268263, 0.105526510998035 ], [ 32.172544814925665, 0.105554212817303 ], [ 32.17251909176413, 0.105591808143412 ], [ 32.17258636772506, 0.10561753126125 ], [ 32.172633856638662, 0.105643254379066 ], [ 32.172633856638662, 0.105645233080436 ], [ 32.172691239075917, 0.105663041392757 ], [ 32.172740706694242, 0.105665020094125 ], [ 32.172811940064641, 0.10565908399002 ], [ 32.172839641930906, 0.1056788710037 ], [ 32.172831727111969, 0.105647211781805 ], [ 32.172845578045099, 0.10559774424753 ], [ 32.172875258616095, 0.105395916706871 ], [ 32.172321221290815, 0.105039750455462 ], [ 32.172341008338144, 0.10510109019905 ], [ 32.172366731499672, 0.105162429942517 ], [ 32.172392454661207, 0.105225748387261 ], [ 32.172372667613878, 0.105249492804006 ], [ 32.172360795385472, 0.105271258519341 ], [ 32.172346944452343, 0.105308853845791 ], [ 32.172337050928675, 0.105338534366641 ], [ 32.172420156527473, 0.105368214887463 ] ] ] } },
{ "type": "Feature", "properties": { "fid": 464, "class_name": "disturbance", "class_id": null, "dist_to_line": null, "risk_level": null, "area_m2": 2061.8047887682023, "perimeter_m": 198.65476781066008, "compactness": 0.65653732664259878, "dist_bin": 2 }, "geometry": { "type": "Polygon", "coordinates": [ [ [ 32.136843045425067, 0.080367313622768 ], [ 32.136854917653466, 0.080256506266567 ], [ 32.136779726873598, 0.080161528532441 ], [ 32.136728280550535, 0.080114039665296 ], [ 32.136748067597871, 0.080023019336446 ], [ 32.13675993982627, 0.079908254573696 ], [ 32.136771812054661, 0.07986472311188 ], [ 32.136930108433319, 0.07997553046914 ], [ 32.137009256622648, 0.080042806364474 ], [ 32.137151723363438, 0.080157571126848 ], [ 32.137207127095969, 0.080185272965993 ], [ 32.137211084505424, 0.080264421077734 ], [ 32.137207127095969, 0.080359398811621 ], [ 32.137139851135039, 0.080359398811621 ], [ 32.137120064087711, 0.080422717300756 ], [ 32.137112149268781, 0.080486035789793 ], [ 32.136993426984787, 0.080501865412037 ], [ 32.136843045425067, 0.080367313622768 ] ] ] } },
{ "type": "Feature", "properties": { "fid": 465, "class_name": "agricultural_activity", "class_id": null, "dist_to_line": null, "risk_level": null, "area_m2": 2233.8551661773672, "perimeter_m": 219.78198053451334, "compactness": 0.58113992174812434, "dist_bin": 2 }, "geometry": { "type": "Polygon", "coordinates": [ [ [ 32.132323683814498, 0.076714628117815 ], [ 32.13248593760261, 0.076465311544187 ], [ 32.133051847156302, 0.076920413225112 ], [ 32.132976656376442, 0.077102453896125 ], [ 32.132323683814498, 0.076714628117815 ] ] ] } },
{ "type": "Feature", "properties": { "fid": 466, "class_name": "disturbance", "class_id": null, "dist_to_line": null, "risk_level": null, "area_m2": 484.63196427776802, "perimeter_m": 85.738000678281395, "compactness": 0.82846700189367428, "dist_bin": 2 }, "geometry": { "type": "Polygon", "coordinates": [ [ [ 32.117784161435146, 0.065095682841619 ], [ 32.117752502159419, 0.065147129131452 ], [ 32.117744587340489, 0.065190660607423 ], [ 32.117756459568881, 0.065250021710959 ], [ 32.117780204025678, 0.065257936524759 ], [ 32.117815820710867, 0.065277723559253 ], [ 32.117843522577132, 0.065285638373048 ], [ 32.117867267033937, 0.065293553186842 ], [ 32.117962244861125, 0.065293553186842 ], [ 32.117989946727398, 0.065285638373048 ], [ 32.11799390413686, 0.065242106897159 ], [ 32.11798598931793, 0.065186703200518 ], [ 32.117997861546328, 0.065143171724543 ], [ 32.117997861546328, 0.065143171724543 ], [ 32.117784161435146, 0.065095682841619 ] ] ] } },
{ "type": "Feature", "properties": { "fid": 467, "class_name": "disturbance", "class_id": null, "dist_to_line": null, "risk_level": null, "area_m2": 553.74117367295912, "perimeter_m": 96.228011922705193, "compactness": 0.75147347234743067, "dist_bin": 2 }, "geometry": { "type": "Polygon", "coordinates": [ [ [ 32.114202705868109, 0.062072223871446 ], [ 32.114123557678788, 0.062099925721446 ], [ 32.114076068765193, 0.062131584978572 ], [ 32.114095855812522, 0.062210733121303 ], [ 32.114076068765193, 0.062258222006885 ], [ 32.114076068765193, 0.062345284963674 ], [ 32.114147302135585, 0.062380901627774 ], [ 32.114210620687039, 0.062329455335178 ], [ 32.114242279962781, 0.062278009042532 ], [ 32.11426998182904, 0.062222605342703 ], [ 32.114258109600648, 0.062163244235679 ], [ 32.114297683695305, 0.06213949979285 ], [ 32.114202705868109, 0.062072223871446 ] ] ] } },
{ "type": "Feature", "properties": { "fid": 468, "class_name": "disturbance", "class_id": null, "dist_to_line": null, "risk_level": null, "area_m2": 374.558506117246, "perimeter_m": 86.082556580602898, "compactness": 0.63518350999919615, "dist_bin": 2 }, "geometry": { "type": "Polygon", "coordinates": [ [ [ 32.111440434060604, 0.060370538772408 ], [ 32.11155915634459, 0.060303262848784 ], [ 32.111741197180038, 0.060489260990366 ], [ 32.111658091581255, 0.06054466469199 ], [ 32.111440434060604, 0.060370538772408 ] ] ] } },
{ "type": "Feature", "properties": { "fid": 469, "class_name": "structure", "class_id": null, "dist_to_line": null, "risk_level": null, "area_m2": 112.38680288269825, "perimeter_m": 45.035348775709949, "compactness": 0.69633483187670187, "dist_bin": 2 }, "geometry": { "type": "Polygon", "coordinates": [ [ [ 32.110652909576814, 0.059765055456805 ], [ 32.110680611443073, 0.059717566569023 ], [ 32.110644994757877, 0.05963841842263 ], [ 32.110534187292821, 0.05968194990316 ], [ 32.110652909576814, 0.059765055456805 ] ] ] } },
{ "type": "Feature", "properties": { "fid": 470, "class_name": "structure", "class_id": null, "dist_to_line": null, "risk_level": null, "area_m2": 413.40230753310243, "perimeter_m": 95.540826907122948, "compactness": 0.56912120699063873, "dist_bin": 2 }, "geometry": { "type": "Polygon", "coordinates": [ [ [ 32.10978623690368, 0.059080423987335 ], [ 32.10978623690368, 0.059040849913696 ], [ 32.109920788825534, 0.059048764728426 ], [ 32.110031596290597, 0.059068551765246 ], [ 32.110059298156855, 0.059294123984496 ], [ 32.10978623690368, 0.059080423987335 ] ] ] } },
{ "type": "Feature", "properties": { "fid": 471, "class_name": "structure", "class_id": null, "dist_to_line": null, "risk_level": null, "area_m2": 92.916740101307369, "perimeter_m": 41.066406960937513, "compactness": 0.69235752274780971, "dist_bin": 2 }, "geometry": { "type": "Polygon", "coordinates": [ [ [ 32.107712554343316, 0.05748163139011 ], [ 32.107732341390644, 0.057449972130303 ], [ 32.107843148855707, 0.057473716575159 ], [ 32.107811489579973, 0.05756077953955 ], [ 32.107712554343316, 0.05748163139011 ] ] ] } },
{ "type": "Feature", "properties": { "fid": 472, "class_name": "structure", "class_id": null, "dist_to_line": null, "risk_level": null, "area_m2": 152.67640859589847, "perimeter_m": 55.000244913728324, "compactness": 0.63423842900513616, "dist_bin": 2 }, "geometry": { "type": "Polygon", "coordinates": [ [ [ 32.107946041501833, 0.057655757318734 ], [ 32.107973743368092, 0.057620140651559 ], [ 32.108116210108882, 0.057667629541121 ], [ 32.108096423061546, 0.057774479542491 ], [ 32.107946041501833, 0.057655757318734 ] ] ] } },
{ "type": "Feature", "properties": { "fid": 473, "class_name": "disturbance", "class_id": null, "dist_to_line": null, "risk_level": null, "area_m2": 244.53291773104866, "perimeter_m": 80.887693757907073, "compactness": 0.46965860906853313, "dist_bin": 2 }, "geometry": { "type": "Polygon", "coordinates": [ [ [ 32.106695500110462, 0.056745553595077 ], [ 32.106830052032322, 0.056745553595077 ], [ 32.106901285402714, 0.0567336813725 ], [ 32.106952731725769, 0.056931551748474 ], [ 32.106695500110462, 0.056745553595077 ] ] ] } },
{ "type": "Feature", "properties": { "fid": 474, "class_name": "disturbance", "class_id": null, "dist_to_line": null, "risk_level": null, "area_m2": 533.69289070103605, "perimeter_m": 94.66625243044534, "compactness": 0.74836059517863995, "dist_bin": 2 }, "geometry": { "type": "Polygon", "coordinates": [ [ [ 32.10640660921942, 0.056100496164845 ], [ 32.106359120305825, 0.056128198017823 ], [ 32.106370992534231, 0.056310238765643 ], [ 32.106576777826469, 0.05640125913934 ], [ 32.106584692645399, 0.056231090614487 ], [ 32.10640660921942, 0.056100496164845 ] ] ] } },
{ "type": "Feature", "properties": { "fid": 475, "class_name": "disturbance", "class_id": null, "dist_to_line": null, "risk_level": null, "area_m2": 410.51088709192845, "perimeter_m": 96.542471653658922, "compactness": 0.55347462776290635, "dist_bin": 2 }, "geometry": { "type": "Polygon", "coordinates": [ [ [ 32.093703324832461, 0.04697471363695 ], [ 32.09366375073779, 0.047045946983367 ], [ 32.09372311187979, 0.047097393289067 ], [ 32.093766643383915, 0.047133009962222 ], [ 32.093841834163783, 0.047184456267859 ], [ 32.093905152715237, 0.047283391470898 ], [ 32.09394868421937, 0.047220072940969 ], [ 32.093889323077377, 0.047073648840287 ], [ 32.093703324832461, 0.04697471363695 ] ] ] } },
{ "type": "Feature", "properties": { "fid": 476, "class_name": "structure", "class_id": null, "dist_to_line": null, "risk_level": null, "area_m2": 105.63981465703546, "perimeter_m": 41.641843289233577, "compactness": 0.76555712659267217, "dist_bin": 2 }, "geometry": { "type": "Polygon", "coordinates": [ [ [ 32.07712969398743, 0.035466569906409 ], [ 32.077109906940102, 0.035434910636738 ], [ 32.077185097719948, 0.035399293958346 ], [ 32.077236544043018, 0.035446782862866 ], [ 32.077212799586214, 0.035525931037013 ], [ 32.07712969398743, 0.035466569906409 ] ] ] } },
{ "type": "Feature", "properties": { "fid": 477, "class_name": "structure", "class_id": null, "dist_to_line": null, "risk_level": null, "area_m2": 100.43491688716676, "perimeter_m": 43.01978705428867, "compactness": 0.68195870264354908, "dist_bin": 2 }, "geometry": { "type": "Polygon", "coordinates": [ [ [ 32.077276118137682, 0.035126232756884 ], [ 32.077228629224088, 0.035169764252823 ], [ 32.077327564460738, 0.035237040201052 ], [ 32.077386925602745, 0.035193508705144 ], [ 32.077276118137682, 0.035126232756884 ] ] ] } },
{ "type": "Feature", "properties": { "fid": 478, "class_name": "disturbance", "class_id": null, "dist_to_line": null, "risk_level": null, "area_m2": 1926.4814888325036, "perimeter_m": 186.32426786631322, "compactness": 0.69732599875350065, "dist_bin": 2 }, "geometry": { "type": "Polygon", "coordinates": [ [ [ 32.061280269074707, 0.022790989049651 ], [ 32.061133844924449, 0.022850350186938 ], [ 32.061094270829791, 0.02283452055033 ], [ 32.06103095227833, 0.02283452055033 ], [ 32.061007207821532, 0.022783074231344 ], [ 32.060943889270071, 0.022715798275719 ], [ 32.060892442947008, 0.022692053820786 ], [ 32.060829124395546, 0.022648522320063 ], [ 32.060805379938749, 0.02260103341017 ], [ 32.060829124395546, 0.022506055590336 ], [ 32.060829124395546, 0.022470438907882 ], [ 32.060809337348218, 0.022426907407093 ], [ 32.060821209576616, 0.022379418497128 ], [ 32.060825166986085, 0.022347759223808 ], [ 32.060840996623945, 0.022300270313817 ], [ 32.060900357765931, 0.022272568449648 ], [ 32.060920144813274, 0.022248823994642 ], [ 32.060983463364728, 0.022260696222146 ], [ 32.061280269074707, 0.022790989049651 ] ] ] } },
{ "type": "Feature", "properties": { "fid": 479, "class_name": "structure", "class_id": null, "dist_to_line": null, "risk_level": null, "area_m2": 293.49764928730565, "perimeter_m": 80.303644892515791, "compactness": 0.57193144581242428, "dist_bin": 2 }, "geometry": { "type": "Polygon", "coordinates": [ [ [ 32.058450721306272, 0.018568433425055 ], [ 32.058339913841216, 0.018643624200951 ], [ 32.058498210219867, 0.018805877980406 ], [ 32.058597145456524, 0.018750474250853 ], [ 32.058581315818664, 0.018746516841598 ], [ 32.058541741723992, 0.018738602023089 ], [ 32.058450721306272, 0.018568433425055 ] ] ] } },
{ "type": "Feature", "properties": { "fid": 480, "class_name": "agricultural_activity", "class_id": null, "dist_to_line": null, "risk_level": null, "area_m2": 1179.0026320156758, "perimeter_m": 145.62642209942612, "compactness": 0.69862525275297926, "dist_bin": 2 }, "geometry": { "type": "Polygon", "coordinates": [ [ [ 32.048082308504462, 0.004163463288938 ], [ 32.048276221568315, 0.004064528052534 ], [ 32.048509708726819, 0.0043969504468 ], [ 32.048339540119777, 0.004547332006063 ], [ 32.048082308504462, 0.004163463288938 ] ] ] } },
{ "type": "Feature", "properties": { "fid": 481, "class_name": "agricultural_activity", "class_id": null, "dist_to_line": null, "risk_level": null, "area_m2": 1029.4103884387678, "perimeter_m": 130.52666941626882, "compactness": 0.7592763938731738, "dist_bin": 2 }, "geometry": { "type": "Polygon", "coordinates": [ [ [ 32.048347454938707, 0.004551289415517 ], [ 32.048505751317357, 0.004400907856255 ], [ 32.048743195885336, 0.004670011699123 ], [ 32.048521580955224, 0.004828308077233 ], [ 32.048347454938707, 0.004551289415517 ] ] ] } },
{ "type": "Feature", "properties": { "fid": 482, "class_name": "agricultural_activity", "class_id": null, "dist_to_line": null, "risk_level": null, "area_m2": 982.66280083162928, "perimeter_m": 130.05753190619706, "compactness": 0.73003446488204304, "dist_bin": 2 }, "geometry": { "type": "Polygon", "coordinates": [ [ [ 32.046903000483489, 0.002449904992929 ], [ 32.047207721012398, 0.0023034808428 ], [ 32.04711274318521, 0.002109567779093 ], [ 32.046760533742706, 0.002267864157631 ], [ 32.046903000483489, 0.002449904992929 ] ] ] } },
{ "type": "Feature", "properties": { "fid": 483, "class_name": "agricultural_activity", "class_id": null, "dist_to_line": null, "risk_level": null, "area_m2": 150.94162912536808, "perimeter_m": 79.540990699067407, "compactness": 0.29980364264086962, "dist_bin": 2 }, "geometry": { "type": "Polygon", "coordinates": [ [ [ 32.047088998728405, 0.002722966245828 ], [ 32.04711274318521, 0.002715051426904 ], [ 32.046946531987622, 0.002441990174003 ], [ 32.046899043074021, 0.00246573463078 ], [ 32.047088998728405, 0.002722966245828 ] ] ] } },
{ "type": "Feature", "properties": { "fid": 484, "class_name": "agricultural_activity", "class_id": null, "dist_to_line": null, "risk_level": null, "area_m2": 1012.349923696625, "perimeter_m": 143.82074244198131, "compactness": 0.61503165037977481, "dist_bin": 2 }, "geometry": { "type": "Polygon", "coordinates": [ [ [ 32.046194624189006, 0.001417021122815 ], [ 32.046345005748726, 0.001333915524046 ], [ 32.046087774133419, 0.000954004215354 ], [ 32.045917605526363, 0.001021280176272 ], [ 32.046194624189006, 0.001417021122815 ] ] ] } },
{ "type": "Feature", "properties": { "fid": 485, "class_name": "agricultural_activity", "class_id": null, "dist_to_line": null, "risk_level": null, "area_m2": 423.13776396364574, "perimeter_m": 83.248005509803662, "compactness": 0.76726250638210347, "dist_bin": 2 }, "geometry": { "type": "Polygon", "coordinates": [ [ [ 32.045917605526363, 0.001021280176272 ], [ 32.04609173154288, 0.000957961624819 ], [ 32.045969051849426, 0.000787793017787 ], [ 32.045814712880237, 0.000878813435503 ], [ 32.045917605526363, 0.001021280176272 ] ] ] } },
{ "type": "Feature", "properties": { "fid": 486, "class_name": "agricultural_activity", "class_id": null, "dist_to_line": null, "risk_level": null, "area_m2": 701.02075938192706, "perimeter_m": 110.12282274759929, "compactness": 0.72641712331426278, "dist_bin": 2 }, "geometry": { "type": "Polygon", "coordinates": [ [ [ 32.046036327810363, 0.000874856026037 ], [ 32.046194624189006, 0.000783835608321 ], [ 32.046368750205524, 0.001037109814134 ], [ 32.046222326055272, 0.001140002460241 ], [ 32.046036327810363, 0.000874856026037 ] ] ] } },
{ "type": "Feature", "properties": { "fid": 487, "class_name": "agricultural_activity", "class_id": null, "dist_to_line": null, "risk_level": null, "area_m2": 420.14982343676559, "perimeter_m": 83.395847581669614, "compactness": 0.75914580334360826, "dist_bin": 2 }, "geometry": { "type": "Polygon", "coordinates": [ [ [ 32.045557481264922, 0.000241670511455 ], [ 32.04561288499746, 0.000118990817999 ], [ 32.045806798061307, 0.000198139007326 ], [ 32.045834499927565, 0.000261457558787 ], [ 32.045775138785579, 0.000340605748113 ], [ 32.045557481264922, 0.000241670511455 ] ] ] } },
{ "type": "Feature", "properties": { "fid": 488, "class_name": "agricultural_activity", "class_id": null, "dist_to_line": null, "risk_level": null, "area_m2": 1670.3822134487405, "perimeter_m": 169.42319264417088, "compactness": 0.73127377347034539, "dist_bin": 2 }, "geometry": { "type": "Polygon", "coordinates": [ [ [ 32.044908466112446, -0.000446918735683 ], [ 32.045054890262705, -0.000799128178166 ], [ 32.045098421766838, -0.000783298540302 ], [ 32.045316079287474, -0.000478578011413 ], [ 32.045114251404705, -0.000161985254111 ], [ 32.044908466112446, -0.000446918735683 ] ] ] } },
{ "type": "Feature", "properties": { "fid": 489, "class_name": "agricultural_activity", "class_id": null, "dist_to_line": null, "risk_level": null, "area_m2": 970.42170271229077, "perimeter_m": 138.0617867637169, "compactness": 0.63976928411064959, "dist_bin": 2 }, "geometry": { "type": "Polygon", "coordinates": [ [ [ 32.044667064135005, -0.000799128178166 ], [ 32.044781829009523, -0.000965339375733 ], [ 32.045003443939642, -0.000656661437389 ], [ 32.044908466112446, -0.000442961326217 ], [ 32.044667064135005, -0.000799128178166 ] ] ] } },
{ "type": "Feature", "properties": { "fid": 490, "class_name": "agricultural_activity", "class_id": null, "dist_to_line": null, "risk_level": null, "area_m2": 955.38539923542703, "perimeter_m": 127.27087452178962, "compactness": 0.74119146089236287, "dist_bin": 2 }, "geometry": { "type": "Polygon", "coordinates": [ [ [ 32.044259450959963, -0.001543121157678 ], [ 32.044453364023823, -0.001305676589771 ], [ 32.044591873355138, -0.001543121157678 ], [ 32.044417747338628, -0.00177265090663 ], [ 32.044259450959963, -0.001543121157678 ] ] ] } },
{ "type": "Feature", "properties": { "fid": 491, "class_name": "agricultural_activity", "class_id": null, "dist_to_line": null, "risk_level": null, "area_m2": 807.81726182547936, "perimeter_m": 116.56275096116289, "compactness": 0.74714245673105284, "dist_bin": 2 }, "geometry": { "type": "Polygon", "coordinates": [ [ [ 32.044259450959963, -0.001547078567143 ], [ 32.044425662157558, -0.001780565725558 ], [ 32.044295067645173, -0.001966563970377 ], [ 32.04410906940025, -0.001737034221449 ], [ 32.044259450959963, -0.001547078567143 ] ] ] } },
{ "type": "Feature", "properties": { "fid": 492, "class_name": "agricultural_activity", "class_id": null, "dist_to_line": null, "risk_level": null, "area_m2": 796.92556367792668, "perimeter_m": 115.95707713391336, "compactness": 0.74478874089549318, "dist_bin": 2 }, "geometry": { "type": "Polygon", "coordinates": [ [ [ 32.043982432297319, -0.001915117647344 ], [ 32.044152600904383, -0.002164434443565 ], [ 32.044299025054634, -0.001962606560913 ], [ 32.04410906940025, -0.001748906449843 ], [ 32.043982432297319, -0.001915117647344 ] ] ] } },
{ "type": "Feature", "properties": { "fid": 493, "class_name": "structure", "class_id": null, "dist_to_line": null, "risk_level": null, "area_m2": 93.109583296834671, "perimeter_m": 49.012059206476366, "compactness": 0.48707781381703813, "dist_bin": 2 }, "geometry": { "type": "Polygon", "coordinates": [ [ [ 32.043509521866078, -0.003128063647581 ], [ 32.043408607924682, -0.003133999761771 ], [ 32.043400693105752, -0.003284381321256 ], [ 32.043509521866078, -0.003128063647581 ] ] ] } },
{ "type": "Feature", "properties": { "fid": 494, "class_name": "agricultural_activity", "class_id": null, "dist_to_line": null, "risk_level": null, "area_m2": 330.41372487891022, "perimeter_m": 73.316823601213358, "compactness": 0.77243271732993579, "dist_bin": 2 }, "geometry": { "type": "Polygon", "coordinates": [ [ [ 32.040440550824911, -0.007287300978613 ], [ 32.040341615588261, -0.007439661241809 ], [ 32.040468252691184, -0.007512873316313 ], [ 32.040569166632579, -0.007354576938992 ], [ 32.040440550824911, -0.007287300978613 ] ] ] } },
{ "type": "Feature", "properties": { "fid": 495, "class_name": "agricultural_activity", "class_id": null, "dist_to_line": null, "risk_level": null, "area_m2": 420.53534421301083, "perimeter_m": 84.450840007098549, "compactness": 0.74097647314665027, "dist_bin": 2 }, "geometry": { "type": "Polygon", "coordinates": [ [ [ 32.040438572120188, -0.007287300978613 ], [ 32.040565209223104, -0.007360513053143 ], [ 32.040691846326034, -0.007184408333309 ], [ 32.040583017565709, -0.0070834943927 ], [ 32.040438572120188, -0.007287300978613 ] ] ] } },
{ "type": "Feature", "properties": { "fid": 496, "class_name": "agricultural_activity", "class_id": null, "dist_to_line": null, "risk_level": null, "area_m2": 269.9310483004756, "perimeter_m": 66.856531322790431, "compactness": 0.75888334944806846, "dist_bin": 2 }, "geometry": { "type": "Polygon", "coordinates": [ [ [ 32.039947853346362, -0.008029315246919 ], [ 32.039886513499624, -0.008132207892021 ], [ 32.040036895059352, -0.008203441261691 ], [ 32.040112085839212, -0.008080761569473 ], [ 32.039947853346362, -0.008029315246919 ] ] ] } },
{ "type": "Feature", "properties": { "fid": 497, "class_name": "agricultural_activity", "class_id": null, "dist_to_line": null, "risk_level": null, "area_m2": 360.24546286575787, "perimeter_m": 76.066744308137515, "compactness": 0.7823817771006627, "dist_bin": 2 }, "geometry": { "type": "Polygon", "coordinates": [ [ [ 32.039601580018051, -0.008522012720338 ], [ 32.03974998287304, -0.008615011841757 ], [ 32.039846939404967, -0.008476502511976 ], [ 32.039690621731047, -0.008387460799947 ], [ 32.039601580018051, -0.008522012720338 ] ] ] } },
{ "type": "Feature", "properties": { "fid": 498, "class_name": "agricultural_activity", "class_id": null, "dist_to_line": null, "risk_level": null, "area_m2": 397.69169326989686, "perimeter_m": 79.885940589892385, "compactness": 0.78309721204845328, "dist_bin": 2 }, "geometry": { "type": "Polygon", "coordinates": [ [ [ 32.03959960131332, -0.008522012720338 ], [ 32.039746025463572, -0.008613033137046 ], [ 32.039635217998509, -0.008775286923298 ], [ 32.039498687371925, -0.008668436868945 ], [ 32.03959960131332, -0.008522012720338 ] ] ] } },
{ "type": "Feature", "properties": { "fid": 499, "class_name": "structure", "class_id": null, "dist_to_line": null, "risk_level": null, "area_m2": 110.07365896007832, "perimeter_m": 42.12384800933674, "compactness": 0.77953782489029511, "dist_bin": 2 }, "geometry": { "type": "Polygon", "coordinates": [ [ [ 32.036799734115888, -0.011966937605204 ], [ 32.036762138725962, -0.012063894134998 ], [ 32.036853159143675, -0.012089617295958 ], [ 32.036876903600479, -0.011992660766173 ], [ 32.036799734115888, -0.011966937605204 ] ] ] } },
{ "type": "Feature", "properties": { "fid": 500, "class_name": "structure", "class_id": null, "dist_to_line": null, "risk_level": null, "area_m2": 40.988451749636624, "perimeter_m": 26.019547481933564, "compactness": 0.76080244488550841, "dist_bin": 2 }, "geometry": { "type": "Polygon", "coordinates": [ [ [ 32.036906584171476, -0.01201838392714 ], [ 32.036892733238354, -0.012073787658444 ], [ 32.036936264742472, -0.012095553410025 ], [ 32.036960009199269, -0.012024320041209 ], [ 32.036906584171476, -0.01201838392714 ] ] ] } },
{ "type": "Feature", "properties": { "fid": 501, "class_name": "structure", "class_id": null, "dist_to_line": null, "risk_level": null, "area_m2": 62.820031925874218, "perimeter_m": 33.145372781406607, "compactness": 0.71855861583830016, "dist_bin": 2 }, "geometry": { "type": "Polygon", "coordinates": [ [ [ 32.036724543336028, -0.011822492162796 ], [ 32.036694862765025, -0.011889768122283 ], [ 32.036732458154958, -0.011911533873878 ], [ 32.036746309088095, -0.011889768122283 ], [ 32.036774010954353, -0.011897682941045 ], [ 32.036793798001689, -0.011848215323778 ], [ 32.036724543336028, -0.011822492162796 ] ] ] } },
{ "type": "Feature", "properties": { "fid": 502, "class_name": "structure", "class_id": null, "dist_to_line": null, "risk_level": null, "area_m2": 119.80873147614784, "perimeter_m": 45.970090999295415, "compactness": 0.71243887147814011, "dist_bin": 2 }, "geometry": { "type": "Polygon", "coordinates": [ [ [ 32.035141579549482, -0.013745793115472 ], [ 32.035115856387954, -0.013803175551076 ], [ 32.035232599967216, -0.013870451510042 ], [ 32.035266237947681, -0.013795260732373 ], [ 32.035141579549482, -0.013745793115472 ] ] ] } },
{ "type": "Feature", "properties": { "fid": 503, "class_name": "structure", "class_id": null, "dist_to_line": null, "risk_level": null, "area_m2": 44.458324918791732, "perimeter_m": 27.497027037843729, "compactness": 0.73890988774162214, "dist_bin": 2 }, "geometry": { "type": "Polygon", "coordinates": [ [ [ 32.035282067585548, -0.013809111665103 ], [ 32.035244472195615, -0.013876387624067 ], [ 32.035282067585548, -0.013898153375493 ], [ 32.035325599089681, -0.013834834825886 ], [ 32.035282067585548, -0.013809111665103 ] ] ] } },
{ "type": "Feature", "properties": { "fid": 504, "class_name": "structure", "class_id": null, "dist_to_line": null, "risk_level": null, "area_m2": 141.01380966592751, "perimeter_m": 57.021242886679268, "compactness": 0.5450020691003038, "dist_bin": 2 }, "geometry": { "type": "Polygon", "coordinates": [ [ [ 32.033580381515023, -0.015233779027193 ], [ 32.033610062086019, -0.015275331825116 ], [ 32.0337762732836, -0.015148694726657 ], [ 32.033718890846345, -0.015111099338037 ], [ 32.033580381515023, -0.015233779027193 ] ] ] } },
{ "type": "Feature", "properties": { "fid": 505, "class_name": "structure", "class_id": null, "dist_to_line": null, "risk_level": null, "area_m2": 87.326416151245212, "perimeter_m": 44.238514152507562, "compactness": 0.5607308333099813, "dist_bin": 2 }, "geometry": { "type": "Polygon", "coordinates": [ [ [ 32.030194817716563, -0.018279005480956 ], [ 32.030165137145573, -0.018247346206834 ], [ 32.030287816839028, -0.0181503896798 ], [ 32.030315518705294, -0.018191942477106 ], [ 32.030194817716563, -0.018279005480956 ] ] ] } },
{ "type": "Feature", "properties": { "fid": 506, "class_name": "structure", "class_id": null, "dist_to_line": null, "risk_level": null, "area_m2": 42.868022577758893, "perimeter_m": 26.658750553640381, "compactness": 0.75799044808219695, "dist_bin": 2 }, "geometry": { "type": "Polygon", "coordinates": [ [ [ 32.030101818594112, -0.018255261025365 ], [ 32.030076095432584, -0.018302749936545 ], [ 32.030117648231979, -0.018332430506025 ], [ 32.030165137145573, -0.018296813822648 ], [ 32.030101818594112, -0.018255261025365 ] ] ] } },
{ "type": "Feature", "properties": { "fid": 507, "class_name": "structure", "class_id": null, "dist_to_line": null, "risk_level": null, "area_m2": 22.168923213802373, "perimeter_m": 19.541709129861456, "compactness": 0.72950684917250541, "dist_bin": 2 }, "geometry": { "type": "Polygon", "coordinates": [ [ [ 32.030048393566311, -0.018330451801393 ], [ 32.03002267040479, -0.018377940712553 ], [ 32.03004641486158, -0.01838783423571 ], [ 32.030085988956237, -0.018362111075501 ], [ 32.030048393566311, -0.018330451801393 ] ] ] } },
{ "type": "Feature", "properties": { "fid": 508, "class_name": "structure", "class_id": null, "dist_to_line": null, "risk_level": null, "area_m2": 76.410574544180008, "perimeter_m": 36.64322629319372, "compactness": 0.71511505314927415, "dist_bin": 2 }, "geometry": { "type": "Polygon", "coordinates": [ [ [ 32.029793140655734, -0.018429387032962 ], [ 32.029777311017867, -0.018474897239464 ], [ 32.02981292770307, -0.018484790762616 ], [ 32.029808970293594, -0.018502599104286 ], [ 32.029850523093003, -0.018516450036696 ], [ 32.029864374026133, -0.018435323146854 ], [ 32.029838650864605, -0.018397727758866 ], [ 32.029793140655734, -0.018429387032962 ] ] ] } },
{ "type": "Feature", "properties": { "fid": 509, "class_name": "structure", "class_id": null, "dist_to_line": null, "risk_level": null, "area_m2": 49.542747131742544, "perimeter_m": 33.487426791047284, "compactness": 0.55517051669906736, "dist_bin": 2 }, "geometry": { "type": "Polygon", "coordinates": [ [ [ 32.029854480502465, -0.018524364855215 ], [ 32.029864374026133, -0.018496662990396 ], [ 32.029905926825528, -0.018421472214438 ], [ 32.02995539444386, -0.018443237965377 ], [ 32.029943522215461, -0.018466982420943 ], [ 32.029854480502465, -0.018524364855215 ] ] ] } },
{ "type": "Feature", "properties": { "fid": 510, "class_name": "structure", "class_id": null, "dist_to_line": null, "risk_level": null, "area_m2": 41.735474280140352, "perimeter_m": 30.250612392833727, "compactness": 0.57312173029614299, "dist_bin": 2 }, "geometry": { "type": "Polygon", "coordinates": [ [ [ 32.029759502675276, -0.018601534335759 ], [ 32.029747630446877, -0.018587683403356 ], [ 32.029781268427335, -0.018522386150585 ], [ 32.029848544388265, -0.018532279673734 ], [ 32.029759502675276, -0.018601534335759 ] ] ] } },
{ "type": "Feature", "properties": { "fid": 511, "class_name": "structure", "class_id": null, "dist_to_line": null, "risk_level": null, "area_m2": 49.54279736415856, "perimeter_m": 30.375400229623978, "compactness": 0.67475540313773408, "dist_bin": 2 }, "geometry": { "type": "Polygon", "coordinates": [ [ [ 32.028487195531838, -0.01947216437029 ], [ 32.028477302008177, -0.019531525508846 ], [ 32.028514897398104, -0.019539440327319 ], [ 32.028578215949565, -0.019486015302621 ], [ 32.028487195531838, -0.01947216437029 ] ] ] } },
{ "type": "Feature", "properties": { "fid": 512, "class_name": "structure", "class_id": null, "dist_to_line": null, "risk_level": null, "area_m2": 28.795537234288076, "perimeter_m": 21.12830544018145, "compactness": 0.81059835177706641, "dist_bin": 2 }, "geometry": { "type": "Polygon", "coordinates": [ [ [ 32.026296769392225, -0.021161978106117 ], [ 32.026245323069162, -0.021158020696921 ], [ 32.026239386954956, -0.021205509607272 ], [ 32.026265110116491, -0.021211445721065 ], [ 32.026296769392225, -0.021185722561294 ], [ 32.026296769392225, -0.021161978106117 ] ] ] } },
{ "type": "Feature", "properties": { "fid": 513, "class_name": "structure", "class_id": null, "dist_to_line": null, "risk_level": null, "area_m2": 17.373711156747049, "perimeter_m": 19.394855520551396, "compactness": 0.58040261906786139, "dist_bin": 2 }, "geometry": { "type": "Polygon", "coordinates": [ [ [ 32.026253237888092, -0.021211445721065 ], [ 32.026199812860305, -0.021203530902674 ], [ 32.026199812860305, -0.021203530902674 ], [ 32.026203770269767, -0.021256955926802 ], [ 32.026253237888092, -0.021211445721065 ] ] ] } },
{ "type": "Feature", "properties": { "fid": 514, "class_name": "structure", "class_id": null, "dist_to_line": null, "risk_level": null, "area_m2": 31.807615864463514, "perimeter_m": 28.327993556296562, "compactness": 0.49809175396989697, "dist_bin": 2 }, "geometry": { "type": "Polygon", "coordinates": [ [ [ 32.026110771147302, -0.021318295769297 ], [ 32.026067239643176, -0.021302466132526 ], [ 32.026067239643176, -0.021328189292277 ], [ 32.02603953777691, -0.021322253178489 ], [ 32.026025686843781, -0.021369742088789 ], [ 32.026043495186379, -0.02137369949798 ], [ 32.026110771147302, -0.021318295769297 ] ] ] } },
{ "type": "Feature", "properties": { "fid": 515, "class_name": "structure", "class_id": null, "dist_to_line": null, "risk_level": null, "area_m2": 137.42339098814955, "perimeter_m": 52.115015867285372, "compactness": 0.63583550631806052, "dist_bin": 2 }, "geometry": { "type": "Polygon", "coordinates": [ [ [ 32.025841667303595, -0.021068978989974 ], [ 32.025877283988791, -0.021086787331367 ], [ 32.025804071913669, -0.021251019813011 ], [ 32.025744710771669, -0.021219360539455 ], [ 32.0258001145042, -0.021100638263561 ], [ 32.0258001145042, -0.021100638263561 ], [ 32.025841667303595, -0.021068978989974 ] ] ] } },
{ "type": "Feature", "properties": { "fid": 516, "class_name": "structure", "class_id": null, "dist_to_line": null, "risk_level": null, "area_m2": 54.892281228843785, "perimeter_m": 39.388613349014804, "compactness": 0.44461054587958082, "dist_bin": 2 }, "geometry": { "type": "Polygon", "coordinates": [ [ [ 32.0258001145042, -0.021096680854363 ], [ 32.025736795952731, -0.021219360539455 ], [ 32.025679413515476, -0.02118967997049 ], [ 32.0258001145042, -0.021096680854363 ] ] ] } },
{ "type": "Feature", "properties": { "fid": 517, "class_name": "structure", "class_id": null, "dist_to_line": null, "risk_level": null, "area_m2": 19.807451264907286, "perimeter_m": 19.85925108109074, "compactness": 0.63112113892033472, "dist_bin": 2 }, "geometry": { "type": "Polygon", "coordinates": [ [ [ 32.025833752484665, -0.021531995865538 ], [ 32.02582188025626, -0.021522102342571 ], [ 32.025845624713057, -0.021476592136912 ], [ 32.025887177512452, -0.021488464364476 ], [ 32.025833752484665, -0.021531995865538 ] ] ] } },
{ "type": "Feature", "properties": { "fid": 518, "class_name": "structure", "class_id": null, "dist_to_line": null, "risk_level": null, "area_m2": 34.771487464559186, "perimeter_m": 27.865370415749847, "compactness": 0.56273443627469311, "dist_bin": 2 }, "geometry": { "type": "Polygon", "coordinates": [ [ [ 32.025691285743875, -0.021630931095178 ], [ 32.025687328334406, -0.021623016276809 ], [ 32.025715030200665, -0.021553761616064 ], [ 32.025776370047396, -0.021571569957402 ], [ 32.025691285743875, -0.021630931095178 ] ] ] } },
{ "type": "Feature", "properties": { "fid": 519, "class_name": "structure", "class_id": null, "dist_to_line": null, "risk_level": null, "area_m2": 35.904037953489933, "perimeter_m": 24.608946639649943, "compactness": 0.7450185893486615, "dist_bin": 2 }, "geometry": { "type": "Polygon", "coordinates": [ [ [ 32.021779386486394, -0.024634604634976 ], [ 32.021745748505928, -0.024602945362168 ], [ 32.021799173533722, -0.024555456452942 ], [ 32.021822917990519, -0.024589094430312 ], [ 32.021779386486394, -0.024634604634976 ] ] ] } },
{ "type": "Feature", "properties": { "fid": 520, "class_name": "structure", "class_id": null, "dist_to_line": null, "risk_level": null, "area_m2": 19.277346571583621, "perimeter_m": 17.611076695245494, "compactness": 0.78106162827948733, "dist_bin": 2 }, "geometry": { "type": "Polygon", "coordinates": [ [ [ 32.004038319848775, -0.043273999866255 ], [ 32.004030405029845, -0.043311595245453 ], [ 32.004069979124502, -0.043321488766291 ], [ 32.00407393653397, -0.043277957274592 ], [ 32.004038319848775, -0.043273999866255 ] ] ] } },
{ "type": "Feature", "properties": { "fid": 521, "class_name": "structure", "class_id": null, "dist_to_line": null, "risk_level": null, "area_m2": 56.38622773688985, "perimeter_m": 32.245076561429578, "compactness": 0.68148465332893382, "dist_bin": 2 }, "geometry": { "type": "Polygon", "coordinates": [ [ [ 32.003656429835274, -0.043818143510717 ], [ 32.003618834445341, -0.043796377765014 ], [ 32.003668302063673, -0.043707336077982 ], [ 32.00370787615833, -0.043737016640337 ], [ 32.003656429835274, -0.043818143510717 ] ] ] } },
{ "type": "Feature", "properties": { "fid": 522, "class_name": "structure", "class_id": null, "dist_to_line": null, "risk_level": null, "area_m2": 20.168888956744922, "perimeter_m": 19.06523228234547, "compactness": 0.69728068808552179, "dist_bin": 2 }, "geometry": { "type": "Polygon", "coordinates": [ [ [ 32.003102392509987, -0.043887398156093 ], [ 32.003124158262047, -0.04390916390177 ], [ 32.003165711061442, -0.043873547227023 ], [ 32.003149881423582, -0.043851781481336 ], [ 32.003102392509987, -0.043887398156093 ] ] ] } },
{ "type": "Feature", "properties": { "fid": 523, "class_name": "structure", "class_id": null, "dist_to_line": null, "risk_level": null, "area_m2": 61.012782622314262, "perimeter_m": 32.107970573483215, "compactness": 0.74371233368359513, "dist_bin": 2 }, "geometry": { "type": "Polygon", "coordinates": [ [ [ 32.003151860128312, -0.043889376860246 ], [ 32.003118222147847, -0.043942801872348 ], [ 32.003165711061442, -0.043980397251212 ], [ 32.003221114793973, -0.043903227789313 ], [ 32.003151860128312, -0.043889376860246 ] ] ] } },
{ "type": "Feature", "properties": { "fid": 524, "class_name": "structure", "class_id": null, "dist_to_line": null, "risk_level": null, "area_m2": 39.614928289725867, "perimeter_m": 26.661074217438717, "compactness": 0.70034728668824942, "dist_bin": 2 }, "geometry": { "type": "Polygon", "coordinates": [ [ [ 32.003118222147847, -0.043990290771962 ], [ 32.003094477691043, -0.044021950038355 ], [ 32.003157796242512, -0.044071417642067 ], [ 32.003181540699302, -0.044037779671547 ], [ 32.003118222147847, -0.043990290771962 ] ] ] } },
{ "type": "Feature", "properties": { "fid": 525, "class_name": "structure", "class_id": null, "dist_to_line": null, "risk_level": null, "area_m2": 92.940832167536428, "perimeter_m": 39.188687205545357, "compactness": 0.76049259640306155, "dist_bin": 2 }, "geometry": { "type": "Polygon", "coordinates": [ [ [ 32.003132073080977, -0.044142650991354 ], [ 32.003086562872106, -0.044196076003275 ], [ 32.003149881423582, -0.044271266760728 ], [ 32.003207263860837, -0.044219820453005 ], [ 32.003132073080977, -0.044142650991354 ] ] ] } },
{ "type": "Feature", "properties": { "fid": 526, "class_name": "structure", "class_id": null, "dist_to_line": null, "risk_level": null, "area_m2": 114.43510340989087, "perimeter_m": 45.126584208414492, "compactness": 0.70616177868406615, "dist_bin": 2 }, "geometry": { "type": "Polygon", "coordinates": [ [ [ 32.002439526424368, -0.044767921498825 ], [ 32.002524610727889, -0.04472241130384 ], [ 32.002566163527284, -0.044801559469013 ], [ 32.002459313471704, -0.044849048368076 ], [ 32.002435569014892, -0.044801559469013 ], [ 32.002455356062228, -0.044791665948371 ], [ 32.002439526424368, -0.044767921498825 ] ] ] } },
{ "type": "Feature", "properties": { "fid": 527, "class_name": "structure", "class_id": null, "dist_to_line": null, "risk_level": null, "area_m2": 117.66402789435779, "perimeter_m": 48.296219500107185, "compactness": 0.63390956061295378, "dist_bin": 2 }, "geometry": { "type": "Polygon", "coordinates": [ [ [ 31.996920918923546, -0.050142081708833 ], [ 31.996914982809354, -0.050197485420122 ], [ 31.997009960636543, -0.050199464124096 ], [ 31.997017875455473, -0.050049082621921 ], [ 31.996920918923546, -0.050142081708833 ] ] ] } },
{ "type": "Feature", "properties": { "fid": 528, "class_name": "structure", "class_id": null, "dist_to_line": null, "risk_level": null, "area_m2": 64.579070249503275, "perimeter_m": 32.360505899707292, "compactness": 0.77494529764920217, "dist_bin": 2 }, "geometry": { "type": "Polygon", "coordinates": [ [ [ 31.996914982809354, -0.050256846539309 ], [ 31.996913004104616, -0.050339952106079 ], [ 31.996978301360805, -0.050343909514018 ], [ 31.996980280065543, -0.050266740059168 ], [ 31.996980280065543, -0.050266740059168 ], [ 31.996914982809354, -0.050256846539309 ] ] ] } },
{ "type": "Feature", "properties": { "fid": 529, "class_name": "structure", "class_id": null, "dist_to_line": null, "risk_level": null, "area_m2": 37.373911572475208, "perimeter_m": 26.19671707016823, "compactness": 0.68436009579243262, "dist_bin": 2 }, "geometry": { "type": "Polygon", "coordinates": [ [ [ 31.996748771611767, -0.050735692898766 ], [ 31.996744814202298, -0.050826713280743 ], [ 31.996758665135431, -0.050822755872833 ], [ 31.996790324411162, -0.050797032721417 ], [ 31.996782409592225, -0.050741629010638 ], [ 31.996748771611767, -0.050735692898766 ] ] ] } },
{ "type": "Feature", "properties": { "fid": 530, "class_name": "structure", "class_id": null, "dist_to_line": null, "risk_level": null, "area_m2": 111.27839850090368, "perimeter_m": 43.449640118420525, "compactness": 0.74071026527919337, "dist_bin": 2 }, "geometry": { "type": "Polygon", "coordinates": [ [ [ 31.994952107714049, -0.052405719017025 ], [ 31.994960022532979, -0.052488824581 ], [ 31.99506687258857, -0.052482888469291 ], [ 31.99506687258857, -0.052439356983409 ], [ 31.995051042950706, -0.052439356983409 ], [ 31.995039170722304, -0.052387910681873 ], [ 31.994952107714049, -0.052405719017025 ] ] ] } },
{ "type": "Feature", "properties": { "fid": 531, "class_name": "structure", "class_id": null, "dist_to_line": null, "risk_level": null, "area_m2": 19.494209825763392, "perimeter_m": 18.089691681177303, "compactness": 0.74860577070462142, "dist_bin": 2 }, "geometry": { "type": "Polygon", "coordinates": [ [ [ 31.994910554914654, -0.052447271799026 ], [ 31.994940235485647, -0.052443314391218 ], [ 31.994952107714049, -0.052490803284903 ], [ 31.994918469733584, -0.052496739396611 ], [ 31.994910554914654, -0.052447271799026 ] ] ] } },
{ "type": "Feature", "properties": { "fid": 532, "class_name": "structure", "class_id": null, "dist_to_line": null, "risk_level": null, "area_m2": 111.30249448122595, "perimeter_m": 42.436098914607285, "compactness": 0.776683100568623, "dist_bin": 2 }, "geometry": { "type": "Polygon", "coordinates": [ [ [ 31.992383748970383, -0.054847439588073 ], [ 31.992462897159712, -0.054835567365112 ], [ 31.992484662911782, -0.054938459964025 ], [ 31.992393642494047, -0.054952310890789 ], [ 31.992383748970383, -0.054847439588073 ] ] ] } },
{ "type": "Feature", "properties": { "fid": 533, "class_name": "structure", "class_id": null, "dist_to_line": null, "risk_level": null, "area_m2": 37.446209632561477, "perimeter_m": 30.429937526505579, "compactness": 0.50817770409102347, "dist_bin": 2 }, "geometry": { "type": "Polygon", "coordinates": [ [ [ 31.992431237883974, -0.055207563683422 ], [ 31.992433216588715, -0.055132372938419 ], [ 31.992514343482775, -0.05512445812315 ], [ 31.992431237883974, -0.055207563683422 ] ] ] } },
{ "type": "Feature", "properties": { "fid": 534, "class_name": "structure", "class_id": null, "dist_to_line": null, "risk_level": null, "area_m2": 122.1700684259531, "perimeter_m": 46.067450548670138, "compactness": 0.72341302594133483, "dist_bin": 2 }, "geometry": { "type": "Polygon", "coordinates": [ [ [ 31.990555425796945, -0.056685655414409 ], [ 31.990559383206413, -0.056760846157422 ], [ 31.990563340615875, -0.056774697083756 ], [ 31.990656339738326, -0.05676876097247 ], [ 31.990656339738326, -0.056711378563346 ], [ 31.990676126785665, -0.056709399859582 ], [ 31.990666233262001, -0.056667847080524 ], [ 31.990555425796945, -0.056685655414409 ] ] ] } },
{ "type": "Feature", "properties": { "fid": 535, "class_name": "structure", "class_id": null, "dist_to_line": null, "risk_level": null, "area_m2": 93.109517043492815, "perimeter_m": 40.250623444340668, "compactness": 0.72220204668839605, "dist_bin": 2 }, "geometry": { "type": "Polygon", "coordinates": [ [ [ 31.990003367176381, -0.057148672093511 ], [ 31.990035026452119, -0.057255522095852 ], [ 31.989947963443853, -0.057273330429556 ], [ 31.98992421898706, -0.057231777650905 ], [ 31.990003367176381, -0.057148672093511 ] ] ] } },
{ "type": "Feature", "properties": { "fid": 536, "class_name": "disturbance", "class_id": null, "dist_to_line": null, "risk_level": null, "area_m2": 257.68969035861483, "perimeter_m": 74.871153150655189, "compactness": 0.57766740554137652, "dist_bin": 2 }, "geometry": { "type": "Polygon", "coordinates": [ [ [ 31.987045203600296, -0.060660871138225 ], [ 31.986999693391439, -0.060567872067808 ], [ 31.986966055410964, -0.060514447069837 ], [ 31.987209436093149, -0.060478830404493 ], [ 31.987221308321544, -0.060490702626277 ], [ 31.987045203600296, -0.060660871138225 ] ] ] } },
{ "type": "Feature", "properties": { "fid": 537, "class_name": "structure", "class_id": null, "dist_to_line": null, "risk_level": null, "area_m2": 96.001109783226639, "perimeter_m": 48.191526012321901, "compactness": 0.51945120752687357, "dist_bin": 2 }, "geometry": { "type": "Polygon", "coordinates": [ [ [ 31.986224041136037, -0.061484011839601 ], [ 31.986152807765635, -0.061495884061163 ], [ 31.986140935537239, -0.061436522953326 ], [ 31.986315061553761, -0.061400906288593 ], [ 31.986224041136037, -0.061484011839601 ] ] ] } },
{ "type": "Feature", "properties": { "fid": 538, "class_name": "disturbance", "class_id": null, "dist_to_line": null, "risk_level": null, "area_m2": 387.47424588563626, "perimeter_m": 80.682455950180042, "compactness": 0.74798775221502267, "dist_bin": 2 }, "geometry": { "type": "Polygon", "coordinates": [ [ [ 31.98513179612333, -0.062449619184643 ], [ 31.985068477571861, -0.062449619184643 ], [ 31.985064520162396, -0.062508980291344 ], [ 31.984981414563606, -0.062524809919787 ], [ 31.984949755287868, -0.062568341397979 ], [ 31.984961627516277, -0.062615830283238 ], [ 31.985028903477204, -0.062683106203947 ], [ 31.985072434981333, -0.062671233982652 ], [ 31.985183242446386, -0.062548554362441 ], [ 31.98513179612333, -0.062449619184643 ] ] ] } },
{ "type": "Feature", "properties": { "fid": 539, "class_name": "disturbance", "class_id": null, "dist_to_line": null, "risk_level": null, "area_m2": 569.35583667085393, "perimeter_m": 126.66806066435029, "compactness": 0.44592251250420251, "dist_bin": 2 }, "geometry": { "type": "Polygon", "coordinates": [ [ [ 31.984902266374274, -0.062326939563915 ], [ 31.98501307383934, -0.062299237714033 ], [ 31.985104094257068, -0.062346726599535 ], [ 31.985127838713861, -0.062449619184643 ], [ 31.984910181193211, -0.062461491405989 ], [ 31.984854777460686, -0.062473363627332 ], [ 31.984850820051218, -0.062493150662897 ], [ 31.984664821806295, -0.062552511769549 ], [ 31.984902266374274, -0.062326939563915 ] ] ] } },
{ "type": "Feature", "properties": { "fid": 540, "class_name": "disturbance", "class_id": null, "dist_to_line": null, "risk_level": null, "area_m2": 678.75455713174597, "perimeter_m": 168.28073851978843, "compactness": 0.30119919295336678, "dist_bin": 2 }, "geometry": { "type": "Polygon", "coordinates": [ [ [ 31.982820668994979, -0.064428322704836 ], [ 31.982915646822175, -0.064562874541445 ], [ 31.982341822449548, -0.064911126352191 ], [ 31.982820668994979, -0.064428322704836 ] ] ] } },
{ "type": "Feature", "properties": { "fid": 541, "class_name": "structure", "class_id": null, "dist_to_line": null, "risk_level": null, "area_m2": 52.916252726292441, "perimeter_m": 30.045734018315983, "compactness": 0.7366027050077818, "dist_bin": 2 }, "geometry": { "type": "Polygon", "coordinates": [ [ [ 31.981744253620136, -0.065856946598783 ], [ 31.981779870305331, -0.065908392887835 ], [ 31.981851103675726, -0.065872776226189 ], [ 31.981815486990524, -0.065833202157665 ], [ 31.981815486990524, -0.065833202157665 ], [ 31.981744253620136, -0.065856946598783 ] ] ] } },
{ "type": "Feature", "properties": { "fid": 542, "class_name": "agricultural_activity", "class_id": null, "dist_to_line": null, "risk_level": null, "area_m2": 480.00530010089278, "perimeter_m": 88.220798709581175, "compactness": 0.77502181331892561, "dist_bin": 2 }, "geometry": { "type": "Polygon", "coordinates": [ [ [ 31.980652008607418, -0.066874000149355 ], [ 31.980774688300876, -0.067000637165856 ], [ 31.980936942088992, -0.066850255708724 ], [ 31.980814262395533, -0.066723618691835 ], [ 31.980652008607418, -0.066874000149355 ] ] ] } },
{ "type": "Feature", "properties": { "fid": 543, "class_name": "agricultural_activity", "class_id": null, "dist_to_line": null, "risk_level": null, "area_m2": 532.24683359838673, "perimeter_m": 95.086138615875115, "compactness": 0.73975605357856966, "dist_bin": 2 }, "geometry": { "type": "Polygon", "coordinates": [ [ [ 31.980406649220505, -0.066874000149355 ], [ 31.980600562284362, -0.067052083453716 ], [ 31.980719284568352, -0.066945233471177 ], [ 31.980529328913967, -0.066759235352868 ], [ 31.980406649220505, -0.066874000149355 ] ] ] } },
{ "type": "Feature", "properties": { "fid": 544, "class_name": "structure", "class_id": null, "dist_to_line": null, "risk_level": null, "area_m2": 45.976407694901809, "perimeter_m": 27.307037541761567, "compactness": 0.7748109049055586, "dist_bin": 2 }, "geometry": { "type": "Polygon", "coordinates": [ [ [ 31.97807177763536, -0.069359251537712 ], [ 31.978075735044829, -0.069418612636175 ], [ 31.978139053596294, -0.069422570042736 ], [ 31.978139053596294, -0.069367166350844 ], [ 31.97807177763536, -0.069359251537712 ] ] ] } },
{ "type": "Feature", "properties": { "fid": 545, "class_name": "agricultural_activity", "class_id": null, "dist_to_line": null, "risk_level": null, "area_m2": 526.849122585656, "perimeter_m": 111.39332491396947, "compactness": 0.53355327606305381, "dist_bin": 2 }, "geometry": { "type": "Polygon", "coordinates": [ [ [ 31.977319869836752, -0.070506899428064 ], [ 31.977209062371692, -0.070451495737452 ], [ 31.976959745575325, -0.070732471596304 ], [ 31.977038893764643, -0.070795790099473 ], [ 31.977319869836752, -0.070506899428064 ] ] ] } },
{ "type": "Feature", "properties": { "fid": 546, "class_name": "agricultural_activity", "class_id": null, "dist_to_line": null, "risk_level": null, "area_m2": 1452.4495801159064, "perimeter_m": 192.72339272711883, "compactness": 0.49140782134466693, "dist_bin": 2 }, "geometry": { "type": "Polygon", "coordinates": [ [ [ 31.976575876857083, -0.070795790099473 ], [ 31.976401750840562, -0.071440847345564 ], [ 31.97690434184279, -0.070934299324853 ], [ 31.976575876857083, -0.070795790099473 ] ] ] } },
{ "type": "Feature", "properties": { "fid": 547, "class_name": "structure", "class_id": null, "dist_to_line": null, "risk_level": null, "area_m2": 181.39950593698813, "perimeter_m": 59.761685686575639, "compactness": 0.63826390623363749, "dist_bin": 2 }, "geometry": { "type": "Polygon", "coordinates": [ [ [ 31.971136417545594, -0.076257010664181 ], [ 31.971187863868654, -0.076300542129733 ], [ 31.971164119411856, -0.076415306902341 ], [ 31.971049354537332, -0.076419264308288 ], [ 31.971084971222538, -0.076383647654756 ], [ 31.971041439718398, -0.0763559458131 ], [ 31.971136417545594, -0.076257010664181 ] ] ] } },
{ "type": "Feature", "properties": { "fid": 548, "class_name": "structure", "class_id": null, "dist_to_line": null, "risk_level": null, "area_m2": 54.21745302141062, "perimeter_m": 29.535187541419774, "compactness": 0.78103322687150767, "dist_bin": 2 }, "geometry": { "type": "Polygon", "coordinates": [ [ [ 31.9702895319198, -0.077588677749437 ], [ 31.9702301707778, -0.077551082393961 ], [ 31.9702598513488, -0.077499636117993 ], [ 31.970323169900265, -0.077533274067672 ], [ 31.9702895319198, -0.077588677749437 ] ] ] } },
{ "type": "Feature", "properties": { "fid": 549, "class_name": "structure", "class_id": null, "dist_to_line": null, "risk_level": null, "area_m2": 38.626912525363878, "perimeter_m": 25.607884388811989, "compactness": 0.74020575818541179, "dist_bin": 2 }, "geometry": { "type": "Polygon", "coordinates": [ [ [ 31.970224234663604, -0.077557018502723 ], [ 31.970202468911541, -0.077594613858193 ], [ 31.970251936529863, -0.077626273104879 ], [ 31.970291510624531, -0.077590656452356 ], [ 31.970224234663604, -0.077557018502723 ] ] ] } },
{ "type": "Feature", "properties": { "fid": 550, "class_name": "structure", "class_id": null, "dist_to_line": null, "risk_level": null, "area_m2": 51.663186565365322, "perimeter_m": 31.085079472299029, "compactness": 0.67187284674993208, "dist_bin": 2 }, "geometry": { "type": "Polygon", "coordinates": [ [ [ 31.969978875276688, -0.077693549004009 ], [ 31.97000657714295, -0.077667825866119 ], [ 31.970077810513352, -0.077744995279741 ], [ 31.970018449371352, -0.07775884620012 ], [ 31.969978875276688, -0.077693549004009 ] ] ] } },
{ "type": "Feature", "properties": { "fid": 551, "class_name": "structure", "class_id": null, "dist_to_line": null, "risk_level": null, "area_m2": 28.241273753346832, "perimeter_m": 27.980710250985197, "compactness": 0.45329056143399293, "dist_bin": 2 }, "geometry": { "type": "Polygon", "coordinates": [ [ [ 31.970107491084345, -0.077818207287406 ], [ 31.970095618855947, -0.077810292475773 ], [ 31.970149043883737, -0.077737080468094 ], [ 31.970186639273674, -0.077743016576829 ], [ 31.970107491084345, -0.077818207287406 ] ] ] } },
{ "type": "Feature", "properties": { "fid": 552, "class_name": "structure", "class_id": null, "dist_to_line": null, "risk_level": null, "area_m2": 112.72403932073939, "perimeter_m": 42.574083038611235, "compactness": 0.78151227004475043, "dist_bin": 2 }, "geometry": { "type": "Polygon", "coordinates": [ [ [ 31.96968404827145, -0.078047736824126 ], [ 31.969745388118184, -0.078113034019689 ], [ 31.969822557602772, -0.078041800715434 ], [ 31.969753302937114, -0.077980460925562 ], [ 31.96968404827145, -0.078047736824126 ] ] ] } },
{ "type": "Feature", "properties": { "fid": 553, "class_name": "structure", "class_id": null, "dist_to_line": null, "risk_level": null, "area_m2": 1014.2517082773265, "perimeter_m": 127.89830195988613, "compactness": 0.77915893382330614, "dist_bin": 2 }, "geometry": { "type": "Polygon", "coordinates": [ [ [ 31.969302158257946, -0.078116991425477 ], [ 31.969513879664401, -0.078299032091341 ], [ 31.969323924010009, -0.078500859785178 ], [ 31.969086479442023, -0.078332670040381 ], [ 31.969302158257946, -0.078116991425477 ] ] ] } },
{ "type": "Feature", "properties": { "fid": 554, "class_name": "structure", "class_id": null, "dist_to_line": null, "risk_level": null, "area_m2": 56.16930806934397, "perimeter_m": 30.189606751971269, "compactness": 0.77445114478614163, "dist_bin": 2 }, "geometry": { "type": "Polygon", "coordinates": [ [ [ 31.968827269121988, -0.079114257672224 ], [ 31.968773844094191, -0.079074683615268 ], [ 31.968819354303054, -0.07902521604402 ], [ 31.968874758035582, -0.079056875289626 ], [ 31.968827269121988, -0.079114257672224 ] ] ] } },
{ "type": "Feature", "properties": { "fid": 555, "class_name": "structure", "class_id": null, "dist_to_line": null, "risk_level": null, "area_m2": 42.96429916138004, "perimeter_m": 27.830141026700741, "compactness": 0.69708667598293017, "dist_bin": 2 }, "geometry": { "type": "Polygon", "coordinates": [ [ [ 31.968898502492383, -0.078999492906948 ], [ 31.968843098759855, -0.078959918849883 ], [ 31.968882672854512, -0.078914408684211 ], [ 31.968916310834977, -0.078912429981355 ], [ 31.968898502492383, -0.078999492906948 ] ] ] } },
{ "type": "Feature", "properties": { "fid": 556, "class_name": "structure", "class_id": null, "dist_to_line": null, "risk_level": null, "area_m2": 110.09755571997812, "perimeter_m": 43.744223148774466, "compactness": 0.72301303088135316, "dist_bin": 2 }, "geometry": { "type": "Polygon", "coordinates": [ [ [ 31.968526506002544, -0.079416999206687 ], [ 31.968469123565285, -0.079367531635848 ], [ 31.968544314345138, -0.079278490008188 ], [ 31.968605654191876, -0.0793101492536 ], [ 31.968526506002544, -0.079416999206687 ] ] ] } },
{ "type": "Feature", "properties": { "fid": 557, "class_name": "structure", "class_id": null, "dist_to_line": null, "risk_level": null, "area_m2": 49.880040231000748, "perimeter_m": 28.350451174565034, "compactness": 0.77986011536981126, "dist_bin": 2 }, "geometry": { "type": "Polygon", "coordinates": [ [ [ 31.968205955835774, -0.079747442578373 ], [ 31.968160445626911, -0.079705889819205 ], [ 31.968205955835774, -0.079656422248712 ], [ 31.9682494873399, -0.079692038899473 ], [ 31.968205955835774, -0.079747442578373 ] ] ] } },
{ "type": "Feature", "properties": { "fid": 558, "class_name": "structure", "class_id": null, "dist_to_line": null, "risk_level": null, "area_m2": 86.603291579638608, "perimeter_m": 39.287188652226803, "compactness": 0.70508643302103013, "dist_bin": 2 }, "geometry": { "type": "Polygon", "coordinates": [ [ [ 31.968251466044631, -0.079694017602292 ], [ 31.968207934540505, -0.079654443545891 ], [ 31.968281146615624, -0.0795693593245 ], [ 31.968332592938694, -0.079604975975336 ], [ 31.968251466044631, -0.079694017602292 ] ] ] } },
{ "type": "Feature", "properties": { "fid": 559, "class_name": "structure", "class_id": null, "dist_to_line": null, "risk_level": null, "area_m2": 76.82009637405281, "perimeter_m": 35.378272345164348, "compactness": 0.77127893468713293, "dist_bin": 2 }, "geometry": { "type": "Polygon", "coordinates": [ [ [ 31.968342486462365, -0.079606954678159 ], [ 31.968277189206169, -0.079565401918849 ], [ 31.968338529052897, -0.07950406213122 ], [ 31.968397890194883, -0.079549572296244 ], [ 31.968342486462365, -0.079606954678159 ] ] ] } },
{ "type": "Feature", "properties": { "fid": 560, "class_name": "structure", "class_id": null, "dist_to_line": null, "risk_level": null, "area_m2": 30.169010037854605, "perimeter_m": 27.233157857051921, "compactness": 0.5111812511854269, "dist_bin": 2 }, "geometry": { "type": "Polygon", "coordinates": [ [ [ 31.973489097473315, -0.074389115010262 ], [ 31.973477225244913, -0.074333711324395 ], [ 31.973562309548441, -0.074317881699848 ], [ 31.973562309548441, -0.074317881699848 ], [ 31.973489097473315, -0.074389115010262 ] ] ] } },
{ "type": "Feature", "properties": { "fid": 561, "class_name": "structure", "class_id": null, "dist_to_line": null, "risk_level": null, "area_m2": 26.867740613055503, "perimeter_m": 22.445137771912634, "compactness": 0.67018771069086691, "dist_bin": 2 }, "geometry": { "type": "Polygon", "coordinates": [ [ [ 31.967875512145316, -0.079559465810373 ], [ 31.967903214011578, -0.079583210244273 ], [ 31.967851767688515, -0.07962872040921 ], [ 31.967830001936452, -0.079612890786629 ], [ 31.967875512145316, -0.079559465810373 ] ] ] } },
{ "type": "Feature", "properties": { "fid": 562, "class_name": "structure", "class_id": null, "dist_to_line": null, "risk_level": null, "area_m2": 35.566654069945798, "perimeter_m": 24.64311958814266, "compactness": 0.73597236229401664, "dist_bin": 2 }, "geometry": { "type": "Polygon", "coordinates": [ [ [ 31.967830001936452, -0.079608933380983 ], [ 31.967855725097984, -0.079634656517676 ], [ 31.967816151003316, -0.079688081493834 ], [ 31.967778555613389, -0.079658400951533 ], [ 31.967830001936452, -0.079608933380983 ] ] ] } },
{ "type": "Feature", "properties": { "fid": 563, "class_name": "structure", "class_id": null, "dist_to_line": null, "risk_level": null, "area_m2": 65.012762951380864, "perimeter_m": 33.465918808870413, "compactness": 0.72946251759333292, "dist_bin": 2 }, "geometry": { "type": "Polygon", "coordinates": [ [ [ 31.967782513022851, -0.079660379654353 ], [ 31.967820108412784, -0.079692038899473 ], [ 31.967764704680256, -0.079763272200902 ], [ 31.967711279652463, -0.079727655550203 ], [ 31.967782513022851, -0.079660379654353 ] ] ] } },
{ "type": "Feature", "properties": { "fid": 564, "class_name": "structure", "class_id": null, "dist_to_line": null, "risk_level": null, "area_m2": 34.144904879951355, "perimeter_m": 24.803604916302035, "compactness": 0.6974388909536694, "dist_bin": 2 }, "geometry": { "type": "Polygon", "coordinates": [ [ [ 31.967715237061917, -0.07972963425302 ], [ 31.967774598203921, -0.079763272200902 ], [ 31.967754811156595, -0.079802846257199 ], [ 31.967693471309854, -0.079753378686822 ], [ 31.967715237061917, -0.07972963425302 ] ] ] } },
{ "type": "Feature", "properties": { "fid": 565, "class_name": "structure", "class_id": null, "dist_to_line": null, "risk_level": null, "area_m2": 62.410292459309858, "perimeter_m": 32.320460714027874, "compactness": 0.75077706313779802, "dist_bin": 2 }, "geometry": { "type": "Polygon", "coordinates": [ [ [ 31.967693471309854, -0.079751399984006 ], [ 31.967756789861326, -0.079798888851571 ], [ 31.96772117317612, -0.079844399016269 ], [ 31.967645982396267, -0.079792952743128 ], [ 31.967693471309854, -0.079751399984006 ] ] ] } },
{ "type": "Feature", "properties": { "fid": 566, "class_name": "structure", "class_id": null, "dist_to_line": null, "risk_level": null, "area_m2": 46.024573000857345, "perimeter_m": 29.324595876320728, "compactness": 0.67256700910756262, "dist_bin": 2 }, "geometry": { "type": "Polygon", "coordinates": [ [ [ 31.967651918510466, -0.079794931445943 ], [ 31.96772117317612, -0.079842420313457 ], [ 31.967699407424057, -0.079880015666868 ], [ 31.967622237939466, -0.079822633285333 ], [ 31.967651918510466, -0.079794931445943 ] ] ] } },
{ "type": "Feature", "properties": { "fid": 567, "class_name": "structure", "class_id": null, "dist_to_line": null, "risk_level": null, "area_m2": 62.193379884847673, "perimeter_m": 32.519142453688715, "compactness": 0.73905345921759058, "dist_bin": 2 }, "geometry": { "type": "Polygon", "coordinates": [ [ [ 31.967622237939466, -0.079824611988146 ], [ 31.967695450014592, -0.079880015666868 ], [ 31.967649939805728, -0.079917611020243 ], [ 31.967582663844798, -0.079866164747194 ], [ 31.967622237939466, -0.079824611988146 ] ] ] } },
{ "type": "Feature", "properties": { "fid": 568, "class_name": "structure", "class_id": null, "dist_to_line": null, "risk_level": null, "area_m2": 85.350319789096829, "perimeter_m": 37.111577384215103, "compactness": 0.77874664535948213, "dist_bin": 2 }, "geometry": { "type": "Polygon", "coordinates": [ [ [ 31.967645982396267, -0.079913653614626 ], [ 31.967598493482672, -0.079980929510062 ], [ 31.967533196226469, -0.079915632317435 ], [ 31.967582663844798, -0.07985824993595 ], [ 31.967645982396267, -0.079913653614626 ] ] ] } },
{ "type": "Feature", "properties": { "fid": 569, "class_name": "structure", "class_id": null, "dist_to_line": null, "risk_level": null, "area_m2": 47.229399487456249, "perimeter_m": 30.497886918903806, "compactness": 0.63809124821893193, "dist_bin": 2 }, "geometry": { "type": "Polygon", "coordinates": [ [ [ 31.967511430474406, -0.079947291562358 ], [ 31.967586621254274, -0.080012588754934 ], [ 31.967566834206941, -0.08004226929698 ], [ 31.967489664722343, -0.079984886915672 ], [ 31.967511430474406, -0.079947291562358 ] ] ] } },
{ "type": "Feature", "properties": { "fid": 570, "class_name": "structure", "class_id": null, "dist_to_line": null, "risk_level": null, "area_m2": 120.1940320461581, "perimeter_m": 44.507256316789686, "compactness": 0.76248468136499792, "dist_bin": 2 }, "geometry": { "type": "Polygon", "coordinates": [ [ [ 31.967475813789214, -0.079969057293228 ], [ 31.967566834206941, -0.080046226702585 ], [ 31.967503515655476, -0.080103609083807 ], [ 31.967418431351948, -0.080030397080164 ], [ 31.967475813789214, -0.079969057293228 ] ] ] } },
{ "type": "Feature", "properties": { "fid": 571, "class_name": "structure", "class_id": null, "dist_to_line": null, "risk_level": null, "area_m2": 65.591081124737684, "perimeter_m": 32.487766881201139, "compactness": 0.78093508184579652, "dist_bin": 2 }, "geometry": { "type": "Polygon", "coordinates": [ [ [ 31.96740655912355, -0.080107566489405 ], [ 31.967446133218207, -0.080056120216594 ], [ 31.967509451769676, -0.080103609083807 ], [ 31.967463941560812, -0.080159012762152 ], [ 31.96740655912355, -0.080107566489405 ] ] ] } },
{ "type": "Feature", "properties": { "fid": 572, "class_name": "structure", "class_id": null, "dist_to_line": null, "risk_level": null, "area_m2": 69.301946880608739, "perimeter_m": 33.437772295748033, "compactness": 0.77889806930201511, "dist_bin": 2 }, "geometry": { "type": "Polygon", "coordinates": [ [ [ 31.96740853782828, -0.080105587786606 ], [ 31.967467898970281, -0.080159012762152 ], [ 31.967412495237749, -0.080212437737628 ], [ 31.967363027619424, -0.080172863681726 ], [ 31.96740853782828, -0.080105587786606 ] ] ] } },
{ "type": "Feature", "properties": { "fid": 573, "class_name": "structure", "class_id": null, "dist_to_line": null, "risk_level": null, "area_m2": 59.759687510755612, "perimeter_m": 31.773329191841484, "compactness": 0.74386262298397687, "dist_bin": 2 }, "geometry": { "type": "Polygon", "coordinates": [ [ [ 31.967372921143085, -0.080071949839004 ], [ 31.96740853782828, -0.080099651678208 ], [ 31.967365006324155, -0.080174842384522 ], [ 31.967311581296354, -0.080133289625787 ], [ 31.967372921143085, -0.080071949839004 ] ] ] } },
{ "type": "Feature", "properties": { "fid": 574, "class_name": "structure", "class_id": null, "dist_to_line": null, "risk_level": null, "area_m2": 68.820005892950576, "perimeter_m": 33.932560425995533, "compactness": 0.75108883673860005, "dist_bin": 2 }, "geometry": { "type": "Polygon", "coordinates": [ [ [ 31.967281900725357, -0.080234203468358 ], [ 31.967321474820015, -0.080182757195705 ], [ 31.967386772076217, -0.080250033090699 ], [ 31.967349176686291, -0.080293564552107 ], [ 31.967281900725357, -0.080234203468358 ] ] ] } },
{ "type": "Feature", "properties": { "fid": 575, "class_name": "structure", "class_id": null, "dist_to_line": null, "risk_level": null, "area_m2": 31.325653403375327, "perimeter_m": 24.283724349113427, "compactness": 0.66754325736712417, "dist_bin": 2 }, "geometry": { "type": "Polygon", "coordinates": [ [ [ 31.967289815544291, -0.080341053419044 ], [ 31.967268049792228, -0.08032126639116 ], [ 31.967315538705822, -0.080263884010243 ], [ 31.967345219276822, -0.080287628443736 ], [ 31.967289815544291, -0.080341053419044 ] ] ] } },
{ "type": "Feature", "properties": { "fid": 576, "class_name": "structure", "class_id": null, "dist_to_line": null, "risk_level": null, "area_m2": 40.120931770925381, "perimeter_m": 25.525947969276583, "compactness": 0.77377931403038414, "dist_bin": 2 }, "geometry": { "type": "Polygon", "coordinates": [ [ [ 31.967198795126571, -0.080372712663638 ], [ 31.967147348803508, -0.080329181202315 ], [ 31.967188901602896, -0.080293564552107 ], [ 31.967230454402301, -0.08033511731068 ], [ 31.967230454402301, -0.08033511731068 ], [ 31.967198795126571, -0.080372712663638 ] ] ] } },
{ "type": "Feature", "properties": { "fid": 577, "class_name": "structure", "class_id": null, "dist_to_line": null, "risk_level": null, "area_m2": 67.904314762516151, "perimeter_m": 33.329775634366584, "compactness": 0.76814366774356513, "dist_bin": 2 }, "geometry": { "type": "Polygon", "coordinates": [ [ [ 31.967173071965032, -0.080453839477798 ], [ 31.96720473124077, -0.080404371908207 ], [ 31.967281900725357, -0.080445924666668 ], [ 31.967238369221231, -0.080503307047329 ], [ 31.967173071965032, -0.080453839477798 ] ] ] } },
{ "type": "Feature", "properties": { "fid": 578, "class_name": "structure", "class_id": null, "dist_to_line": null, "risk_level": null, "area_m2": 56.482498235109233, "perimeter_m": 33.237840127225745, "compactness": 0.64247786888311131, "dist_bin": 2 }, "geometry": { "type": "Polygon", "coordinates": [ [ [ 31.96709392377571, -0.080392499691497 ], [ 31.967109753413574, -0.080360840446918 ], [ 31.96720473124077, -0.080408329313777 ], [ 31.967180986783962, -0.080453839477798 ], [ 31.96709392377571, -0.080392499691497 ] ] ] } },
{ "type": "Feature", "properties": { "fid": 579, "class_name": "structure", "class_id": null, "dist_to_line": null, "risk_level": null, "area_m2": 112.09754058669296, "perimeter_m": 52.342345529407581, "compactness": 0.51416154064280106, "dist_bin": 2 }, "geometry": { "type": "Polygon", "coordinates": [ [ [ 31.967107774708843, -0.080400414502637 ], [ 31.96708600895678, -0.080430095044402 ], [ 31.967113710823043, -0.080439988558319 ], [ 31.96709985988991, -0.080461754288927 ], [ 31.96714537009877, -0.080487477425085 ], [ 31.967137455279836, -0.080515179264007 ], [ 31.967192859012368, -0.0805527746168 ], [ 31.967236390516501, -0.080497370938988 ], [ 31.967107774708843, -0.080400414502637 ] ] ] } },
{ "type": "Feature", "properties": { "fid": 580, "class_name": "structure", "class_id": null, "dist_to_line": null, "risk_level": null, "area_m2": 221.71314130740939, "perimeter_m": 64.200834924350048, "compactness": 0.67595836551401201, "dist_bin": 2 }, "geometry": { "type": "Polygon", "coordinates": [ [ [ 31.967006860767448, -0.080479562613962 ], [ 31.966983116310651, -0.080511221858448 ], [ 31.967143391394035, -0.080637858836149 ], [ 31.967202752536025, -0.080562668130687 ], [ 31.967186922898161, -0.080546838508466 ], [ 31.96703456263371, -0.080453839477798 ], [ 31.967006860767448, -0.080479562613962 ] ] ] } },
{ "type": "Feature", "properties": { "fid": 581, "class_name": "structure", "class_id": null, "dist_to_line": null, "risk_level": null, "area_m2": 41.879957655586622, "perimeter_m": 26.352272426546982, "compactness": 0.75784424131321382, "dist_bin": 2 }, "geometry": { "type": "Polygon", "coordinates": [ [ [ 31.96694354221599, -0.080594327375109 ], [ 31.966969265377521, -0.080560689427909 ], [ 31.967030605224249, -0.08059828478066 ], [ 31.966991031129584, -0.080639837538922 ], [ 31.96694354221599, -0.080594327375109 ] ] ] } },
{ "type": "Feature", "properties": { "fid": 582, "class_name": "structure", "class_id": null, "dist_to_line": null, "risk_level": null, "area_m2": 87.784048848265229, "perimeter_m": 39.928772123973232, "compactness": 0.69191629984695224, "dist_bin": 2 }, "geometry": { "type": "Polygon", "coordinates": [ [ [ 31.966884181073993, -0.080568604239018 ], [ 31.966935627397056, -0.080608178294536 ], [ 31.966864394026661, -0.080689305108227 ], [ 31.966824819932, -0.080653688458334 ], [ 31.966840649569868, -0.080637858836149 ], [ 31.966818883817798, -0.080622029213958 ], [ 31.966884181073993, -0.080568604239018 ] ] ] } },
{ "type": "Feature", "properties": { "fid": 583, "class_name": "structure", "class_id": null, "dist_to_line": null, "risk_level": null, "area_m2": 61.783794342605688, "perimeter_m": 31.815119230613867, "compactness": 0.76703879476232617, "dist_bin": 2 }, "geometry": { "type": "Polygon", "coordinates": [ [ [ 31.966993009834322, -0.080788240246657 ], [ 31.966927712578119, -0.080738772677472 ], [ 31.966961350558588, -0.080691283810998 ], [ 31.967030605224249, -0.080736793974704 ], [ 31.966993009834322, -0.080788240246657 ] ] ] } },
{ "type": "Feature", "properties": { "fid": 584, "class_name": "structure", "class_id": null, "dist_to_line": null, "risk_level": null, "area_m2": 63.085000412400404, "perimeter_m": 36.830212913489149, "compactness": 0.58442329064584142, "dist_bin": 2 }, "geometry": { "type": "Polygon", "coordinates": [ [ [ 31.966864394026661, -0.080764495813456 ], [ 31.966886159778724, -0.080734815271935 ], [ 31.966993009834322, -0.080798133760487 ], [ 31.966967286672791, -0.080835729113018 ], [ 31.966864394026661, -0.080764495813456 ] ] ] } },
{ "type": "Feature", "properties": { "fid": 585, "class_name": "structure", "class_id": null, "dist_to_line": null, "risk_level": null, "area_m2": 26.554507946621015, "perimeter_m": 21.226768330470488, "compactness": 0.74059429517360242, "dist_bin": 2 }, "geometry": { "type": "Polygon", "coordinates": [ [ [ 31.966840649569868, -0.080798133760487 ], [ 31.966807011589392, -0.080776368030058 ], [ 31.966842628274598, -0.080726900460859 ], [ 31.96686835143613, -0.080748666191314 ], [ 31.966840649569868, -0.080798133760487 ] ] ] } },
{ "type": "Feature", "properties": { "fid": 586, "class_name": "structure", "class_id": null, "dist_to_line": null, "risk_level": null, "area_m2": 62.603081908124295, "perimeter_m": 31.832209469273494, "compactness": 0.77637583584185033, "dist_bin": 2 }, "geometry": { "type": "Polygon", "coordinates": [ [ [ 31.966747650447402, -0.080843643924072 ], [ 31.966789203246798, -0.080776368030058 ], [ 31.966848564388798, -0.080808027274314 ], [ 31.966816905113067, -0.080867388357227 ], [ 31.966747650447402, -0.080843643924072 ] ] ] } },
{ "type": "Feature", "properties": { "fid": 587, "class_name": "structure", "class_id": null, "dist_to_line": null, "risk_level": null, "area_m2": 46.193229804244766, "perimeter_m": 27.556874762121446, "compactness": 0.76441335852029602, "dist_bin": 2 }, "geometry": { "type": "Polygon", "coordinates": [ [ [ 31.966874287550326, -0.080833750410254 ], [ 31.966907925530787, -0.080798133760487 ], [ 31.966967286672791, -0.080835729113018 ], [ 31.966927712578119, -0.080879260573799 ], [ 31.966874287550326, -0.080833750410254 ] ] ] } },
{ "type": "Feature", "properties": { "fid": 588, "class_name": "structure", "class_id": null, "dist_to_line": null, "risk_level": null, "area_m2": 16.578509131108149, "perimeter_m": 16.910353378834191, "compactness": 0.72853424440667369, "dist_bin": 2 }, "geometry": { "type": "Polygon", "coordinates": [ [ [ 31.966935627397056, -0.08093466425109 ], [ 31.966911882940256, -0.080918834629015 ], [ 31.96694354221599, -0.080883217979323 ], [ 31.966967286672791, -0.080899047601412 ], [ 31.966935627397056, -0.08093466425109 ] ] ] } },
{ "type": "Feature", "properties": { "fid": 589, "class_name": "structure", "class_id": null, "dist_to_line": null, "risk_level": null, "area_m2": 32.337735079454433, "perimeter_m": 23.03124236601727, "compactness": 0.76609871113047989, "dist_bin": 2 }, "geometry": { "type": "Polygon", "coordinates": [ [ [ 31.966684331895934, -0.080879260573799 ], [ 31.966650693915476, -0.080855516140651 ], [ 31.966682353191203, -0.080804069868783 ], [ 31.966719948581126, -0.08083177170749 ], [ 31.966684331895934, -0.080879260573799 ] ] ] } },
{ "type": "Feature", "properties": { "fid": 590, "class_name": "structure", "class_id": null, "dist_to_line": null, "risk_level": null, "area_m2": 58.458419948873598, "perimeter_m": 31.525458487013591, "compactness": 0.73915260870786703, "dist_bin": 2 }, "geometry": { "type": "Polygon", "coordinates": [ [ [ 31.966587375364007, -0.08106723733573 ], [ 31.966543843859881, -0.08103755679443 ], [ 31.966587375364007, -0.080962366089708 ], [ 31.966613098525546, -0.080958408684192 ], [ 31.966621013344476, -0.08101183365862 ], [ 31.966587375364007, -0.08106723733573 ] ] ] } },
{ "type": "Feature", "properties": { "fid": 591, "class_name": "structure", "class_id": null, "dist_to_line": null, "risk_level": null, "area_m2": 250.36401169248347, "perimeter_m": 96.762359065125253, "compactness": 0.33602289567175886, "dist_bin": 2 }, "geometry": { "type": "Polygon", "coordinates": [ [ [ 31.966706097647997, -0.080956429981434 ], [ 31.966682353191203, -0.080997982739331 ], [ 31.966814926408322, -0.081090981768754 ], [ 31.966907925530787, -0.08095049387316 ], [ 31.96681690511306, -0.080887175384846 ], [ 31.966733799514259, -0.080847601329599 ], [ 31.96681690511306, -0.080944557764885 ], [ 31.96677930972313, -0.081007876253109 ], [ 31.966706097647997, -0.080956429981434 ] ] ] } },
{ "type": "Feature", "properties": { "fid": 592, "class_name": "structure", "class_id": null, "dist_to_line": null, "risk_level": null, "area_m2": 119.5675215434967, "perimeter_m": 44.200859559747897, "compactness": 0.76906254545739128, "dist_bin": 2 }, "geometry": { "type": "Polygon", "coordinates": [ [ [ 31.966597268887675, -0.08119189560895 ], [ 31.966650693915476, -0.081120662310014 ], [ 31.966741714333189, -0.081180023392469 ], [ 31.966698182829063, -0.081251256691301 ], [ 31.966597268887675, -0.08119189560895 ] ] ] } },
{ "type": "Feature", "properties": { "fid": 593, "class_name": "structure", "class_id": null, "dist_to_line": null, "risk_level": null, "area_m2": 85.663570851455006, "perimeter_m": 39.543050583458722, "compactness": 0.68843936801586858, "dist_bin": 2 }, "geometry": { "type": "Polygon", "coordinates": [ [ [ 31.966569567021413, -0.081247299285813 ], [ 31.966595290182937, -0.081195853014443 ], [ 31.966704118943266, -0.081257192799531 ], [ 31.96666850225807, -0.081304681665342 ], [ 31.966569567021413, -0.081247299285813 ] ] ] } },
{ "type": "Feature", "properties": { "fid": 594, "class_name": "structure", "class_id": null, "dist_to_line": null, "risk_level": null, "area_m2": 185.90559534361819, "perimeter_m": 56.347878879945704, "compactness": 0.73577864771709522, "dist_bin": 2 }, "geometry": { "type": "Polygon", "coordinates": [ [ [ 31.966571545726143, -0.081245320583069 ], [ 31.966482504013154, -0.081197831717189 ], [ 31.966581439249804, -0.081061301227472 ], [ 31.966650693915476, -0.081122641012764 ], [ 31.966571545726143, -0.081245320583069 ] ] ] } },
{ "type": "Feature", "properties": { "fid": 595, "class_name": "structure", "class_id": null, "dist_to_line": null, "risk_level": null, "area_m2": 104.0492776697065, "perimeter_m": 47.829365554137361, "compactness": 0.57155719136882865, "dist_bin": 2 }, "geometry": { "type": "Polygon", "coordinates": [ [ [ 31.966427100280622, -0.081085045660499 ], [ 31.966460738261084, -0.081112747499013 ], [ 31.966559673497741, -0.080984131820036 ], [ 31.966514163288885, -0.080944557764884 ], [ 31.966427100280622, -0.081085045660499 ] ] ] } },
{ "type": "Feature", "properties": { "fid": 596, "class_name": "structure", "class_id": null, "dist_to_line": null, "risk_level": null, "area_m2": 58.217528600369405, "perimeter_m": 30.776238204371584, "compactness": 0.77238273919326716, "dist_bin": 2 }, "geometry": { "type": "Polygon", "coordinates": [ [ [ 31.96630244188243, -0.081174087284228 ], [ 31.966349930796031, -0.081108790093513 ], [ 31.966397419709626, -0.081142428040258 ], [ 31.966357845614962, -0.081205746528173 ], [ 31.96630244188243, -0.081174087284228 ] ] ] } },
{ "type": "Feature", "properties": { "fid": 597, "class_name": "structure", "class_id": null, "dist_to_line": null, "risk_level": null, "area_m2": 25.879791681505594, "perimeter_m": 20.979776975365631, "compactness": 0.73887148434703953, "dist_bin": 2 }, "geometry": { "type": "Polygon", "coordinates": [ [ [ 31.966345973386556, -0.081106811390762 ], [ 31.966381590071762, -0.081130555823763 ], [ 31.966417206756958, -0.081094939174256 ], [ 31.966395441004895, -0.081069216038482 ], [ 31.966345973386556, -0.081106811390762 ] ] ] } },
{ "type": "Feature", "properties": { "fid": 598, "class_name": "structure", "class_id": null, "dist_to_line": null, "risk_level": null, "area_m2": 77.783995976365986, "perimeter_m": 35.445333314585639, "compactness": 0.77800427792394666, "dist_bin": 2 }, "geometry": { "type": "Polygon", "coordinates": [ [ [ 31.966355866910227, -0.081330404800966 ], [ 31.96641324934749, -0.08126312890776 ], [ 31.966470631784748, -0.081306660368083 ], [ 31.96642907898536, -0.08136997885574 ], [ 31.966355866910227, -0.081330404800966 ] ] ] } },
{ "type": "Feature", "properties": { "fid": 599, "class_name": "structure", "class_id": null, "dist_to_line": null, "risk_level": null, "area_m2": 98.555271152597925, "perimeter_m": 45.483167589722235, "compactness": 0.59867113043680231, "dist_bin": 2 }, "geometry": { "type": "Polygon", "coordinates": [ [ [ 31.966490418832077, -0.081472871397972 ], [ 31.966405334528559, -0.081417467721418 ], [ 31.966423142871157, -0.081375914963953 ], [ 31.966460738261084, -0.081401638099532 ], [ 31.966470631784748, -0.08136997885574 ], [ 31.96655571608828, -0.081411531613212 ], [ 31.966490418832077, -0.081472871397972 ] ] ] } },
{ "type": "Feature", "properties": { "fid": 600, "class_name": "structure", "class_id": null, "dist_to_line": null, "risk_level": null, "area_m2": 60.217493700673003, "perimeter_m": 35.878434885830686, "compactness": 0.58784869784728944, "dist_bin": 2 }, "geometry": { "type": "Polygon", "coordinates": [ [ [ 31.966433036394822, -0.081536189885369 ], [ 31.966407313233297, -0.081516402858068 ], [ 31.96642907898536, -0.081492658425294 ], [ 31.966403355823825, -0.081472871397972 ], [ 31.96641324934749, -0.081435276046033 ], [ 31.966500312355755, -0.081472871397972 ], [ 31.966433036394822, -0.081536189885369 ] ] ] } },
{ "type": "Feature", "properties": { "fid": 601, "class_name": "structure", "class_id": null, "dist_to_line": null, "risk_level": null, "area_m2": 78.145416558794295, "perimeter_m": 35.529768724099398, "compactness": 0.77790867301852118, "dist_bin": 2 }, "geometry": { "type": "Polygon", "coordinates": [ [ [ 31.966169868665308, -0.081664805562587 ], [ 31.966213400169433, -0.081603465778119 ], [ 31.966290569654038, -0.081639082427176 ], [ 31.966286612244566, -0.081658869454417 ], [ 31.96620350664578, -0.081698443508868 ], [ 31.966169868665308, -0.081664805562587 ] ] ] } },
{ "type": "Feature", "properties": { "fid": 602, "class_name": "structure", "class_id": null, "dist_to_line": null, "risk_level": null, "area_m2": 59.157264044682961, "perimeter_m": 30.901312494570007, "compactness": 0.77850981510433115, "dist_bin": 2 }, "geometry": { "type": "Polygon", "coordinates": [ [ [ 31.966112486228052, -0.0816173166972 ], [ 31.966161953846377, -0.081652933346246 ], [ 31.96621142146471, -0.081607423183571 ], [ 31.966159975141647, -0.08155597691266 ], [ 31.966112486228052, -0.0816173166972 ] ] ] } },
{ "type": "Feature", "properties": { "fid": 603, "class_name": "structure", "class_id": null, "dist_to_line": null, "risk_level": null, "area_m2": 83.71172810949065, "perimeter_m": 40.511386569281541, "compactness": 0.64097627611911068, "dist_bin": 2 }, "geometry": { "type": "Polygon", "coordinates": [ [ [ 31.966045210267119, -0.081536189885369 ], [ 31.966078848247587, -0.081577742642669 ], [ 31.966171847370045, -0.081476828803437 ], [ 31.96612831586592, -0.081447148262439 ], [ 31.966045210267119, -0.081536189885369 ] ] ] } },
{ "type": "Feature", "properties": { "fid": 604, "class_name": "structure", "class_id": null, "dist_to_line": null, "risk_level": null, "area_m2": 80.506868380653032, "perimeter_m": 39.775690404804699, "compactness": 0.63945110797234284, "dist_bin": 2 }, "geometry": { "type": "Polygon", "coordinates": [ [ [ 31.966057082495521, -0.081522338966259 ], [ 31.966017508400856, -0.081484743614367 ], [ 31.96611446493279, -0.081397680694059 ], [ 31.966146124208514, -0.081433297343299 ], [ 31.966057082495521, -0.081522338966259 ] ] ] } },
{ "type": "Feature", "properties": { "fid": 605, "class_name": "structure", "class_id": null, "dist_to_line": null, "risk_level": null, "area_m2": 49.253483537144348, "perimeter_m": 34.834162337846038, "compactness": 0.51007739011741327, "dist_bin": 2 }, "geometry": { "type": "Polygon", "coordinates": [ [ [ 31.965997721353531, -0.081466935289774 ], [ 31.966017508400856, -0.081488701019831 ], [ 31.966112486228052, -0.081403616802268 ], [ 31.96608478436179, -0.081381851072165 ], [ 31.96608478436179, -0.081381851072165 ], [ 31.965997721353531, -0.081466935289774 ] ] ] } },
{ "type": "Feature", "properties": { "fid": 606, "class_name": "structure", "class_id": null, "dist_to_line": null, "risk_level": null, "area_m2": 36.385911226054304, "perimeter_m": 40.442088871510222, "compactness": 0.27956059825853824, "dist_bin": 2 }, "geometry": { "type": "Polygon", "coordinates": [ [ [ 31.966086763066521, -0.081387787180376 ], [ 31.966118422342252, -0.081405595505004 ], [ 31.966193613122108, -0.081261150205017 ], [ 31.966086763066521, -0.081387787180376 ] ] ] } },
{ "type": "Feature", "properties": { "fid": 607, "class_name": "structure", "class_id": null, "dist_to_line": null, "risk_level": null, "area_m2": 71.181468239694368, "perimeter_m": 34.197395046618183, "compactness": 0.7648755088684831, "dist_bin": 2 }, "geometry": { "type": "Polygon", "coordinates": [ [ [ 31.965880977774273, -0.081585657453578 ], [ 31.965942317620993, -0.081645018535349 ], [ 31.965991785239328, -0.081599508372666 ], [ 31.965922530573661, -0.081538168588099 ], [ 31.965880977774273, -0.081585657453578 ] ] ] } },
{ "type": "Feature", "properties": { "fid": 608, "class_name": "structure", "class_id": null, "dist_to_line": null, "risk_level": null, "area_m2": 72.603155912758666, "perimeter_m": 34.191979131325738, "compactness": 0.78039932221023489, "dist_bin": 2 }, "geometry": { "type": "Polygon", "coordinates": [ [ [ 31.966025423219794, -0.081722187941521 ], [ 31.965962104668328, -0.08166678426531 ], [ 31.966017508400856, -0.081613359291749 ], [ 31.966070933428657, -0.081672720373479 ], [ 31.966025423219794, -0.081722187941521 ] ] ] } },
{ "type": "Feature", "properties": { "fid": 609, "class_name": "structure", "class_id": null, "dist_to_line": null, "risk_level": null, "area_m2": 61.03678506938013, "perimeter_m": 31.478475187348874, "compactness": 0.7740591350576923, "dist_bin": 2 }, "geometry": { "type": "Polygon", "coordinates": [ [ [ 31.966064997314458, -0.081767698104065 ], [ 31.966019487105594, -0.081722187941521 ], [ 31.966074890838112, -0.081674699076202 ], [ 31.966126337161182, -0.0817202092388 ], [ 31.966064997314458, -0.081767698104065 ] ] ] } },
{ "type": "Feature", "properties": { "fid": 610, "class_name": "structure", "class_id": null, "dist_to_line": null, "risk_level": null, "area_m2": 64.458546663605375, "perimeter_m": 32.350442409691972, "compactness": 0.77398033214311213, "dist_bin": 2 }, "geometry": { "type": "Polygon", "coordinates": [ [ [ 31.966130294570654, -0.081825080482852 ], [ 31.966068954723912, -0.081767698104065 ], [ 31.966120401046982, -0.081726145346961 ], [ 31.96617580477951, -0.081777591617655 ], [ 31.966130294570654, -0.081825080482852 ] ] ] } },
{ "type": "Feature", "properties": { "fid": 611, "class_name": "structure", "class_id": null, "dist_to_line": null, "risk_level": null, "area_m2": 217.49630910768064, "perimeter_m": 58.001181610295056, "compactness": 0.81243396808813551, "dist_bin": 2 }, "geometry": { "type": "Polygon", "coordinates": [ [ [ 31.966177783484241, -0.081538168588099 ], [ 31.966258910378304, -0.081462977884308 ], [ 31.966336079862899, -0.081516402858068 ], [ 31.966371696548102, -0.081557955615389 ], [ 31.966365760433902, -0.081599508372666 ], [ 31.966274740016175, -0.081621274102651 ], [ 31.966177783484241, -0.081538168588099 ] ] ] } },
{ "type": "Feature", "properties": { "fid": 612, "class_name": "structure", "class_id": null, "dist_to_line": null, "risk_level": null, "area_m2": 65.63922351220026, "perimeter_m": 34.909279860700806, "compactness": 0.67684857528526565, "dist_bin": 2 }, "geometry": { "type": "Polygon", "coordinates": [ [ [ 31.965896807412133, -0.082078354429619 ], [ 31.965817659222814, -0.082013057240371 ], [ 31.965849318498538, -0.081971504483522 ], [ 31.965932424097335, -0.08204669518636 ], [ 31.965896807412133, -0.082078354429619 ] ] ] } },
{ "type": "Feature", "properties": { "fid": 613, "class_name": "structure", "class_id": null, "dist_to_line": null, "risk_level": null, "area_m2": 91.47084602477662, "perimeter_m": 49.380683290276465, "compactness": 0.47138783419929325, "dist_bin": 2 }, "geometry": { "type": "Polygon", "coordinates": [ [ [ 31.965675192482024, -0.082303926537108 ], [ 31.965633639682622, -0.082264352483255 ], [ 31.965784021242346, -0.082157502537655 ], [ 31.965799850880213, -0.082177289564639 ], [ 31.965675192482024, -0.082303926537108 ] ] ] } },
{ "type": "Feature", "properties": { "fid": 614, "class_name": "structure", "class_id": null, "dist_to_line": null, "risk_level": null, "area_m2": 160.94139466091292, "perimeter_m": 54.865496595051873, "compactness": 0.67186032492993031, "dist_bin": 2 }, "geometry": { "type": "Polygon", "coordinates": [ [ [ 31.96560000170216, -0.082090226645834 ], [ 31.965708830462486, -0.082208948807794 ], [ 31.965776106423405, -0.08216541734845 ], [ 31.965653426729954, -0.082036801672837 ], [ 31.96560000170216, -0.082090226645834 ] ] ] } },
{ "type": "Feature", "properties": { "fid": 615, "class_name": "structure", "class_id": null, "dist_to_line": null, "risk_level": null, "area_m2": 72.675455155109375, "perimeter_m": 39.284012824809423, "compactness": 0.59178770239122203, "dist_bin": 2 }, "geometry": { "type": "Polygon", "coordinates": [ [ [ 31.965657384139416, -0.082038780375542 ], [ 31.965687064710423, -0.082003163726839 ], [ 31.965780063832874, -0.082106056267449 ], [ 31.965742468442951, -0.08212980069986 ], [ 31.965657384139416, -0.082038780375542 ] ] ] } },
{ "type": "Feature", "properties": { "fid": 616, "class_name": "structure", "class_id": null, "dist_to_line": null, "risk_level": null, "area_m2": 45.181209031998151, "perimeter_m": 28.267936148081134, "compactness": 0.71052523839705817, "dist_bin": 2 }, "geometry": { "type": "Polygon", "coordinates": [ [ [ 31.965586150769035, -0.082280182104801 ], [ 31.965528768331769, -0.082220821023971 ], [ 31.965560427607503, -0.082191140483522 ], [ 31.965619788749489, -0.082250501564397 ], [ 31.965586150769035, -0.082280182104801 ] ] ] } },
{ "type": "Feature", "properties": { "fid": 617, "class_name": "structure", "class_id": null, "dist_to_line": null, "risk_level": null, "area_m2": 99.95286423300422, "perimeter_m": 40.227382618166089, "compactness": 0.77617840441149966, "dist_bin": 2 }, "geometry": { "type": "Polygon", "coordinates": [ [ [ 31.965607916521098, -0.082226757132058 ], [ 31.965542619264902, -0.082173332159243 ], [ 31.965601980406898, -0.082106056267449 ], [ 31.965677171186748, -0.082173332159243 ], [ 31.965607916521098, -0.082226757132058 ] ] ] } },
{ "type": "Feature", "properties": { "fid": 618, "class_name": "structure", "class_id": null, "dist_to_line": null, "risk_level": null, "area_m2": 112.09757960478601, "perimeter_m": 44.783651456032608, "compactness": 0.70237184988511536, "dist_bin": 2 }, "geometry": { "type": "Polygon", "coordinates": [ [ [ 31.965417960866713, -0.082054609997177 ], [ 31.965499087760769, -0.08213969421336 ], [ 31.965568342426433, -0.082094184051238 ], [ 31.965455556256643, -0.082007121132252 ], [ 31.965417960866713, -0.082054609997177 ] ] ] } },
{ "type": "Feature", "properties": { "fid": 619, "class_name": "structure", "class_id": null, "dist_to_line": null, "risk_level": null, "area_m2": 40.024532504501622, "perimeter_m": 30.227368210396008, "compactness": 0.5504722864634628, "dist_bin": 2 }, "geometry": { "type": "Polygon", "coordinates": [ [ [ 31.965479300713437, -0.082028886862017 ], [ 31.965493151646569, -0.082003163726839 ], [ 31.9655544914933, -0.082038780375542 ], [ 31.965582193359566, -0.082070439618806 ], [ 31.965570321131164, -0.082088247943132 ], [ 31.965479300713437, -0.082028886862017 ] ] ] } },
{ "type": "Feature", "properties": { "fid": 620, "class_name": "structure", "class_id": null, "dist_to_line": null, "risk_level": null, "area_m2": 114.98914600451553, "perimeter_m": 46.144576023911583, "compactness": 0.67861802752622991, "dist_bin": 2 }, "geometry": { "type": "Polygon", "coordinates": [ [ [ 31.965647490615755, -0.081817165671989 ], [ 31.965693000824622, -0.081870590645279 ], [ 31.965687064710423, -0.081931930429339 ], [ 31.965546576674356, -0.081918079510366 ], [ 31.965647490615755, -0.081817165671989 ] ] ] } },
{ "type": "Feature", "properties": { "fid": 621, "class_name": "structure", "class_id": null, "dist_to_line": null, "risk_level": null, "area_m2": 375.47375391889182, "perimeter_m": 95.330427273171779, "compactness": 0.51919006047387461, "dist_bin": 2 }, "geometry": { "type": "Polygon", "coordinates": [ [ [ 31.96524779225965, -0.08255324307548 ], [ 31.965319025630052, -0.082606668047785 ], [ 31.965386301590971, -0.082537413454042 ], [ 31.965425875685643, -0.082563136588875 ], [ 31.965457534961374, -0.082535434751362 ], [ 31.965499087760769, -0.082480031076279 ], [ 31.965437747914041, -0.082456286644076 ], [ 31.965473364599237, -0.082430563509174 ], [ 31.965457534961374, -0.082422648698432 ], [ 31.965481279418167, -0.082387032050072 ], [ 31.965415982161968, -0.082345479293612 ], [ 31.96524779225965, -0.08255324307548 ] ] ] } },
{ "type": "Feature", "properties": { "fid": 622, "class_name": "structure", "class_id": null, "dist_to_line": null, "risk_level": null, "area_m2": 60.024700011017558, "perimeter_m": 35.389097359094094, "compactness": 0.60228339678716114, "dist_bin": 2 }, "geometry": { "type": "Polygon", "coordinates": [ [ [ 31.965156771841929, -0.08248794588701 ], [ 31.965249770964387, -0.08255324307548 ], [ 31.965275494125915, -0.082521583832599 ], [ 31.965176558889262, -0.082450350536024 ], [ 31.965156771841929, -0.08248794588701 ] ] ] } },
{ "type": "Feature", "properties": { "fid": 623, "class_name": "structure", "class_id": null, "dist_to_line": null, "risk_level": null, "area_m2": 58.169258943244131, "perimeter_m": 32.281242639862008, "compactness": 0.70145999327054198, "dist_bin": 2 }, "geometry": { "type": "Polygon", "coordinates": [ [ [ 31.965105325518866, -0.082367245023191 ], [ 31.965166665365601, -0.082426606103803 ], [ 31.965202282050793, -0.082396925563508 ], [ 31.965214154279195, -0.082394946860821 ], [ 31.965144899613524, -0.082331628374782 ], [ 31.965105325518866, -0.082367245023191 ] ] ] } },
{ "type": "Feature", "properties": { "fid": 624, "class_name": "structure", "class_id": null, "dist_to_line": null, "risk_level": null, "area_m2": 24.86768715503058, "perimeter_m": 19.966551884329959, "compactness": 0.78386110806797016, "dist_bin": 2 }, "geometry": { "type": "Polygon", "coordinates": [ [ [ 31.965156771841929, -0.082319756158638 ], [ 31.965188431117664, -0.082347457996301 ], [ 31.965220090393395, -0.082311841347874 ], [ 31.965184473708195, -0.082284139510186 ], [ 31.965156771841929, -0.082319756158638 ] ] ] } },
{ "type": "Feature", "properties": { "fid": 625, "class_name": "structure", "class_id": null, "dist_to_line": null, "risk_level": null, "area_m2": 43.759512562915916, "perimeter_m": 27.914729206016943, "compactness": 0.7056924991665523, "dist_bin": 2 }, "geometry": { "type": "Polygon", "coordinates": [ [ [ 31.96541202475251, -0.082575008804946 ], [ 31.965368493248384, -0.082547306967442 ], [ 31.965321004334783, -0.082610625453138 ], [ 31.965350684905779, -0.082632391182573 ], [ 31.96541202475251, -0.082575008804946 ] ] ] } },
{ "type": "Feature", "properties": { "fid": 626, "class_name": "agricultural_activity", "class_id": null, "dist_to_line": null, "risk_level": null, "area_m2": 507.95703616821265, "perimeter_m": 91.470852142357856, "compactness": 0.76290663952008808, "dist_bin": 2 }, "geometry": { "type": "Polygon", "coordinates": [ [ [ 31.96225796940783, -0.084850516819171 ], [ 31.962358883349225, -0.084992983403473 ], [ 31.96256466864148, -0.084850516819171 ], [ 31.962438031538557, -0.084723879854907 ], [ 31.96225796940783, -0.084850516819171 ] ] ] } },
{ "type": "Feature", "properties": { "fid": 627, "class_name": "agricultural_activity", "class_id": null, "dist_to_line": null, "risk_level": null, "area_m2": 353.42530874551449, "perimeter_m": 76.325588032192442, "compactness": 0.76237244745631683, "dist_bin": 2 }, "geometry": { "type": "Polygon", "coordinates": [ [ [ 31.962568626050949, -0.084848538116608 ], [ 31.962436052833819, -0.084723879854907 ], [ 31.962436052833819, -0.084723879854907 ], [ 31.962560711232012, -0.084632859536586 ], [ 31.962703177972802, -0.084747624285738 ], [ 31.962568626050949, -0.084848538116608 ] ] ] } },
{ "type": "Feature", "properties": { "fid": 628, "class_name": "agricultural_activity", "class_id": null, "dist_to_line": null, "risk_level": null, "area_m2": 294.36445426405407, "perimeter_m": 72.725307624360283, "compactness": 0.69939753295207641, "dist_bin": 2 }, "geometry": { "type": "Polygon", "coordinates": [ [ [ 31.962364819463424, -0.084989025998361 ], [ 31.962428138014889, -0.085072131505636 ], [ 31.962620072374005, -0.084965281567678 ], [ 31.96254092418468, -0.084874261249925 ], [ 31.962364819463424, -0.084989025998361 ] ] ] } },
{ "type": "Feature", "properties": { "fid": 629, "class_name": "agricultural_activity", "class_id": null, "dist_to_line": null, "risk_level": null, "area_m2": 356.75065552408341, "perimeter_m": 77.95366310647178, "compactness": 0.73773703867158524, "dist_bin": 2 }, "geometry": { "type": "Polygon", "coordinates": [ [ [ 31.962538945479949, -0.084868325142238 ], [ 31.962624029783466, -0.084965281567678 ], [ 31.962806070618928, -0.084848538116608 ], [ 31.962713071496463, -0.084741688178031 ], [ 31.962538945479949, -0.084868325142238 ] ] ] } },
{ "type": "Feature", "properties": { "fid": 630, "class_name": "agricultural_activity", "class_id": null, "dist_to_line": null, "risk_level": null, "area_m2": 476.63137488691427, "perimeter_m": 92.56617614479137, "compactness": 0.69901717033678146, "dist_bin": 2 }, "geometry": { "type": "Polygon", "coordinates": [ [ [ 31.962715050201201, -0.084739709475462 ], [ 31.96280211320946, -0.084848538116608 ], [ 31.963041536482166, -0.084700135424061 ], [ 31.962934686426582, -0.084595264187652 ], [ 31.962934686426582, -0.084595264187652 ], [ 31.962715050201201, -0.084739709475462 ] ] ] } },
{ "type": "Feature", "properties": { "fid": 631, "class_name": "agricultural_activity", "class_id": null, "dist_to_line": null, "risk_level": null, "area_m2": 457.59504865740018, "perimeter_m": 87.897638922771378, "compactness": 0.74428070768432175, "dist_bin": 2 }, "geometry": { "type": "Polygon", "coordinates": [ [ [ 31.961721740425141, -0.085455999798821 ], [ 31.961852334937532, -0.085582636760681 ], [ 31.962036354477725, -0.085450063691224 ], [ 31.961911696079532, -0.085345192456852 ], [ 31.961721740425141, -0.085455999798821 ] ] ] } },
{ "type": "Feature", "properties": { "fid": 632, "class_name": "agricultural_activity", "class_id": null, "dist_to_line": null, "risk_level": null, "area_m2": 557.64428058807971, "perimeter_m": 96.965163531116389, "compactness": 0.74530776822055878, "dist_bin": 2 }, "geometry": { "type": "Polygon", "coordinates": [ [ [ 31.961365573573179, -0.085479744229202 ], [ 31.961478359742969, -0.085610338596032 ], [ 31.961697995968347, -0.085465893311482 ], [ 31.96158520979855, -0.085333320241622 ], [ 31.961365573573179, -0.085479744229202 ] ] ] } },
{ "type": "Feature", "properties": { "fid": 633, "class_name": "agricultural_activity", "class_id": null, "dist_to_line": null, "risk_level": null, "area_m2": 619.69309618942498, "perimeter_m": 103.50751752768747, "compactness": 0.7268465547719567, "dist_bin": 2 }, "geometry": { "type": "Polygon", "coordinates": [ [ [ 31.961488253266623, -0.085612317298556 ], [ 31.961597082026952, -0.085748847772487 ], [ 31.961846398823333, -0.085578679355629 ], [ 31.961721740425141, -0.085455999798821 ], [ 31.961488253266623, -0.085612317298556 ] ] ] } },
{ "type": "Feature", "properties": { "fid": 634, "class_name": "disturbance", "class_id": null, "dist_to_line": null, "risk_level": null, "area_m2": 92.531034390354762, "perimeter_m": 41.583689695604143, "compactness": 0.67243643704300338, "dist_bin": 2 }, "geometry": { "type": "Polygon", "coordinates": [ [ [ 31.95593402908062, -0.093568679297588 ], [ 31.955878625348081, -0.093677507912623 ], [ 31.955926114261683, -0.093701252337677 ], [ 31.955997347632071, -0.093588466318529 ], [ 31.95593402908062, -0.093568679297588 ] ] ] } },
{ "type": "Feature", "properties": { "fid": 635, "class_name": "structure", "class_id": null, "dist_to_line": null, "risk_level": null, "area_m2": 131.39877357440128, "perimeter_m": 47.990593003557997, "compactness": 0.71695012191829621, "dist_bin": 2 }, "geometry": { "type": "Polygon", "coordinates": [ [ [ 31.945338065234484, -0.106740896552685 ], [ 31.945288597616159, -0.106598430058796 ], [ 31.945381596738624, -0.106580621747014 ], [ 31.945401383785956, -0.106673620708431 ], [ 31.945338065234484, -0.106740896552685 ] ] ] } },
{ "type": "Feature", "properties": { "fid": 636, "class_name": "structure", "class_id": null, "dist_to_line": null, "risk_level": null, "area_m2": 24.723100609142421, "perimeter_m": 23.359191034132294, "compactness": 0.56937343871276158, "dist_bin": 2 }, "geometry": { "type": "Polygon", "coordinates": [ [ [ 31.945092705847578, -0.106970425902562 ], [ 31.945094684552313, -0.107000106421817 ], [ 31.945152066989575, -0.106996149019252 ], [ 31.945177790151099, -0.106968447201277 ], [ 31.945092705847578, -0.106970425902562 ] ] ] } },
{ "type": "Feature", "properties": { "fid": 637, "class_name": "structure", "class_id": 0, "dist_to_line": null, "risk_level": null, "area_m2": null, "perimeter_m": null, "compactness": null, "dist_bin": 2 }, "geometry": { "type": "Polygon", "coordinates": [ ] } },
{ "type": "Feature", "properties": { "fid": 638, "class_name": "structure", "class_id": 0, "dist_to_line": null, "risk_level": null, "area_m2": null, "perimeter_m": null, "compactness": null, "dist_bin": 2 }, "geometry": { "type": "Polygon", "coordinates": [ ] } },
{ "type": "Feature", "properties": { "fid": 639, "class_name": "structure", "class_id": 0, "dist_to_line": null, "risk_level": null, "area_m2": null, "perimeter_m": null, "compactness": null, "dist_bin": 2 }, "geometry": { "type": "Polygon", "coordinates": [ ] } },
{ "type": "Feature", "properties": { "fid": 640, "class_name": "disturbance", "class_id": null, "dist_to_line": null, "risk_level": null, "area_m2": 721.16305727153667, "perimeter_m": 127.70727836855383, "compactness": 0.55566371242205481, "dist_bin": 2 }, "geometry": { "type": "Polygon", "coordinates": [ [ [ 31.944261649859644, -0.107510611348509 ], [ 31.944667284329952, -0.107583823294661 ], [ 31.944770176976071, -0.107455207713466 ], [ 31.944368499915239, -0.107385953169522 ], [ 31.944261649859644, -0.107510611348509 ] ] ] } },
{ "type": "Feature", "properties": { "fid": 641, "class_name": "disturbance", "class_id": null, "dist_to_line": null, "risk_level": null, "area_m2": 710.00635892114678, "perimeter_m": 128.43373130801803, "compactness": 0.54089616503481786, "dist_bin": 2 }, "geometry": { "type": "Polygon", "coordinates": [ [ [ 31.944368499915239, -0.107381995767006 ], [ 31.944772155680809, -0.107455207713466 ], [ 31.944776113090267, -0.107459165115973 ], [ 31.944880984441131, -0.107328570832991 ], [ 31.944471392561365, -0.107263273691292 ], [ 31.944368499915239, -0.107381995767006 ] ] ] } },
{ "type": "Feature", "properties": { "fid": 642, "class_name": "disturbance", "class_id": null, "dist_to_line": null, "risk_level": null, "area_m2": 689.18694479596161, "perimeter_m": 126.38936537725951, "compactness": 0.54215796150970952, "dist_bin": 2 }, "geometry": { "type": "Polygon", "coordinates": [ [ [ 31.944469413856634, -0.10725931628876 ], [ 31.944880984441131, -0.107328570832991 ], [ 31.944973983563589, -0.107213806159608 ], [ 31.944973983563589, -0.107213806159608 ], [ 31.944570327798026, -0.107134658108748 ], [ 31.944469413856634, -0.10725931628876 ] ] ] } },
{ "type": "Feature", "properties": { "fid": 643, "class_name": "disturbance", "class_id": null, "dist_to_line": null, "risk_level": null, "area_m2": 675.04223107641155, "perimeter_m": 123.64208476147189, "compactness": 0.55489162371363954, "dist_bin": 2 }, "geometry": { "type": "Polygon", "coordinates": [ [ [ 31.944574285207494, -0.1071307007062 ], [ 31.944970026154127, -0.107215784860877 ], [ 31.945065003981316, -0.107095084083242 ], [ 31.944671241739421, -0.107013957330794 ], [ 31.944574285207494, -0.1071307007062 ] ] ] } },
{ "type": "Feature", "properties": { "fid": 644, "class_name": "disturbance", "class_id": null, "dist_to_line": null, "risk_level": null, "area_m2": 798.94696008561095, "perimeter_m": 146.92724276734955, "compactness": 0.46507517187151709, "dist_bin": 2 }, "geometry": { "type": "Polygon", "coordinates": [ [ [ 31.944675199148882, -0.107011978629512 ], [ 31.945063025276585, -0.107097062784518 ], [ 31.945144152170645, -0.106996149019252 ], [ 31.945092705847586, -0.1070020851231 ], [ 31.945088748438117, -0.106970425902562 ], [ 31.945167896627446, -0.106966468499993 ], [ 31.945197577198446, -0.106940745383278 ], [ 31.944780070499743, -0.106877426942043 ], [ 31.944675199148882, -0.107011978629512 ] ] ] } },
{ "type": "Feature", "properties": { "fid": 645, "class_name": "disturbance", "class_id": null, "dist_to_line": null, "risk_level": null, "area_m2": 655.71673029625208, "perimeter_m": 140.79193813486089, "compactness": 0.41569093483179309, "dist_bin": 2 }, "geometry": { "type": "Polygon", "coordinates": [ [ [ 31.944780070499743, -0.106877426942043 ], [ 31.945199555903177, -0.106936787980705 ], [ 31.945280682797229, -0.106833895513618 ], [ 31.945053131752921, -0.106829938111031 ], [ 31.944995749315652, -0.106782449279945 ], [ 31.944993770610921, -0.106723088240985 ], [ 31.944962111335197, -0.106661748500606 ], [ 31.944780070499743, -0.106877426942043 ] ] ] } },
{ "type": "Feature", "properties": { "fid": 646, "class_name": "structure", "class_id": null, "dist_to_line": null, "risk_level": null, "area_m2": 306.14699097133962, "perimeter_m": 113.85836285933976, "compactness": 0.29676316173921319, "dist_bin": 2 }, "geometry": { "type": "Polygon", "coordinates": [ [ [ 31.877082645463773, -0.123211601531881 ], [ 31.877078688054311, -0.1231561979274 ], [ 31.877539726257133, -0.123146304426587 ], [ 31.877535768847665, -0.12319972933093 ], [ 31.877082645463773, -0.123211601531881 ] ] ] } },
{ "type": "Feature", "properties": { "fid": 647, "class_name": "structure", "class_id": null, "dist_to_line": null, "risk_level": null, "area_m2": 71.084894146647457, "perimeter_m": 46.163151875211298, "compactness": 0.4191758736941843, "dist_bin": 2 }, "geometry": { "type": "Polygon", "coordinates": [ [ [ 31.878184784000148, -0.123183899729655 ], [ 31.878180826590679, -0.123144325726425 ], [ 31.878352973902469, -0.123160155327724 ], [ 31.878358910016672, -0.123187857129975 ], [ 31.878184784000148, -0.123183899729655 ] ] ] } },
{ "type": "Feature", "properties": { "fid": 648, "class_name": "agricultural_activity", "class_id": null, "dist_to_line": null, "risk_level": null, "area_m2": 954.41714031824904, "perimeter_m": 155.34108688114785, "compactness": 0.49702177415950005, "dist_bin": 2 }, "geometry": { "type": "Polygon", "coordinates": [ [ [ 31.865548775574112, -0.123316472640048 ], [ 31.865540860755182, -0.123451024249921 ], [ 31.866102812899392, -0.123451024249921 ], [ 31.866106770308868, -0.123308557839446 ], [ 31.865548775574112, -0.123316472640048 ] ] ] } },
{ "type": "Feature", "properties": { "fid": 649, "class_name": "agricultural_activity", "class_id": null, "dist_to_line": null, "risk_level": null, "area_m2": 1366.4684898214473, "perimeter_m": 152.23904876744766, "compactness": 0.74089619114701666, "dist_bin": 2 }, "geometry": { "type": "Polygon", "coordinates": [ [ [ 31.865145119808545, -0.124005060283393 ], [ 31.865394436604927, -0.124064421286293 ], [ 31.865346947691318, -0.124487863103109 ], [ 31.865081801257077, -0.124416629900755 ], [ 31.865145119808545, -0.124005060283393 ] ] ] } },
{ "type": "Feature", "properties": { "fid": 650, "class_name": "agricultural_activity", "class_id": null, "dist_to_line": null, "risk_level": null, "area_m2": 1044.5370528319327, "perimeter_m": 144.57149387152347, "compactness": 0.62801262866339069, "dist_bin": 2 }, "geometry": { "type": "Polygon", "coordinates": [ [ [ 31.862351188725309, -0.138726584763725 ], [ 31.862529272151303, -0.138880923280012 ], [ 31.862442209143044, -0.139268748265207 ], [ 31.862272040535988, -0.139213344696283 ], [ 31.862351188725309, -0.138726584763725 ] ] ] } },
{ "type": "Feature", "properties": { "fid": 651, "class_name": "agricultural_activity", "class_id": null, "dist_to_line": null, "risk_level": null, "area_m2": 584.10024835574586, "perimeter_m": 99.666769172060526, "compactness": 0.73891842247585204, "dist_bin": 2 }, "geometry": { "type": "Polygon", "coordinates": [ [ [ 31.862272040535988, -0.139217302094068 ], [ 31.862434294324107, -0.139276663060756 ], [ 31.86240263504838, -0.139498277335072 ], [ 31.862208721984526, -0.139518064323749 ], [ 31.862272040535988, -0.139217302094068 ] ] ] } },
{ "type": "Feature", "properties": { "fid": 652, "class_name": "disturbance", "class_id": null, "dist_to_line": null, "risk_level": null, "area_m2": 271.71227341092617, "perimeter_m": 76.932008490242936, "compactness": 0.57690589736198716, "dist_bin": 2 }, "geometry": { "type": "Polygon", "coordinates": [ [ [ 31.859517683547402, -0.154287067867214 ], [ 31.859588916917804, -0.154314769633024 ], [ 31.859592874327273, -0.154477022832041 ], [ 31.859458322405416, -0.154572000313818 ], [ 31.859517683547402, -0.154287067867214 ] ] ] } },
{ "type": "Feature", "properties": { "fid": 653, "class_name": "structure", "class_id": null, "dist_to_line": null, "risk_level": null, "area_m2": 104.67520518753736, "perimeter_m": 42.158291853516353, "compactness": 0.74009534528738097, "dist_bin": 2 }, "geometry": { "type": "Polygon", "coordinates": [ [ [ 31.85867475533108, -0.158794540424795 ], [ 31.858742031292, -0.15881037000186 ], [ 31.858738073882535, -0.158909304858238 ], [ 31.858654968283741, -0.158921177040972 ], [ 31.85867475533108, -0.158794540424795 ] ] ] } },
{ "type": "Feature", "properties": { "fid": 654, "class_name": "agricultural_activity", "class_id": null, "dist_to_line": null, "risk_level": null, "area_m2": 325.39919949071191, "perimeter_m": 103.64728719315343, "compactness": 0.38063652954877186, "dist_bin": 2 }, "geometry": { "type": "Polygon", "coordinates": [ [ [ 31.859149644467031, -0.158185101698608 ], [ 31.859015092545178, -0.158212803459278 ], [ 31.859078411096633, -0.158592713316161 ], [ 31.859149644467031, -0.158185101698608 ] ] ] } },
{ "type": "Feature", "properties": { "fid": 655, "class_name": "agricultural_activity", "class_id": null, "dist_to_line": null, "risk_level": null, "area_m2": 686.94318105447746, "perimeter_m": 105.62427294395219, "compactness": 0.77375454989581993, "dist_bin": 2 }, "geometry": { "type": "Polygon", "coordinates": [ [ [ 31.859011135135709, -0.158212803459278 ], [ 31.858967603631573, -0.157896211906561 ], [ 31.8591179851913, -0.157864552751024 ], [ 31.859189218561696, -0.157979317189616 ], [ 31.859141729648101, -0.158185101698608 ], [ 31.859011135135709, -0.158212803459278 ] ] ] } },
{ "type": "Feature", "properties": { "fid": 656, "class_name": "agricultural_activity", "class_id": null, "dist_to_line": null, "risk_level": null, "area_m2": 680.8700883378624, "perimeter_m": 112.56211308349043, "compactness": 0.67528895227300223, "dist_bin": 2 }, "geometry": { "type": "Polygon", "coordinates": [ [ [ 31.855176405362837, -0.168854234153899 ], [ 31.855366361017225, -0.168874021115294 ], [ 31.855212022048033, -0.169143123788261 ], [ 31.855014151574711, -0.169123336827141 ], [ 31.855176405362837, -0.168854234153899 ] ] ] } },
{ "type": "Feature", "properties": { "fid": 657, "class_name": "agricultural_activity", "class_id": null, "dist_to_line": null, "risk_level": null, "area_m2": 661.20732834888622, "perimeter_m": 111.98586428360312, "compactness": 0.66255374035783576, "dist_bin": 2 }, "geometry": { "type": "Polygon", "coordinates": [ [ [ 31.855018108984179, -0.169119379434914 ], [ 31.855204107229103, -0.169147081180483 ], [ 31.855045810850449, -0.169396396888822 ], [ 31.8548400255582, -0.169384524712307 ], [ 31.855018108984179, -0.169119379434914 ] ] ] } },
{ "type": "Feature", "properties": { "fid": 658, "class_name": "agricultural_activity", "class_id": null, "dist_to_line": null, "risk_level": null, "area_m2": 1000.8712789021665, "perimeter_m": 146.08552034090155, "compactness": 0.58935062345013689, "dist_bin": 2 }, "geometry": { "type": "Polygon", "coordinates": [ [ [ 31.8548400255582, -0.16938848210448 ], [ 31.855045810850449, -0.169392439496652 ], [ 31.854820238510868, -0.169772349141363 ], [ 31.854602580990214, -0.169772349141363 ], [ 31.8548400255582, -0.16938848210448 ] ] ] } },
{ "type": "Feature", "properties": { "fid": 659, "class_name": "agricultural_activity", "class_id": null, "dist_to_line": null, "risk_level": null, "area_m2": 1206.7515061704908, "perimeter_m": 168.16993415027699, "compactness": 0.5362051801858968, "dist_bin": 2 }, "geometry": { "type": "Polygon", "coordinates": [ [ [ 31.85461445321862, -0.169776306533456 ], [ 31.854808366282469, -0.169776306533456 ], [ 31.8544878161157, -0.170298682282636 ], [ 31.854325562327571, -0.17021953444276 ], [ 31.85461445321862, -0.169776306533456 ] ] ] } },
{ "type": "Feature", "properties": { "fid": 660, "class_name": "agricultural_activity", "class_id": null, "dist_to_line": null, "risk_level": null, "area_m2": 453.39835851057433, "perimeter_m": 91.465095236354941, "compactness": 0.68105004452285278, "dist_bin": 2 }, "geometry": { "type": "Polygon", "coordinates": [ [ [ 31.843953192116302, -0.189761125868918 ], [ 31.843842384651243, -0.189701765052388 ], [ 31.843715747548323, -0.189951080480443 ], [ 31.843834469832313, -0.190018356071524 ], [ 31.843953192116302, -0.189761125868918 ] ] ] } },
{ "type": "Feature", "properties": { "fid": 661, "class_name": "agricultural_activity", "class_id": null, "dist_to_line": null, "risk_level": null, "area_m2": 501.20559470984153, "perimeter_m": 98.206697371558903, "compactness": 0.65304568124302187, "dist_bin": 2 }, "geometry": { "type": "Polygon", "coordinates": [ [ [ 31.843715747548323, -0.189958995255878 ], [ 31.843826555013383, -0.190014398683821 ], [ 31.843703875319921, -0.190307245371423 ], [ 31.843585153035932, -0.190236012393815 ], [ 31.843715747548323, -0.189958995255878 ] ] ] } },
{ "type": "Feature", "properties": { "fid": 662, "class_name": "agricultural_activity", "class_id": null, "dist_to_line": null, "risk_level": null, "area_m2": 909.78455465551815, "perimeter_m": 149.39836213726321, "compactness": 0.51222025849284814, "dist_bin": 2 }, "geometry": { "type": "Polygon", "coordinates": [ [ [ 31.8435891104454, -0.190239969781468 ], [ 31.84369991791046, -0.190307245371423 ], [ 31.843466430751942, -0.19080983359396 ], [ 31.843359580696347, -0.190683197192813 ], [ 31.8435891104454, -0.190239969781468 ] ] ] } },
{ "type": "Feature", "properties": { "fid": 663, "class_name": "agricultural_activity", "class_id": null, "dist_to_line": null, "risk_level": null, "area_m2": 678.36172840761719, "perimeter_m": 121.0430439097769, "compactness": 0.58182386244841455, "dist_bin": 2 }, "geometry": { "type": "Polygon", "coordinates": [ [ [ 31.83883626167632, -0.200089904787965 ], [ 31.83894706914138, -0.200133436026589 ], [ 31.839144939614695, -0.199761441801893 ], [ 31.838994558054974, -0.199725825333129 ], [ 31.83883626167632, -0.200089904787965 ] ] ] } },
{ "type": "Feature", "properties": { "fid": 664, "class_name": "disturbance", "class_id": null, "dist_to_line": null, "risk_level": null, "area_m2": 88.963917958564707, "perimeter_m": 39.124072460748039, "compactness": 0.73035777313884687, "dist_bin": 2 }, "geometry": { "type": "Polygon", "coordinates": [ [ [ 31.839018302511775, -0.199658549780808 ], [ 31.839137024795765, -0.19967833670799 ], [ 31.839117237748432, -0.199591274228213 ], [ 31.839061834015901, -0.199583359457301 ], [ 31.839018302511775, -0.199658549780808 ] ] ] } },
{ "type": "Feature", "properties": { "fid": 665, "class_name": "agricultural_activity", "class_id": null, "dist_to_line": null, "risk_level": null, "area_m2": 403.47001171574811, "perimeter_m": 81.371806287328127, "compactness": 0.76572567937650104, "dist_bin": 2 }, "geometry": { "type": "Polygon", "coordinates": [ [ [ 31.838915409865649, -0.200335262676885 ], [ 31.83884417649525, -0.200509387628084 ], [ 31.839018302511775, -0.200541046709921 ], [ 31.83908953588217, -0.20036296437379 ], [ 31.838915409865649, -0.200335262676885 ] ] ] } },
{ "type": "Feature", "properties": { "fid": 666, "class_name": "agricultural_activity", "class_id": null, "dist_to_line": null, "risk_level": null, "area_m2": 489.06035730798612, "perimeter_m": 89.163778446964756, "compactness": 0.77302830585423954, "dist_bin": 2 }, "geometry": { "type": "Polygon", "coordinates": [ [ [ 31.838535498556876, -0.201158398793497 ], [ 31.838460307777005, -0.201364182816169 ], [ 31.838626518974603, -0.201423543591458 ], [ 31.838705667163925, -0.201205887414344 ], [ 31.838535498556876, -0.201158398793497 ] ] ] } },
{ "type": "Feature", "properties": { "fid": 667, "class_name": "agricultural_activity", "class_id": null, "dist_to_line": null, "risk_level": null, "area_m2": 1042.7903406111291, "perimeter_m": 132.67548385950772, "compactness": 0.74443280564449521, "dist_bin": 2 }, "geometry": { "type": "Polygon", "coordinates": [ [ [ 31.821297022921481, -0.238405262003208 ], [ 31.821613615678796, -0.238591258636726 ], [ 31.821514680442135, -0.238789127393027 ], [ 31.821190172865897, -0.238622917637925 ], [ 31.821297022921481, -0.238405262003208 ] ] ] } },
{ "type": "Feature", "properties": { "fid": 668, "class_name": "agricultural_activity", "class_id": null, "dist_to_line": null, "risk_level": null, "area_m2": 899.85122259828495, "perimeter_m": 124.69586314372529, "compactness": 0.72723786570067983, "dist_bin": 2 }, "geometry": { "type": "Polygon", "coordinates": [ [ [ 31.821194130275366, -0.23862687501307 ], [ 31.821506765623205, -0.238785170017929 ], [ 31.821435532252817, -0.238971166646309 ], [ 31.821107067267103, -0.238820786393771 ], [ 31.821194130275366, -0.23862687501307 ] ] ] } },
{ "type": "Feature", "properties": { "fid": 669, "class_name": "agricultural_activity", "class_id": null, "dist_to_line": null, "risk_level": null, "area_m2": 880.47776530944975, "perimeter_m": 123.93884116971248, "compactness": 0.72029996701497834, "dist_bin": 2 }, "geometry": { "type": "Polygon", "coordinates": [ [ [ 31.821107067267103, -0.238816829018682 ], [ 31.821431574843348, -0.238971166646309 ], [ 31.821356384063485, -0.239149248522186 ], [ 31.821027919077782, -0.239006783021669 ], [ 31.821107067267103, -0.238816829018682 ] ] ] } },
{ "type": "Feature", "properties": { "fid": 670, "class_name": "agricultural_activity", "class_id": null, "dist_to_line": null, "risk_level": null, "area_m2": 943.70637786536827, "perimeter_m": 126.65272363868146, "compactness": 0.73929486028631919, "dist_bin": 2 }, "geometry": { "type": "Polygon", "coordinates": [ [ [ 31.821023961668313, -0.239006783021669 ], [ 31.821340554425621, -0.239145291147191 ], [ 31.821257448826824, -0.239339202520574 ], [ 31.820928983841124, -0.23921256652194 ], [ 31.820925026431656, -0.239212566521941 ], [ 31.821023961668313, -0.239006783021669 ] ] ] } },
{ "type": "Feature", "properties": { "fid": 671, "class_name": "agricultural_activity", "class_id": null, "dist_to_line": null, "risk_level": null, "area_m2": 439.32304443389876, "perimeter_m": 87.508247152766486, "compactness": 0.72093461637419431, "dist_bin": 2 }, "geometry": { "type": "Polygon", "coordinates": [ [ [ 31.819785292505347, -0.241713627277791 ], [ 31.820046481530124, -0.241753201020239 ], [ 31.820074183396386, -0.241618650295445 ], [ 31.819848611056798, -0.241571161804023 ], [ 31.819785292505347, -0.241713627277791 ] ] ] } },
{ "type": "Feature", "properties": { "fid": 672, "class_name": "agricultural_activity", "class_id": null, "dist_to_line": null, "risk_level": null, "area_m2": 389.58835093669768, "perimeter_m": 83.015634634536369, "compactness": 0.71038869566430363, "dist_bin": 2 }, "geometry": { "type": "Polygon", "coordinates": [ [ [ 31.81983673882841, -0.241571161804023 ], [ 31.820078140805855, -0.241618650295445 ], [ 31.820121672309988, -0.241495971692266 ], [ 31.819896099970407, -0.241444525826088 ], [ 31.81983673882841, -0.241571161804023 ] ] ] } },
{ "type": "Feature", "properties": { "fid": 673, "class_name": "agricultural_activity", "class_id": null, "dist_to_line": null, "risk_level": null, "area_m2": 320.09477966939448, "perimeter_m": 76.363398131469012, "compactness": 0.68979169844520827, "dist_bin": 2 }, "geometry": { "type": "Polygon", "coordinates": [ [ [ 31.819892142560938, -0.241444525826088 ], [ 31.820109800081582, -0.24149992906658 ], [ 31.820165203814121, -0.241397037334058 ], [ 31.819947546293463, -0.241337676718787 ], [ 31.819892142560938, -0.241444525826088 ] ] ] } },
{ "type": "Feature", "properties": { "fid": 674, "class_name": "agricultural_activity", "class_id": null, "dist_to_line": null, "risk_level": null, "area_m2": 443.46766525343992, "perimeter_m": 84.634498158552731, "compactness": 0.77799530592478938, "dist_bin": 2 }, "geometry": { "type": "Polygon", "coordinates": [ [ [ 31.819947546293463, -0.241329761970065 ], [ 31.820129587128918, -0.241385165211024 ], [ 31.820212692727708, -0.241222912861862 ], [ 31.820034609301729, -0.241151680122595 ], [ 31.819947546293463, -0.241329761970065 ] ] ] } },
{ "type": "Feature", "properties": { "fid": 675, "class_name": "agricultural_activity", "class_id": null, "dist_to_line": null, "risk_level": null, "area_m2": 699.46402296825545, "perimeter_m": 116.07706337864889, "compactness": 0.65235263453513781, "dist_bin": 2 }, "geometry": { "type": "Polygon", "coordinates": [ [ [ 31.808702567294851, -0.263174450380826 ], [ 31.808959798910166, -0.263443551382857 ], [ 31.809086436013086, -0.263344617191609 ], [ 31.808833161807243, -0.263091345658438 ], [ 31.808833161807243, -0.263091345658438 ], [ 31.808702567294851, -0.263174450380826 ] ] ] } },
{ "type": "Feature", "properties": { "fid": 676, "class_name": "agricultural_activity", "class_id": null, "dist_to_line": null, "risk_level": null, "area_m2": 705.15069567633327, "perimeter_m": 114.09934332459029, "compactness": 0.68065260792709437, "dist_bin": 2 }, "geometry": { "type": "Polygon", "coordinates": [ [ [ 31.808837119216705, -0.263091345658438 ], [ 31.809082478603624, -0.263332745088607 ], [ 31.809217030525478, -0.26323776826418 ], [ 31.808971671138558, -0.262988454096618 ], [ 31.808837119216705, -0.263091345658438 ] ] ] } },
{ "type": "Feature", "properties": { "fid": 677, "class_name": "agricultural_activity", "class_id": null, "dist_to_line": null, "risk_level": null, "area_m2": 588.04328786645783, "perimeter_m": 108.65412387707512, "compactness": 0.6259313914528597, "dist_bin": 2 }, "geometry": { "type": "Polygon", "coordinates": [ [ [ 31.808975628548026, -0.262984496728839 ], [ 31.809220987934939, -0.26323776826418 ], [ 31.809335752809467, -0.263158620909938 ], [ 31.809090393422554, -0.262909306740795 ], [ 31.808975628548026, -0.262984496728839 ] ] ] } },
{ "type": "Feature", "properties": { "fid": 678, "class_name": "agricultural_activity", "class_id": null, "dist_to_line": null, "risk_level": null, "area_m2": 664.66915702156257, "perimeter_m": 112.29412083481006, "compactness": 0.66237106394345446, "dist_bin": 2 }, "geometry": { "type": "Polygon", "coordinates": [ [ [ 31.809102265650949, -0.2629172214764 ], [ 31.809331795400006, -0.263150706174486 ], [ 31.809474262140789, -0.26305968671643 ], [ 31.809201200887614, -0.262810372545311 ], [ 31.809102265650949, -0.2629172214764 ] ] ] } },
{ "type": "Feature", "properties": { "fid": 679, "class_name": "agricultural_activity", "class_id": null, "dist_to_line": null, "risk_level": null, "area_m2": 762.98151669645449, "perimeter_m": 119.05721559358484, "compactness": 0.67641376735890646, "dist_bin": 2 }, "geometry": { "type": "Polygon", "coordinates": [ [ [ 31.808710482113785, -0.263174450380827 ], [ 31.808951884091233, -0.263439594015222 ], [ 31.808821289578844, -0.263554357676122 ], [ 31.808575930191925, -0.263269427205736 ], [ 31.808710482113785, -0.263174450380827 ] ] ] } },
{ "type": "Feature", "properties": { "fid": 680, "class_name": "agricultural_activity", "class_id": null, "dist_to_line": null, "risk_level": null, "area_m2": 1057.5332266369369, "perimeter_m": 133.89084321914072, "compactness": 0.74131388054565595, "dist_bin": 2 }, "geometry": { "type": "Polygon", "coordinates": [ [ [ 31.808587802420327, -0.263269427205736 ], [ 31.808821289578844, -0.263550400308522 ], [ 31.808639248743383, -0.263680993438646 ], [ 31.808385974537547, -0.263407935074098 ], [ 31.808587802420327, -0.263269427205736 ] ] ] } },
{ "type": "Feature", "properties": { "fid": 681, "class_name": "agricultural_activity", "class_id": null, "dist_to_line": null, "risk_level": null, "area_m2": 2190.0533997809398, "perimeter_m": 194.11568317245818, "compactness": 0.73037066037157838, "dist_bin": 2 }, "geometry": { "type": "Polygon", "coordinates": [ [ [ 31.807040455318983, -0.264401234313488 ], [ 31.806850499664606, -0.264781141571306 ], [ 31.80701671086219, -0.264868203649583 ], [ 31.807499514817081, -0.264519955332806 ], [ 31.80730164434376, -0.264381447476824 ], [ 31.80718292205977, -0.26431812959929 ], [ 31.807040455318983, -0.264401234313488 ] ] ] } },
{ "type": "Feature", "properties": { "fid": 682, "class_name": "disturbance", "class_id": null, "dist_to_line": null, "risk_level": null, "area_m2": 576.47448900161544, "perimeter_m": 109.34535713504447, "compactness": 0.6058836907756816, "dist_bin": 2 }, "geometry": { "type": "Polygon", "coordinates": [ [ [ 31.772080700093316, -0.290191369543532 ], [ 31.771946148171462, -0.290068691422905 ], [ 31.772033211179721, -0.289961842736115 ], [ 31.772144018644781, -0.290001416323933 ], [ 31.772219209424637, -0.289969757453689 ], [ 31.772349803937029, -0.289997458965157 ], [ 31.772080700093316, -0.290191369543532 ] ] ] } },
{ "type": "Feature", "properties": { "fid": 683, "class_name": "structure", "class_id": null, "dist_to_line": null, "risk_level": null, "area_m2": 24.867145895292197, "perimeter_m": 21.007826197514568, "compactness": 0.70806572938422407, "dist_bin": 2 }, "geometry": { "type": "Polygon", "coordinates": [ [ [ 31.770788605902549, -0.291137178235264 ], [ 31.770788605902549, -0.291077817859453 ], [ 31.770828179997213, -0.291071881821854 ], [ 31.770836094816147, -0.291101562009815 ], [ 31.770788605902549, -0.291137178235264 ] ] ] } },
{ "type": "Feature", "properties": { "fid": 684, "class_name": "structure", "class_id": null, "dist_to_line": null, "risk_level": null, "area_m2": 128.67263718222966, "perimeter_m": 45.973232141810257, "compactness": 0.76504325471254109, "dist_bin": 2 }, "geometry": { "type": "Polygon", "coordinates": [ [ [ 31.747764397627371, -0.30728120996356 ], [ 31.747831673588305, -0.307376186424433 ], [ 31.747918736596571, -0.307312868783945 ], [ 31.747855418045106, -0.307245593790515 ], [ 31.747764397627371, -0.30728120996356 ] ] ] } },
{ "type": "Feature", "properties": { "fid": 685, "class_name": "structure", "class_id": null, "dist_to_line": null, "risk_level": null, "area_m2": 49.63776466075069, "perimeter_m": 28.740620876863233, "compactness": 0.75514402071270648, "dist_bin": 2 }, "geometry": { "type": "Polygon", "coordinates": [ [ [ 31.747127254703301, -0.307882727534818 ], [ 31.747111425065434, -0.307827324602041 ], [ 31.74717870102636, -0.307807537840265 ], [ 31.74717870102636, -0.307807537840265 ], [ 31.747202445483154, -0.307851068716124 ], [ 31.747127254703301, -0.307882727534818 ] ] ] } },
{ "type": "Feature", "properties": { "fid": 686, "class_name": "structure", "class_id": null, "dist_to_line": null, "risk_level": null, "area_m2": 159.03350966237485, "perimeter_m": 53.243118251003153, "compactness": 0.7049714711431615, "dist_bin": 2 }, "geometry": { "type": "Polygon", "coordinates": [ [ [ 31.738286401955488, -0.310894272231975 ], [ 31.738242870451362, -0.310826997261229 ], [ 31.73837346496375, -0.31073597818248 ], [ 31.738416996467876, -0.310807210505046 ], [ 31.738286401955488, -0.310894272231975 ] ] ] } },
{ "type": "Feature", "properties": { "fid": 687, "class_name": "structure", "class_id": null, "dist_to_line": null, "risk_level": null, "area_m2": 106.40788835368585, "perimeter_m": 44.548005686796685, "compactness": 0.67379402573039204, "dist_bin": 2 }, "geometry": { "type": "Polygon", "coordinates": [ [ [ 31.73929158395994, -0.310209650450859 ], [ 31.73931532841674, -0.310269010722653 ], [ 31.739445922929125, -0.310233394559617 ], [ 31.7394261358818, -0.310174034287623 ], [ 31.73929158395994, -0.310209650450859 ] ] ] } },
{ "type": "Feature", "properties": { "fid": 688, "class_name": "structure", "class_id": null, "dist_to_line": null, "risk_level": null, "area_m2": 153.9251429012802, "perimeter_m": 50.70865820712433, "compactness": 0.75223786702333084, "dist_bin": 2 }, "geometry": { "type": "Polygon", "coordinates": [ [ [ 31.736410589868445, -0.311175244163985 ], [ 31.736418504687379, -0.311258348536808 ], [ 31.736560971428169, -0.311258348536808 ], [ 31.736533269561903, -0.311155457408454 ], [ 31.736410589868445, -0.311175244163985 ] ] ] } },
{ "type": "Feature", "properties": { "fid": 689, "class_name": "disturbance", "class_id": null, "dist_to_line": null, "risk_level": null, "area_m2": 585.86955615464831, "perimeter_m": 108.20285056001028, "compactness": 0.62883019979574728, "dist_bin": 2 }, "geometry": { "type": "Polygon", "coordinates": [ [ [ 31.726044155771365, -0.313035199017819 ], [ 31.725945220534701, -0.313146004828506 ], [ 31.726255877177813, -0.31336168042095 ], [ 31.726285557748817, -0.313221194485091 ], [ 31.726044155771365, -0.313035199017819 ] ] ] } },
{ "type": "Feature", "properties": { "fid": 690, "class_name": "disturbance", "class_id": null, "dist_to_line": null, "risk_level": null, "area_m2": 550.78590283872381, "perimeter_m": 118.8156453977694, "compactness": 0.49028139974203594, "dist_bin": 2 }, "geometry": { "type": "Polygon", "coordinates": [ [ [ 31.72605404929503, -0.313029262992214 ], [ 31.725945220534701, -0.313147983503686 ], [ 31.725909603849505, -0.313132154102235 ], [ 31.725870029754848, -0.313100495299259 ], [ 31.725838370479117, -0.3130925805985 ], [ 31.725790881565516, -0.313066857820992 ], [ 31.725737456537729, -0.313041135043421 ], [ 31.725721626899858, -0.313015412265787 ], [ 31.725711733376183, -0.313001561539343 ], [ 31.72569590373832, -0.31298573213767 ], [ 31.725676116690988, -0.31296792406076 ], [ 31.725678095395725, -0.312952094659036 ], [ 31.725678095395725, -0.312930329231626 ], [ 31.725707775966729, -0.312944179958164 ], [ 31.725751307470858, -0.312950115983818 ], [ 31.725755264880323, -0.312942201282946 ], [ 31.725771094518183, -0.312918457180293 ], [ 31.725794838974984, -0.312876905000521 ], [ 31.725872008459582, -0.312924393205961 ], [ 31.725854200116981, -0.312956052009469 ], [ 31.725854200116981, -0.312975838761612 ], [ 31.725864093640649, -0.31298968948809 ], [ 31.725881901983243, -0.313001561539343 ], [ 31.725903667735306, -0.312989689488091 ], [ 31.725917518668439, -0.312981774787248 ], [ 31.725955114058369, -0.3129738600864 ], [ 31.72605404929503, -0.313029262992214 ] ] ] } },
{ "type": "Feature", "properties": { "fid": 691, "class_name": "disturbance", "class_id": null, "dist_to_line": null, "risk_level": null, "area_m2": 256.09203596716361, "perimeter_m": 68.153249477783362, "compactness": 0.69283975922864494, "dist_bin": 2 }, "geometry": { "type": "Polygon", "coordinates": [ [ [ 31.725521777721806, -0.312815566068176 ], [ 31.725490118446078, -0.312896691752814 ], [ 31.725468352694016, -0.312946158633383 ], [ 31.725472310103477, -0.312971881411186 ], [ 31.725488139741348, -0.31298573213767 ], [ 31.725537607359673, -0.31299364683851 ], [ 31.725561351816467, -0.312969902735973 ], [ 31.725565309225932, -0.312950115983818 ], [ 31.725614776844267, -0.312932307906847 ], [ 31.725638521301065, -0.312938243932507 ], [ 31.72562071295847, -0.312902627778494 ], [ 31.725654350938925, -0.312863054273894 ], [ 31.725642478710533, -0.312847224872012 ], [ 31.725632585186862, -0.312827438119625 ], [ 31.725521777721806, -0.312815566068176 ] ] ] } },
{ "type": "Feature", "properties": { "fid": 692, "class_name": "structure", "class_id": null, "dist_to_line": null, "risk_level": null, "area_m2": 28.529598908426124, "perimeter_m": 21.712590075593326, "compactness": 0.76047031107995244, "dist_bin": 2 }, "geometry": { "type": "Polygon", "coordinates": [ [ [ 31.728834129445147, -0.313981005721346 ], [ 31.72886381001614, -0.313933517520696 ], [ 31.728901405406074, -0.313953304270993 ], [ 31.728867767425605, -0.314000792471553 ], [ 31.728834129445147, -0.313981005721346 ] ] ] } },
{ "type": "Feature", "properties": { "fid": 693, "class_name": "disturbance", "class_id": null, "dist_to_line": null, "risk_level": null, "area_m2": 312.52477323967469, "perimeter_m": 80.419043850320648, "compactness": 0.60726255476627833, "dist_bin": 2 }, "geometry": { "type": "Polygon", "coordinates": [ [ [ 31.729166551840311, -0.313632758911575 ], [ 31.729314954695294, -0.313751479416209 ], [ 31.72935057138049, -0.313721799290177 ], [ 31.729338699152088, -0.313688161813905 ], [ 31.729445549207686, -0.313601100110112 ], [ 31.729390145475158, -0.313549654557531 ], [ 31.729166551840311, -0.313632758911575 ] ] ] } },
{ "type": "Feature", "properties": { "fid": 694, "class_name": "disturbance", "class_id": null, "dist_to_line": null, "risk_level": null, "area_m2": 809.14280229154974, "perimeter_m": 122.97687332444272, "compactness": 0.67233875458791215, "dist_bin": 2 }, "geometry": { "type": "Polygon", "coordinates": [ [ [ 31.729839311449588, -0.313446763451609 ], [ 31.730108415293298, -0.313628801561398 ], [ 31.730282541309823, -0.313387403197734 ], [ 31.730183606073165, -0.313322106918082 ], [ 31.729839311449588, -0.313446763451609 ] ] ] } },
{ "type": "Feature", "properties": { "fid": 695, "class_name": "structure", "class_id": null, "dist_to_line": null, "risk_level": null, "area_m2": 24.095991448357381, "perimeter_m": 19.660720052913156, "compactness": 0.78334996019263303, "dist_bin": 2 }, "geometry": { "type": "Polygon", "coordinates": [ [ [ 31.737544387680572, -0.311102033168337 ], [ 31.737556259908963, -0.311147542706233 ], [ 31.737595834003635, -0.311135670652888 ], [ 31.737587919184698, -0.311092139790508 ], [ 31.737544387680572, -0.311102033168337 ] ] ] } },
{ "type": "Feature", "properties": { "fid": 696, "class_name": "structure", "class_id": null, "dist_to_line": null, "risk_level": null, "area_m2": 33.228355760496925, "perimeter_m": 23.472330085449162, "compactness": 0.75789022861519872, "dist_bin": 2 }, "geometry": { "type": "Polygon", "coordinates": [ [ [ 31.737603748822565, -0.311139628004004 ], [ 31.737595834003635, -0.311090161114941 ], [ 31.737653216440894, -0.311078289061532 ], [ 31.737663109964561, -0.311115883897283 ], [ 31.737603748822565, -0.311139628004004 ] ] ] } },
{ "type": "Feature", "properties": { "fid": 697, "class_name": "structure", "class_id": null, "dist_to_line": null, "risk_level": null, "area_m2": 66.191647639647272, "perimeter_m": 45.366879172803564, "compactness": 0.40414317227899582, "dist_bin": 2 }, "geometry": { "type": "Polygon", "coordinates": [ [ [ 31.738288380660229, -0.310908122961194 ], [ 31.738286401955499, -0.310892293556372 ], [ 31.73841699646789, -0.310807210505047 ], [ 31.738458549267293, -0.310840847990536 ], [ 31.738288380660229, -0.310908122961194 ] ] ] } },
{ "type": "Feature", "properties": { "fid": 698, "class_name": "structure", "class_id": null, "dist_to_line": null, "risk_level": null, "area_m2": 49.05947454089619, "perimeter_m": 32.931220051134638, "compactness": 0.5684825188457735, "dist_bin": 2 }, "geometry": { "type": "Polygon", "coordinates": [ [ [ 31.745484929774779, -0.308440714198871 ], [ 31.745477014955846, -0.308430820818558 ], [ 31.745556163145174, -0.308349695099638 ], [ 31.745587822420905, -0.308401140677561 ], [ 31.745484929774779, -0.308440714198871 ] ] ] } },
{ "type": "Feature", "properties": { "fid": 699, "class_name": "structure", "class_id": null, "dist_to_line": null, "risk_level": null, "area_m2": 84.576926793459279, "perimeter_m": 41.474355142521688, "compactness": 0.61787764147717195, "dist_bin": 2 }, "geometry": { "type": "Polygon", "coordinates": [ [ [ 31.746573217378028, -0.307684859916437 ], [ 31.746634557224752, -0.307732348145183 ], [ 31.74672755634721, -0.307672987859217 ], [ 31.74671172670935, -0.307637371687479 ], [ 31.746573217378028, -0.307684859916437 ] ] ] } },
{ "type": "Feature", "properties": { "fid": 700, "class_name": "structure", "class_id": null, "dist_to_line": null, "risk_level": null, "area_m2": 28.939326535386499, "perimeter_m": 21.941531528579706, "compactness": 0.75537813155615241, "dist_bin": 2 }, "geometry": { "type": "Polygon", "coordinates": [ [ [ 31.747247955692036, -0.307779836373718 ], [ 31.747265764034637, -0.307813473868803 ], [ 31.747313252948224, -0.307781815049903 ], [ 31.747291487196161, -0.307742241526146 ], [ 31.747247955692036, -0.307779836373718 ] ] ] } },
{ "type": "Feature", "properties": { "fid": 701, "class_name": "structure", "class_id": null, "dist_to_line": null, "risk_level": null, "area_m2": 96.384009857523779, "perimeter_m": 46.58008913356133, "compactness": 0.55823135153255132, "dist_bin": 2 }, "geometry": { "type": "Polygon", "coordinates": [ [ [ 31.74714506304591, -0.307483034941906 ], [ 31.747170786207441, -0.307534480524012 ], [ 31.747313252948224, -0.307473141560704 ], [ 31.747303359424563, -0.307433568035802 ], [ 31.74714506304591, -0.307483034941906 ] ] ] } },
{ "type": "Feature", "properties": { "fid": 702, "class_name": "structure", "class_id": null, "dist_to_line": null, "risk_level": null, "area_m2": 33.975377003247559, "perimeter_m": 38.526369697636426, "compactness": 0.28764575748396687, "dist_bin": 2 }, "geometry": { "type": "Polygon", "coordinates": [ [ [ 31.747149020455378, -0.307488970970623 ], [ 31.747166828797972, -0.307520629790393 ], [ 31.747123297293847, -0.307536459200242 ], [ 31.747105488951252, -0.307516672437926 ], [ 31.74702634076192, -0.307544373905157 ], [ 31.747016447238256, -0.307536459200242 ], [ 31.747149020455378, -0.307488970970623 ] ] ] } },
{ "type": "Feature", "properties": { "fid": 703, "class_name": "disturbance", "class_id": null, "dist_to_line": null, "risk_level": null, "area_m2": 503.2931566312327, "perimeter_m": 106.17896466105225, "compactness": 0.56098844603591591, "dist_bin": 2 }, "geometry": { "type": "Polygon", "coordinates": [ [ [ 31.747412188184889, -0.30739993053952 ], [ 31.747441868755885, -0.30746918420822 ], [ 31.747507166012085, -0.307520629790393 ], [ 31.747578399382473, -0.307461269503249 ], [ 31.747621930886606, -0.307451376122026 ], [ 31.747710972599595, -0.307431589359553 ], [ 31.747734717056396, -0.307368271719393 ], [ 31.747786163379459, -0.307350463633031 ], [ 31.747764397627396, -0.307279231287283 ], [ 31.747412188184889, -0.30739993053952 ] ] ] } },
{ "type": "Feature", "properties": { "fid": 704, "class_name": "structure", "class_id": null, "dist_to_line": null, "risk_level": null, "area_m2": 43.854733388900058, "perimeter_m": 28.040437245697539, "compactness": 0.70090115584156232, "dist_bin": 2 }, "geometry": { "type": "Polygon", "coordinates": [ [ [ 31.748029544061641, -0.307566139343646 ], [ 31.74800579960484, -0.307536459200242 ], [ 31.748053288518435, -0.307496885675574 ], [ 31.748108692250963, -0.307536459200242 ], [ 31.748029544061641, -0.307566139343646 ] ] ] } },
{ "type": "Feature", "properties": { "fid": 705, "class_name": "structure", "class_id": null, "dist_to_line": null, "risk_level": null, "area_m2": 202.2859168908908, "perimeter_m": 57.82007714268461, "compactness": 0.76035810354456701, "dist_bin": 2 }, "geometry": { "type": "Polygon", "coordinates": [ [ [ 31.748130458003025, -0.307063555570876 ], [ 31.748172010802431, -0.307150617328482 ], [ 31.748302605314816, -0.307077406305088 ], [ 31.748233350649151, -0.306964621754554 ], [ 31.748130458003025, -0.307063555570876 ] ] ] } },
{ "type": "Feature", "properties": { "fid": 706, "class_name": "structure", "class_id": null, "dist_to_line": null, "risk_level": null, "area_m2": 448.25794011628022, "perimeter_m": 105.98232018201108, "compactness": 0.50150008301652071, "dist_bin": 2 }, "geometry": { "type": "Polygon", "coordinates": [ [ [ 31.748486624855001, -0.307215913646221 ], [ 31.748399561846743, -0.307105107773458 ], [ 31.748599411024792, -0.306958685725546 ], [ 31.748761664812907, -0.306925048227769 ], [ 31.748486624855001, -0.307215913646221 ] ] ] } },
{ "type": "Feature", "properties": { "fid": 707, "class_name": "disturbance", "class_id": null, "dist_to_line": null, "risk_level": null, "area_m2": 767.45759161515161, "perimeter_m": 109.04505514329962, "compactness": 0.81105871935443974, "dist_bin": 2 }, "geometry": { "type": "Polygon", "coordinates": [ [ [ 31.748405497960942, -0.307107086449767 ], [ 31.748369881275742, -0.307051683512965 ], [ 31.748330307181078, -0.307051683512965 ], [ 31.748298647905354, -0.307075427628773 ], [ 31.748164095983494, -0.307156553357384 ], [ 31.748132436707756, -0.307198105559604 ], [ 31.748312498838484, -0.307384101129468 ], [ 31.748480688740802, -0.307209977617352 ], [ 31.748405497960942, -0.307107086449767 ] ] ] } },
{ "type": "Feature", "properties": { "fid": 708, "class_name": "disturbance", "class_id": null, "dist_to_line": null, "risk_level": null, "area_m2": 228.28556703852519, "perimeter_m": 74.830355049745535, "compactness": 0.51230985141853069, "dist_bin": 2 }, "geometry": { "type": "Polygon", "coordinates": [ [ [ 31.748951620467274, -0.306222618102987 ], [ 31.74897932233355, -0.30627208501469 ], [ 31.748969428809879, -0.306333423984886 ], [ 31.748957556581473, -0.306388826925406 ], [ 31.748892259325284, -0.306392784278289 ], [ 31.748834876888026, -0.306402677660491 ], [ 31.748749792584501, -0.306426421777738 ], [ 31.748951620467274, -0.306222618102987 ] ] ] } },
{ "type": "Feature", "properties": { "fid": 709, "class_name": "disturbance", "class_id": null, "dist_to_line": null, "risk_level": null, "area_m2": 1290.654531287295, "perimeter_m": 190.5452019843313, "compactness": 0.44670811237359503, "dist_bin": 2 }, "geometry": { "type": "Polygon", "coordinates": [ [ [ 31.750030014546859, -0.30510862319104 ], [ 31.750051780298921, -0.305140282017841 ], [ 31.75004782288946, -0.305187770257867 ], [ 31.750071567346254, -0.305241194527646 ], [ 31.750105205326722, -0.30526889600076 ], [ 31.750117077555124, -0.305308469533657 ], [ 31.75011509885038, -0.305383659245759 ], [ 31.750144779421387, -0.305437083514565 ], [ 31.750144779421387, -0.305437083514565 ], [ 31.750170502582918, -0.305472699693621 ], [ 31.750113120145656, -0.305534038668386 ], [ 31.750049801594191, -0.305502379842745 ], [ 31.749996376566397, -0.305502379842745 ], [ 31.749921185786537, -0.305460827633949 ], [ 31.749824229254607, -0.305462806310561 ], [ 31.749806420912012, -0.30549446513632 ], [ 31.749804442207278, -0.305514251902371 ], [ 31.749784655159949, -0.305512273225767 ], [ 31.749737166246351, -0.305518209255577 ], [ 31.749689677332757, -0.30554393205138 ], [ 31.749586784686631, -0.305561740140745 ], [ 31.750030014546859, -0.30510862319104 ] ] ] } },
{ "type": "Feature", "properties": { "fid": 710, "class_name": "disturbance", "class_id": null, "dist_to_line": null, "risk_level": null, "area_m2": 558.95522349097155, "perimeter_m": 103.94390627720362, "compactness": 0.65011294737151248, "dist_bin": 2 }, "geometry": { "type": "Polygon", "coordinates": [ [ [ 31.751023324322908, -0.304289451015212 ], [ 31.751120280854835, -0.30429142969204 ], [ 31.751219216091499, -0.304307259106653 ], [ 31.751185578111023, -0.304370576764871 ], [ 31.751185578111023, -0.304370576764871 ], [ 31.751155897540027, -0.304398278240225 ], [ 31.751106429921702, -0.304437851776321 ], [ 31.751088621579107, -0.304473467958683 ], [ 31.75110247251224, -0.304497212080193 ], [ 31.751041132665499, -0.304540742969491 ], [ 31.750961984476188, -0.30456646576763 ], [ 31.750930325200454, -0.304546678999836 ], [ 31.750930325200454, -0.304513041494503 ], [ 31.750920431676779, -0.304493254726611 ], [ 31.75090855944838, -0.304465553251502 ], [ 31.750987707637712, -0.304384427502557 ], [ 31.751023324322908, -0.304289451015212 ] ] ] } },
{ "type": "Feature", "properties": { "fid": 711, "class_name": "structure", "class_id": null, "dist_to_line": null, "risk_level": null, "area_m2": 55.589619134145323, "perimeter_m": 29.950779037762345, "compactness": 0.77873073587331032, "dist_bin": 2 }, "geometry": { "type": "Polygon", "coordinates": [ [ [ 31.767337744847932, -0.293206876476047 ], [ 31.767365446714201, -0.293204897797223 ], [ 31.767393148580464, -0.293256343446538 ], [ 31.767306085572205, -0.293278108913485 ], [ 31.767296192048537, -0.293238535337187 ], [ 31.767296192048537, -0.293236556658368 ], [ 31.767337744847932, -0.293206876476047 ] ] ] } },
{ "type": "Feature", "properties": { "fid": 712, "class_name": "structure", "class_id": null, "dist_to_line": null, "risk_level": null, "area_m2": 37.397099540958152, "perimeter_m": 22.957410747088819, "compactness": 0.89166552427857892, "dist_bin": 2 }, "geometry": { "type": "Polygon", "coordinates": [ [ [ 31.770658011390186, -0.291137178235265 ], [ 31.770626352114448, -0.291166858423054 ], [ 31.770632288228647, -0.291198517289942 ], [ 31.770663947504385, -0.29120643200665 ], [ 31.770689670665917, -0.291190602573228 ], [ 31.770689670665917, -0.291162901064687 ], [ 31.770658011390186, -0.291137178235265 ] ] ] } },
{ "type": "Feature", "properties": { "fid": 713, "class_name": "disturbance", "class_id": null, "dist_to_line": null, "risk_level": null, "area_m2": 35.228481937941979, "perimeter_m": 28.393275778258072, "compactness": 0.54912699196435844, "dist_bin": 2 }, "geometry": { "type": "Polygon", "coordinates": [ [ [ 31.771140815345071, -0.290814653522927 ], [ 31.771150708868745, -0.290877971258592 ], [ 31.771231835762805, -0.290818610881417 ], [ 31.771140815345071, -0.290814653522927 ] ] ] } },
{ "type": "Feature", "properties": { "fid": 714, "class_name": "structure", "class_id": null, "dist_to_line": null, "risk_level": null, "area_m2": 18.40940920131834, "perimeter_m": 17.791781673701124, "compactness": 0.73082069003283523, "dist_bin": 2 }, "geometry": { "type": "Polygon", "coordinates": [ [ [ 31.775867940952626, -0.287067034413331 ], [ 31.775867940952626, -0.287118480090557 ], [ 31.775899600228357, -0.287118480090557 ], [ 31.775895642818895, -0.287069013093228 ], [ 31.775867940952626, -0.287067034413331 ] ] ] } },
{ "type": "Feature", "properties": { "fid": 715, "class_name": "structure", "class_id": null, "dist_to_line": null, "risk_level": null, "area_m2": 40.288716843511793, "perimeter_m": 25.909973459290981, "compactness": 0.75415282728105126, "dist_bin": 2 }, "geometry": { "type": "Polygon", "coordinates": [ [ [ 31.7846237093969, -0.280826276325267 ], [ 31.784601943644837, -0.280879700711223 ], [ 31.784671198310502, -0.28088167939218 ], [ 31.78468109183417, -0.280834191049128 ], [ 31.7846237093969, -0.280826276325267 ] ] ] } },
{ "type": "Feature", "properties": { "fid": 716, "class_name": "disturbance", "class_id": null, "dist_to_line": null, "risk_level": null, "area_m2": 80.095471499975247, "perimeter_m": 36.405798330187352, "compactness": 0.75941069361576785, "dist_bin": 2 }, "geometry": { "type": "Polygon", "coordinates": [ [ [ 31.784534667683904, -0.280766915896141 ], [ 31.784518838046047, -0.280842105772983 ], [ 31.784599964940107, -0.280844084453946 ], [ 31.784613815873239, -0.28075504381028 ], [ 31.784534667683904, -0.280766915896141 ] ] ] } },
{ "type": "Feature", "properties": { "fid": 717, "class_name": "agricultural_activity", "class_id": null, "dist_to_line": null, "risk_level": null, "area_m2": 461.10349026171025, "perimeter_m": 89.865963184495612, "compactness": 0.71749322853882858, "dist_bin": 2 }, "geometry": { "type": "Polygon", "coordinates": [ [ [ 31.788777010631829, -0.277885956041523 ], [ 31.788808669907564, -0.278071952097387 ], [ 31.788996646857218, -0.277937401759396 ], [ 31.788947179238885, -0.277763277790308 ], [ 31.788777010631829, -0.277885956041523 ] ] ] } },
{ "type": "Feature", "properties": { "fid": 718, "class_name": "disturbance", "class_id": null, "dist_to_line": null, "risk_level": null, "area_m2": 1084.6632522653117, "perimeter_m": 154.47639168213712, "compactness": 0.57118995046412191, "dist_bin": 2 }, "geometry": { "type": "Polygon", "coordinates": [ [ [ 31.790116593736172, -0.276663130835469 ], [ 31.790053275184722, -0.276815489322719 ], [ 31.790191784516036, -0.276807574596157 ], [ 31.790239273429638, -0.276908487359429 ], [ 31.790332272552096, -0.276868913726875 ], [ 31.790334251256827, -0.276769979644914 ], [ 31.790391633694092, -0.276653237427138 ], [ 31.79046088835975, -0.276591898295304 ], [ 31.790423292969823, -0.276427667714962 ], [ 31.790116593736172, -0.276663130835469 ] ] ] } },
{ "type": "Feature", "properties": { "fid": 719, "class_name": "structure", "class_id": null, "dist_to_line": null, "risk_level": null, "area_m2": 46.361136690538842, "perimeter_m": 29.574552603321866, "compactness": 0.66608180841765818, "dist_bin": 2 }, "geometry": { "type": "Polygon", "coordinates": [ [ [ 31.814306259099222, -0.253696551134798 ], [ 31.814292408166089, -0.253728210100139 ], [ 31.814371556355418, -0.25376976249203 ], [ 31.814395300812219, -0.253728210100139 ], [ 31.814306259099222, -0.253696551134798 ] ] ] } },
{ "type": "Feature", "properties": { "fid": 720, "class_name": "disturbance", "class_id": null, "dist_to_line": null, "risk_level": null, "area_m2": 289.00930730273103, "perimeter_m": 73.059656171170175, "compactness": 0.68040335284464748, "dist_bin": 2 }, "geometry": { "type": "Polygon", "coordinates": [ [ [ 31.797548608713981, -0.271423580636225 ], [ 31.797443737363118, -0.271482941112002 ], [ 31.797366567878534, -0.271540322904977 ], [ 31.797469460524649, -0.27159176865017 ], [ 31.797578289284981, -0.271605619427685 ], [ 31.797564438351845, -0.271558131047569 ], [ 31.797604012446513, -0.271524493444873 ], [ 31.797548608713981, -0.271423580636225 ] ] ] } },
{ "type": "Feature", "properties": { "fid": 721, "class_name": "disturbance", "class_id": null, "dist_to_line": null, "risk_level": null, "area_m2": 280.62356444882971, "perimeter_m": 75.354633042867988, "compactness": 0.62103214792519879, "dist_bin": 2 }, "geometry": { "type": "Polygon", "coordinates": [ [ [ 31.791796514054646, -0.275442284185263 ], [ 31.791893470586576, -0.275363136910263 ], [ 31.791925129862307, -0.275402710547829 ], [ 31.791919193748107, -0.275452177594601 ], [ 31.791911278929163, -0.275525388823448 ], [ 31.791883577062901, -0.275539239596422 ], [ 31.791887534472373, -0.275638173688628 ], [ 31.791818279806709, -0.275620365552092 ], [ 31.791796514054646, -0.275442284185263 ] ] ] } },
{ "type": "Feature", "properties": { "fid": 722, "class_name": "disturbance", "class_id": null, "dist_to_line": null, "risk_level": null, "area_m2": 161.54049147942897, "perimeter_m": 71.858786788376605, "compactness": 0.39312576025031548, "dist_bin": 2 }, "geometry": { "type": "Polygon", "coordinates": [ [ [ 31.792022086394223, -0.275497687277451 ], [ 31.79205968178416, -0.275471964413253 ], [ 31.792061660488891, -0.275485815186289 ], [ 31.792085404945691, -0.275493729913731 ], [ 31.792075511422027, -0.275521431459738 ], [ 31.792049788260496, -0.275535282232717 ], [ 31.79205176696523, -0.275582770597094 ], [ 31.792045830851027, -0.275610472142894 ], [ 31.792047809555758, -0.275628280279445 ], [ 31.792047809555758, -0.275628280279445 ], [ 31.792047809555758, -0.27567972600711 ], [ 31.792071554012558, -0.275687640734423 ], [ 31.792006256756359, -0.27572523568909 ], [ 31.791972618775901, -0.275717320961801 ], [ 31.792022086394223, -0.275497687277451 ] ] ] } },
{ "type": "Feature", "properties": { "fid": 723, "class_name": "structure", "class_id": null, "dist_to_line": null, "risk_level": null, "area_m2": 40.770499554317212, "perimeter_m": 30.830752483341122, "compactness": 0.53899861292759843, "dist_bin": 2 }, "geometry": { "type": "Polygon", "coordinates": [ [ [ 31.756340103940936, -0.300462689353235 ], [ 31.75632823171253, -0.300454774643129 ], [ 31.756395507673464, -0.300371670186667 ], [ 31.756431124358656, -0.300405307704835 ], [ 31.756340103940936, -0.300462689353235 ] ] ] } },
{ "type": "Feature", "properties": { "fid": 724, "class_name": "structure", "class_id": null, "dist_to_line": null, "risk_level": null, "area_m2": 198.74395373367588, "perimeter_m": 58.873260982580248, "compactness": 0.72055577838312079, "dist_bin": 2 }, "geometry": { "type": "Polygon", "coordinates": [ [ [ 31.75259639458578, -0.302672871925507 ], [ 31.752663670546713, -0.302753997687293 ], [ 31.752548905672185, -0.302837102125565 ], [ 31.752548905672185, -0.302837102125565 ], [ 31.752457885254458, -0.302785656520995 ], [ 31.75259639458578, -0.302672871925507 ] ] ] } },
{ "type": "Feature", "properties": { "fid": 725, "class_name": "structure", "class_id": null, "dist_to_line": null, "risk_level": null, "area_m2": 32.746472050956072, "perimeter_m": 29.110707358417674, "compactness": 0.48558902795657355, "dist_bin": 2 }, "geometry": { "type": "Polygon", "coordinates": [ [ [ 31.753047539264944, -0.302763891072834 ], [ 31.753033688331815, -0.302736189593294 ], [ 31.753118772635336, -0.302674850602631 ], [ 31.753126687454266, -0.302694637373851 ], [ 31.753047539264944, -0.302763891072834 ] ] ] } },
{ "type": "Feature", "properties": { "fid": 726, "class_name": "structure", "class_id": null, "dist_to_line": null, "risk_level": null, "area_m2": 14.674465642558062, "perimeter_m": 16.256940244191181, "compactness": 0.69774147823381805, "dist_bin": 2 }, "geometry": { "type": "Polygon", "coordinates": [ [ [ 31.752984220713483, -0.302702552082328 ], [ 31.753002029056077, -0.302688701342489 ], [ 31.753025773512881, -0.302732232239068 ], [ 31.753002029056077, -0.302746082978853 ], [ 31.752984220713483, -0.302702552082328 ] ] ] } },
{ "type": "Feature", "properties": { "fid": 727, "class_name": "structure", "class_id": null, "dist_to_line": null, "risk_level": null, "area_m2": 22.794784155477828, "perimeter_m": 19.719131637752152, "compactness": 0.73666455801321318, "dist_bin": 2 }, "geometry": { "type": "Polygon", "coordinates": [ [ [ 31.753051496674413, -0.302637255737215 ], [ 31.753077219835941, -0.30269068001961 ], [ 31.753102942997472, -0.302674850602631 ], [ 31.753089092064339, -0.302627362351558 ], [ 31.753051496674413, -0.302637255737215 ] ] ] } },
{ "type": "Feature", "properties": { "fid": 728, "class_name": "disturbance", "class_id": null, "dist_to_line": null, "risk_level": null, "area_m2": 71.661556131795805, "perimeter_m": 36.277121100898114, "compactness": 0.68427467821737742, "dist_bin": 2 }, "geometry": { "type": "Polygon", "coordinates": [ [ [ 31.752586501062108, -0.303143797070816 ], [ 31.752572650128986, -0.303066628666054 ], [ 31.752661691841979, -0.303034969833172 ], [ 31.752675542775112, -0.303072564697209 ], [ 31.752586501062108, -0.303143797070816 ] ] ] } },
{ "type": "Feature", "properties": { "fid": 729, "class_name": "structure", "class_id": null, "dist_to_line": null, "risk_level": null, "area_m2": 33.830742379213916, "perimeter_m": 23.517340700702693, "compactness": 0.76867891805319433, "dist_bin": 2 }, "geometry": { "type": "Polygon", "coordinates": [ [ [ 31.727593481577401, -0.314141278396946 ], [ 31.727561822301674, -0.314184809246685 ], [ 31.727609311215268, -0.314218446721358 ], [ 31.727633055672069, -0.314184809246684 ], [ 31.727593481577401, -0.314141278396946 ] ] ] } },
{ "type": "Feature", "properties": { "fid": 730, "class_name": "disturbance", "class_id": null, "dist_to_line": null, "risk_level": null, "area_m2": 35.80663111406102, "perimeter_m": 23.826742678613275, "compactness": 0.79258158371978604, "dist_bin": 2 }, "geometry": { "type": "Polygon", "coordinates": [ [ [ 31.718196612799581, -0.308351673775717 ], [ 31.718190676685378, -0.308375417888631 ], [ 31.718184740571179, -0.308391247297212 ], [ 31.718232229484773, -0.308420927438235 ], [ 31.718259931351035, -0.308393225973282 ], [ 31.718232229484773, -0.308363545832181 ], [ 31.718196612799581, -0.308351673775717 ] ] ] } },
{ "type": "Feature", "properties": { "fid": 731, "class_name": "disturbance", "class_id": null, "dist_to_line": null, "risk_level": null, "area_m2": 426.90874910212551, "perimeter_m": 89.683639156513152, "compactness": 0.66698869678006378, "dist_bin": 2 }, "geometry": { "type": "Polygon", "coordinates": [ [ [ 31.717719744958881, -0.30841301273397 ], [ 31.717733595892014, -0.308343759071401 ], [ 31.717749425529874, -0.308335844367079 ], [ 31.71773161718728, -0.308312100254076 ], [ 31.717749425529874, -0.308278462760566 ], [ 31.717788999624545, -0.30824284659085 ], [ 31.717783063510339, -0.308225038505948 ], [ 31.71777910610087, -0.308173592927174 ], [ 31.717878041337535, -0.308201294392699 ], [ 31.717929487660591, -0.308223059829846 ], [ 31.717943338593731, -0.308252739971339 ], [ 31.717967083050532, -0.308290334817111 ], [ 31.717943338593731, -0.308343759071401 ], [ 31.717719744958881, -0.30841301273397 ] ] ] } },
{ "type": "Feature", "properties": { "fid": 732, "class_name": "structure", "class_id": null, "dist_to_line": null, "risk_level": null, "area_m2": 54.378495990462397, "perimeter_m": 43.349000315546775, "compactness": 0.36364605674352207, "dist_bin": 2 }, "geometry": { "type": "Polygon", "coordinates": [ [ [ 31.706195768592881, -0.321858107994067 ], [ 31.706186864421593, -0.321820513197248 ], [ 31.706351096914446, -0.321790833094399 ], [ 31.706357033028645, -0.321803694472311 ], [ 31.706195768592881, -0.321858107994067 ] ] ] } },
{ "type": "Feature", "properties": { "fid": 733, "class_name": "disturbance", "class_id": null, "dist_to_line": null, "risk_level": null, "area_m2": 80.070809760778502, "perimeter_m": 34.95716444389776, "compactness": 0.82340156774056195, "dist_bin": 2 }, "geometry": { "type": "Polygon", "coordinates": [ [ [ 31.706057259261559, -0.32187195870865 ], [ 31.706049344442629, -0.321816555850207 ], [ 31.706104748175168, -0.321792811767925 ], [ 31.706144322269825, -0.321804683809072 ], [ 31.706147290326921, -0.32187195870865 ], [ 31.706057259261559, -0.32187195870865 ] ] ] } },
{ "type": "Feature", "properties": { "fid": 734, "class_name": "disturbance", "class_id": null, "dist_to_line": null, "risk_level": null, "area_m2": 78.649004447186599, "perimeter_m": 35.81063137775871, "compactness": 0.7706889591981958, "dist_bin": 2 }, "geometry": { "type": "Polygon", "coordinates": [ [ [ 31.686459178231878, -0.327380584265587 ], [ 31.686520518078606, -0.327333096127092 ], [ 31.686571964401669, -0.327410264352032 ], [ 31.686518539373875, -0.327445880455649 ], [ 31.686459178231878, -0.327380584265587 ] ] ] } },
{ "type": "Feature", "properties": { "fid": 735, "class_name": "disturbance", "class_id": null, "dist_to_line": null, "risk_level": null, "area_m2": 88.962099126851172, "perimeter_m": 38.378666578660329, "compactness": 0.75898837247168838, "dist_bin": 2 }, "geometry": { "type": "Polygon", "coordinates": [ [ [ 31.68608322433257, -0.327206461090008 ], [ 31.68608322433257, -0.327273735953658 ], [ 31.686182159569235, -0.327289565333275 ], [ 31.686184138273966, -0.327212397107407 ], [ 31.68608322433257, -0.327206461090008 ] ] ] } },
{ "type": "Feature", "properties": { "fid": 736, "class_name": "disturbance", "class_id": null, "dist_to_line": null, "risk_level": null, "area_m2": 35.445084062714159, "perimeter_m": 24.533432791641619, "compactness": 0.74002984373932568, "dist_bin": 2 }, "geometry": { "type": "Polygon", "coordinates": [ [ [ 31.686225691073361, -0.327230205159583 ], [ 31.686223712368623, -0.327279671971017 ], [ 31.686292967034294, -0.327279671971017 ], [ 31.686289009624826, -0.327242077194349 ], [ 31.686225691073361, -0.327230205159583 ] ] ] } },
{ "type": "Feature", "properties": { "fid": 737, "class_name": "structure", "class_id": null, "dist_to_line": null, "risk_level": null, "area_m2": 41.975232512955699, "perimeter_m": 25.901171048949081, "compactness": 0.78625636577939639, "dist_bin": 2 }, "geometry": { "type": "Polygon", "coordinates": [ [ [ 31.731981259323199, -0.313051028419419 ], [ 31.731971365799538, -0.313029262992214 ], [ 31.732003025075262, -0.312981774787249 ], [ 31.732046556579387, -0.312991668163301 ], [ 31.732050513988856, -0.313025305641809 ], [ 31.731981259323199, -0.313051028419419 ] ] ] } },
{ "type": "Feature", "properties": { "fid": 738, "class_name": "structure", "class_id": null, "dist_to_line": null, "risk_level": null, "area_m2": 37.758443670580164, "perimeter_m": 26.28949951704606, "compactness": 0.68652967234926932, "dist_bin": 2 }, "geometry": { "type": "Polygon", "coordinates": [ [ [ 31.7452900273585, -0.308507989184762 ], [ 31.745274197720637, -0.308502053156612 ], [ 31.745317729224762, -0.308442692874934 ], [ 31.745353345909958, -0.30843873552281 ], [ 31.745347409795759, -0.30848820242425 ], [ 31.7452900273585, -0.308507989184762 ] ] ] } },
{ "type": "Feature", "properties": { "fid": 739, "class_name": "disturbance", "class_id": null, "dist_to_line": null, "risk_level": null, "area_m2": 20.457505372603919, "perimeter_m": 18.485211328777588, "compactness": 0.75233921231778578, "dist_bin": 2 }, "geometry": { "type": "Polygon", "coordinates": [ [ [ 31.745309814405832, -0.308230974534253 ], [ 31.745317729224762, -0.308266590704008 ], [ 31.745367196843091, -0.308254718647436 ], [ 31.745357303319427, -0.308225038505949 ], [ 31.745309814405832, -0.308230974534253 ] ] ] } },
{ "type": "Feature", "properties": { "fid": 740, "class_name": "structure", "class_id": null, "dist_to_line": null, "risk_level": null, "area_m2": 113.3727631964648, "perimeter_m": 58.958643655969134, "compactness": 0.40984876207781695, "dist_bin": 2 }, "geometry": { "type": "Polygon", "coordinates": [ [ [ 31.815492492586706, -0.251927606323614 ], [ 31.815504364815101, -0.251727759075902 ], [ 31.815597363937563, -0.251713908276442 ], [ 31.815492492586706, -0.251927606323614 ] ] ] } },
{ "type": "Feature", "properties": { "fid": 741, "class_name": "structure", "class_id": null, "dist_to_line": null, "risk_level": null, "area_m2": 31.277148181558005, "perimeter_m": 27.740302568088016, "compactness": 0.51075734917519688, "dist_bin": 2 }, "geometry": { "type": "Polygon", "coordinates": [ [ [ 31.840746701096183, -0.196765700771861 ], [ 31.84072493534412, -0.19670040390059 ], [ 31.840792211305047, -0.196668744811396 ], [ 31.840792211305047, -0.196668744811396 ], [ 31.840746701096183, -0.196765700771861 ] ] ] } },
{ "type": "Feature", "properties": { "fid": 742, "class_name": "structure", "class_id": null, "dist_to_line": null, "risk_level": null, "area_m2": 26.02412652647763, "perimeter_m": 25.965668069907142, "compactness": 0.4850505749897302, "dist_bin": 2 }, "geometry": { "type": "Polygon", "coordinates": [ [ [ 31.840903018770106, -0.196421408175007 ], [ 31.840887189132239, -0.196358089995503 ], [ 31.840946550274239, -0.196328409598777 ], [ 31.840946550274239, -0.196328409598777 ], [ 31.840903018770106, -0.196421408175007 ] ] ] } },
{ "type": "Feature", "properties": { "fid": 743, "class_name": "structure", "class_id": null, "dist_to_line": null, "risk_level": null, "area_m2": 81.108644689891662, "perimeter_m": 50.975881601277607, "compactness": 0.39223605990732019, "dist_bin": 2 }, "geometry": { "type": "Polygon", "coordinates": [ [ [ 31.847426808275383, -0.182194598835547 ], [ 31.847399106409121, -0.182184705361898 ], [ 31.847492105531579, -0.182014537614298 ], [ 31.847529700921509, -0.182026409782788 ], [ 31.847426808275383, -0.182194598835547 ] ] ] } },
{ "type": "Feature", "properties": { "fid": 744, "class_name": "structure", "class_id": null, "dist_to_line": null, "risk_level": null, "area_m2": 64.482076032130863, "perimeter_m": 37.749852470451458, "compactness": 0.56861505997011408, "dist_bin": 2 }, "geometry": { "type": "Polygon", "coordinates": [ [ [ 31.84753167962624, -0.182022452393292 ], [ 31.84749408423631, -0.182006622835301 ], [ 31.84749408423631, -0.182006622835301 ], [ 31.847555424083037, -0.181897794623737 ], [ 31.847596976882429, -0.181907688097543 ], [ 31.84753167962624, -0.182022452393292 ] ] ] } },
{ "type": "Feature", "properties": { "fid": 745, "class_name": "structure", "class_id": null, "dist_to_line": null, "risk_level": null, "area_m2": 23.855489388974092, "perimeter_m": 20.652149890448602, "compactness": 0.70285810550502059, "dist_bin": 2 }, "geometry": { "type": "Polygon", "coordinates": [ [ [ 31.847600934291894, -0.181903730708021 ], [ 31.847600934291894, -0.181903730708021 ], [ 31.847563338901967, -0.181891858539451 ], [ 31.847600934291894, -0.181844369865093 ], [ 31.847628636158156, -0.181854263338928 ], [ 31.847600934291894, -0.181903730708021 ] ] ] } },
{ "type": "Feature", "properties": { "fid": 746, "class_name": "structure", "class_id": null, "dist_to_line": null, "risk_level": null, "area_m2": 56.458036927870126, "perimeter_m": 31.59723737261249, "compactness": 0.71061997640008179, "dist_bin": 2 }, "geometry": { "type": "Polygon", "coordinates": [ [ [ 31.853258051124044, -0.171942978582333 ], [ 31.853299603923432, -0.171939021190686 ], [ 31.853291689104498, -0.172022126415098 ], [ 31.853216498324635, -0.172016190327652 ], [ 31.853258051124044, -0.171942978582333 ] ] ] } },
{ "type": "Feature", "properties": { "fid": 747, "class_name": "structure", "class_id": null, "dist_to_line": null, "risk_level": null, "area_m2": 60.000326315741404, "perimeter_m": 37.301815151485194, "compactness": 0.54188052776592932, "dist_bin": 2 }, "geometry": { "type": "Polygon", "coordinates": [ [ [ 31.859669054459516, -0.153479759247807 ], [ 31.859700713735243, -0.153487674038342 ], [ 31.859680926687918, -0.153610353291253 ], [ 31.859637395183785, -0.153612331988874 ], [ 31.859669054459516, -0.153479759247807 ] ] ] } },
{ "type": "Feature", "properties": { "fid": 748, "class_name": "structure", "class_id": null, "dist_to_line": null, "risk_level": null, "area_m2": 48.819892180876195, "perimeter_m": 29.764259383457315, "compactness": 0.69249480350903192, "dist_bin": 2 }, "geometry": { "type": "Polygon", "coordinates": [ [ [ 32.028790926708353, -0.019329697637672 ], [ 32.028757288727896, -0.019325740228431 ], [ 32.028777075775224, -0.019252528157452 ], [ 32.028852266555091, -0.019282208726772 ], [ 32.028790926708353, -0.019329697637672 ] ] ] } },
{ "type": "Feature", "properties": { "fid": 749, "class_name": "structure", "class_id": null, "dist_to_line": null, "risk_level": null, "area_m2": 83.470920569699501, "perimeter_m": 38.865366443206945, "compactness": 0.69441570378811168, "dist_bin": 2 }, "geometry": { "type": "Polygon", "coordinates": [ [ [ 32.028860181374021, -0.019278251317529 ], [ 32.028784990594154, -0.019260442975938 ], [ 32.028798841527291, -0.019199103132664 ], [ 32.028919542516007, -0.019212954065018 ], [ 32.028860181374021, -0.019278251317529 ] ] ] } },
{ "type": "Feature", "properties": { "fid": 750, "class_name": "structure", "class_id": null, "dist_to_line": null, "risk_level": null, "area_m2": 80.290137443713093, "perimeter_m": 46.462969660605651, "compactness": 0.46736709992698944, "dist_bin": 2 }, "geometry": { "type": "Polygon", "coordinates": [ [ [ 32.030449081274753, -0.017633947769628 ], [ 32.030443145160554, -0.017665607043856 ], [ 32.030490634074148, -0.017659670929939 ], [ 32.03046293220789, -0.017701223727357 ], [ 32.030358060857026, -0.017738819115489 ], [ 32.030332337695498, -0.017719032069105 ], [ 32.030449081274753, -0.017633947769628 ] ] ] } },
{ "type": "Feature", "properties": { "fid": 751, "class_name": "structure", "class_id": null, "dist_to_line": null, "risk_level": null, "area_m2": 49.928321831164794, "perimeter_m": 41.447543007639162, "compactness": 0.36522395177093386, "dist_bin": 2 }, "geometry": { "type": "Polygon", "coordinates": [ [ [ 32.031822302359579, -0.017050229900083 ], [ 32.031901450548901, -0.0169394224399 ], [ 32.031964769100369, -0.016953273372426 ], [ 32.031822302359579, -0.017050229900083 ] ] ] } },
{ "type": "Feature", "properties": { "fid": 752, "class_name": "structure", "class_id": null, "dist_to_line": null, "risk_level": null, "area_m2": 42.072856268384385, "perimeter_m": 27.312775753708799, "compactness": 0.70872896556258702, "dist_bin": 2 }, "geometry": { "type": "Polygon", "coordinates": [ [ [ 32.053967965733236, 0.012747084319939 ], [ 32.054003582418424, 0.012719382454359 ], [ 32.053954114800099, 0.01265606390445 ], [ 32.053922455524372, 0.012679808360668 ], [ 32.053967965733236, 0.012747084319939 ] ] ] } },
{ "type": "Feature", "properties": { "fid": 753, "class_name": "structure", "class_id": null, "dist_to_line": null, "risk_level": null, "area_m2": 54.940437841656603, "perimeter_m": 33.300312630702329, "compactness": 0.62259461299375063, "dist_bin": 2 }, "geometry": { "type": "Polygon", "coordinates": [ [ [ 32.054339962223068, 0.013277377174752 ], [ 32.054367664089327, 0.013237803081148 ], [ 32.054304345537872, 0.013162612303283 ], [ 32.054272686262131, 0.013182399350092 ], [ 32.054339962223068, 0.013277377174752 ] ] ] } },
{ "type": "Feature", "properties": { "fid": 754, "class_name": "structure", "class_id": null, "dist_to_line": null, "risk_level": null, "area_m2": 41.831859308178082, "perimeter_m": 30.196411698941105, "compactness": 0.5765093515129307, "dist_bin": 2 }, "geometry": { "type": "Polygon", "coordinates": [ [ [ 32.054723830941306, 0.013837350598561 ], [ 32.054747575398096, 0.0138017339144 ], [ 32.05468623555138, 0.013730500546062 ], [ 32.054664469799313, 0.013746330183472 ], [ 32.054723830941306, 0.013837350598561 ] ] ] } },
{ "type": "Feature", "properties": { "fid": 755, "class_name": "structure", "class_id": null, "dist_to_line": null, "risk_level": null, "area_m2": 80.86844346556245, "perimeter_m": 38.922294235713458, "compactness": 0.67079850374822991, "dist_bin": 2 }, "geometry": { "type": "Polygon", "coordinates": [ [ [ 32.076677559955868, 0.035140083687409 ], [ 32.076637985861211, 0.035066871626022 ], [ 32.076681517365337, 0.035047084582394 ], [ 32.076752750735729, 0.035149977209214 ], [ 32.076717134050533, 0.03517372166154 ], [ 32.076677559955868, 0.035140083687409 ] ] ] } },
{ "type": "Feature", "properties": { "fid": 756, "class_name": "disturbance", "class_id": null, "dist_to_line": null, "risk_level": null, "area_m2": 47.976485517370747, "perimeter_m": 28.232327860792182, "compactness": 0.75638849992839607, "dist_bin": 2 }, "geometry": { "type": "Polygon", "coordinates": [ [ [ 32.076659751613271, 0.034681024274528 ], [ 32.076630071042274, 0.034712683544453 ], [ 32.07666568772747, 0.034774023379904 ], [ 32.076715155345795, 0.034732470588152 ], [ 32.076659751613271, 0.034681024274528 ] ] ] } },
{ "type": "Feature", "properties": { "fid": 757, "class_name": "disturbance", "class_id": null, "dist_to_line": null, "risk_level": null, "area_m2": 81.976929967382603, "perimeter_m": 49.548533412991205, "compactness": 0.41960427608941908, "dist_bin": 2 }, "geometry": { "type": "Polygon", "coordinates": [ [ [ 32.076843771153449, 0.034815576171639 ], [ 32.076944685094851, 0.0349758512253 ], [ 32.076994152713169, 0.034922426207443 ], [ 32.076994152713169, 0.034922426207443 ], [ 32.076843771153449, 0.034815576171639 ] ] ] } },
{ "type": "Feature", "properties": { "fid": 758, "class_name": "disturbance", "class_id": null, "dist_to_line": null, "risk_level": null, "area_m2": 76.506881907869683, "perimeter_m": 36.566571795670093, "compactness": 0.71902149576863883, "dist_bin": 2 }, "geometry": { "type": "Polygon", "coordinates": [ [ [ 32.113271725291099, 0.061349997062754 ], [ 32.11325787435797, 0.061375720209533 ], [ 32.113285576224236, 0.061454868353391 ], [ 32.113342958661505, 0.061454868353391 ], [ 32.113366703118295, 0.061425187799458 ], [ 32.113271725291099, 0.061349997062754 ] ] ] } },
{ "type": "Feature", "properties": { "fid": 759, "class_name": "disturbance", "class_id": null, "dist_to_line": null, "risk_level": null, "area_m2": 30.072643241332116, "perimeter_m": 21.96394537014281, "compactness": 0.78335885413785666, "dist_bin": 2 }, "geometry": { "type": "Polygon", "coordinates": [ [ [ 32.113188619692316, 0.061729908152383 ], [ 32.113218300263313, 0.061690334080673 ], [ 32.113255895653239, 0.061718035930873 ], [ 32.113226215082243, 0.061761567409729 ], [ 32.113188619692316, 0.061729908152383 ] ] ] } },
{ "type": "Feature", "properties": { "fid": 760, "class_name": "disturbance", "class_id": null, "dist_to_line": null, "risk_level": null, "area_m2": 69.036626173125114, "perimeter_m": 33.30088864255255, "compactness": 0.78230801074857781, "dist_bin": 2 }, "geometry": { "type": "Polygon", "coordinates": [ [ [ 32.222510077495294, 0.13817902221934 ], [ 32.222471492753002, 0.138111746453962 ], [ 32.222531843247353, 0.138077119221707 ], [ 32.222574385399128, 0.138145384336674 ], [ 32.222510077495294, 0.13817902221934 ] ] ] } },
{ "type": "Feature", "properties": { "fid": 761, "class_name": "disturbance", "class_id": null, "dist_to_line": null, "risk_level": null, "area_m2": 46.940046572522988, "perimeter_m": 31.899367902515163, "compactness": 0.57968121277633788, "dist_bin": 2 }, "geometry": { "type": "Polygon", "coordinates": [ [ [ 32.226088565005227, 0.140660310608539 ], [ 32.226187500241885, 0.14063458752451 ], [ 32.226179585422955, 0.140713735475278 ], [ 32.226088565005227, 0.140660310608539 ] ] ] } },
{ "type": "Feature", "properties": { "fid": 762, "class_name": "disturbance", "class_id": null, "dist_to_line": null, "risk_level": null, "area_m2": 136.0000159714109, "perimeter_m": 56.355746406444993, "compactness": 0.53811167042182773, "dist_bin": 2 }, "geometry": { "type": "Polygon", "coordinates": [ [ [ 32.311964350424866, 0.199441430645001 ], [ 32.311986116176939, 0.199479025807122 ], [ 32.312003924519537, 0.199514642276421 ], [ 32.312011839338467, 0.199550258745642 ], [ 32.312041519909464, 0.199574003058413 ], [ 32.31207713659466, 0.199613576912956 ], [ 32.31213847644139, 0.199536407896509 ], [ 32.311964350424866, 0.199441430645001 ] ] ] } },
{ "type": "Feature", "properties": { "fid": 763, "class_name": "structure", "class_id": null, "dist_to_line": null, "risk_level": null, "area_m2": 56.535737789246923, "perimeter_m": 39.529007349744553, "compactness": 0.45467503729020281, "dist_bin": 2 }, "geometry": { "type": "Polygon", "coordinates": [ [ [ 32.380412693907104, 0.257531779807859 ], [ 32.380416651316573, 0.257484291373883 ], [ 32.380425555487875, 0.257442738994009 ], [ 32.380325630898852, 0.257400197271617 ], [ 32.380325630898852, 0.257400197271617 ], [ 32.380412693907104, 0.257531779807859 ] ] ] } },
{ "type": "Feature", "properties": { "fid": 764, "class_name": "structure", "class_id": null, "dist_to_line": null, "risk_level": null, "area_m2": 88.841386006555695, "perimeter_m": 46.052801253057169, "compactness": 0.52639661153529249, "dist_bin": 2 }, "geometry": { "type": "Polygon", "coordinates": [ [ [ 32.452950030720416, 0.340580836317293 ], [ 32.452940137196748, 0.340620409712718 ], [ 32.453098433575398, 0.340665919117255 ], [ 32.453106348394329, 0.34061843104295 ], [ 32.452950030720416, 0.340580836317293 ] ] ] } }
]
}
