{
"type": "FeatureCollection",
"name": "Kawanda_Masaka_220Line_Annotations",
"crs": { "type": "name", "properties": { "name": "urn:ogc:def:crs:EPSG::32636" } },
"features": [
{ "type": "Feature", "properties": { "fid": 1, "class_name": "disturbance", "class_id": null, "dist_to_line": null, "risk_level": null, "area_m2": 333.52368012558145, "perimeter_m": 81.318476029340758, "compactness": 0.63380852471012483, "dist_bin": 2 }, "geometry": { "type": "Polygon", "coordinates": [ [ [ 448702.022139000880998, 45835.197119543721783 ], [ 448694.094933924439829, 45823.824773352724151 ], [ 448698.498110486369114, 45815.951034571007767 ], [ 448711.415982758277096, 45825.28181721400324 ], [ 448713.471182098146528, 45828.197802098373359 ], [ 448716.113176278129686, 45824.989933349657804 ], [ 448721.397775659686886, 45829.072172056774434 ], [ 448721.691639864060562, 45834.029532551510783 ], [ 448718.462613288138527, 45839.278708556033962 ], [ 448702.022139000880998, 45835.197119543721783 ] ] ] } },
{ "type": "Feature", "properties": { "fid": 2, "class_name": "disturbance", "class_id": null, "dist_to_line": null, "risk_level": null, "area_m2": 217.90848786452261, "perimeter_m": 58.278433007272504, "compactness": 0.80624731096670488, "dist_bin": 2 }, "geometry": { "type": "Polygon", "coordinates": [ [ [ 448609.544509046245366, 45813.04011239718966 ], [ 448617.470236933790147, 45799.042346570058726 ], [ 448620.112282275105827, 45796.709308620804222 ], [ 448628.039199986902531, 45803.12427751856012 ], [ 448626.278391690808348, 45814.20557874822407 ], [ 448619.52623575105099, 45815.664024828765832 ], [ 448609.544509046245366, 45813.04011239718966 ] ] ] } },
{ "type": "Feature", "properties": { "fid": 3, "class_name": "disturbance", "class_id": null, "dist_to_line": null, "risk_level": null, "area_m2": 46.220386094064452, "perimeter_m": 31.576846689421277, "compactness": 0.58251339418830617, "dist_bin": 2 }, "geometry": { "type": "Polygon", "coordinates": [ [ [ 448542.31233610358322, 45755.888371636057855 ], [ 448544.661044069973286, 45757.637897899207019 ], [ 448544.661214123712853, 45760.554003252378607 ], [ 448546.71639735554345, 45763.178378213982796 ], [ 448552.000743633019738, 45762.886459523848316 ], [ 448552.000743633019738, 45762.886459523848316 ], [ 448554.349111485411413, 45758.803775139364006 ], [ 448542.31233610358322, 45755.888371636057855 ] ] ] } },
{ "type": "Feature", "properties": { "fid": 4, "class_name": "disturbance", "class_id": null, "dist_to_line": null, "risk_level": null, "area_m2": 111.24598582801627, "perimeter_m": 44.42149104792928, "compactness": 0.70844795187780307, "dist_bin": 2 }, "geometry": { "type": "Polygon", "coordinates": [ [ [ 448501.50569822936086, 45762.597794877539854 ], [ 448501.505153615027666, 45753.266257221883279 ], [ 448511.486695331986994, 45752.682453686080407 ], [ 448510.899935174034908, 45759.389530567350448 ], [ 448509.13870188430883, 45763.180570478471054 ], [ 448510.606614683696534, 45763.763705906188989 ], [ 448510.900275528430939, 45765.221741503744852 ], [ 448502.680154441448394, 45765.222221279938822 ], [ 448501.50569822936086, 45762.597794877539854 ] ] ] } },
{ "type": "Feature", "properties": { "fid": 5, "class_name": "structure", "class_id": null, "dist_to_line": null, "risk_level": null, "area_m2": 46.734443877243393, "perimeter_m": 26.950149221559059, "compactness": 0.80858297848695448, "dist_bin": 2 }, "geometry": { "type": "Polygon", "coordinates": [ [ [ 448504.442187741631642, 45775.136877050514158 ], [ 448504.441864293301478, 45769.596276677657443 ], [ 448512.368358512991108, 45768.720982374485175 ], [ 448512.075021049822681, 45772.803547119612631 ], [ 448509.726602305890992, 45776.011400186682295 ], [ 448504.442187741631642, 45775.136877050514158 ] ] ] } },
{ "type": "Feature", "properties": { "fid": 6, "class_name": null, "class_id": null, "dist_to_line": null, "risk_level": null, "area_m2": 104.99188318093002, "perimeter_m": 49.924496244520462, "compactness": 0.52934425832029852, "dist_bin": 2 }, "geometry": { "type": "Polygon", "coordinates": [ [ [ 448485.065319515822921, 45760.265870172886935 ], [ 448484.183996390551329, 45750.059552026039455 ], [ 448486.826178285176866, 45750.059397799632279 ], [ 448486.532262116903439, 45744.227203718975943 ], [ 448493.28447071055416, 45743.643588550003187 ], [ 448492.404390134382993, 45754.724841147406551 ], [ 448489.762208272470161, 45754.7249953728533 ], [ 448489.175431258452591, 45761.140461885384866 ], [ 448485.065319515822921, 45760.265870172886935 ] ] ] } },
{ "type": "Feature", "properties": { "fid": 7, "class_name": "structure", "class_id": null, "dist_to_line": null, "risk_level": null, "area_m2": 50.80390171133331, "perimeter_m": 28.849132854612861, "compactness": 0.76708131445604355, "dist_bin": 2 }, "geometry": { "type": "Polygon", "coordinates": [ [ [ 448468.625315065844916, 45764.349378055005218 ], [ 448466.863366544945166, 45755.892774586674932 ], [ 448472.73483086260967, 45755.017600023355044 ], [ 448474.790303981513716, 45762.599354625330307 ], [ 448468.625315065844916, 45764.349378055005218 ] ] ] } },
{ "type": "Feature", "properties": { "fid": 8, "class_name": "structure", "class_id": null, "dist_to_line": null, "risk_level": null, "area_m2": 47.891047488057666, "perimeter_m": 29.144646036718001, "compactness": 0.70851105317739727, "dist_bin": 2 }, "geometry": { "type": "Polygon", "coordinates": [ [ [ 448469.799073164991569, 45755.017771451981389 ], [ 448469.211649177479558, 45750.35203669143084 ], [ 448479.193140248593409, 45748.893401113004074 ], [ 448478.606227049021982, 45752.97598326462321 ], [ 448478.01910956390202, 45753.559238668123726 ], [ 448478.01917766610859, 45754.725680914976692 ], [ 448469.799073164991569, 45755.017771451981389 ] ] ] } },
{ "type": "Feature", "properties": { "fid": 9, "class_name": "structure", "class_id": null, "dist_to_line": null, "risk_level": null, "area_m2": 51.403616959334613, "perimeter_m": 30.639227002845402, "compactness": 0.68809425866344331, "dist_bin": 2 }, "geometry": { "type": "Polygon", "coordinates": [ [ [ 448465.688654764206149, 45748.894189561164239 ], [ 448465.394653329974972, 45741.603942470908805 ], [ 448473.614740982826333, 45741.02024146002077 ], [ 448473.90850400517229, 45744.227940560180286 ], [ 448471.266373122227378, 45745.10292650754127 ], [ 448470.973018676973879, 45748.893881013354985 ], [ 448465.688654764206149, 45748.894189561164239 ] ] ] } },
{ "type": "Feature", "properties": { "fid": 10, "class_name": "structure", "class_id": null, "dist_to_line": null, "risk_level": null, "area_m2": 6.6931850874589145, "perimeter_m": 10.931037807170521, "compactness": 0.7039144912863291, "dist_bin": 2 }, "geometry": { "type": "Polygon", "coordinates": [ [ [ 448453.066174078325275, 45770.765719461567642 ], [ 448452.625605947803706, 45767.266418398139649 ], [ 448454.533822910278104, 45766.82889105209324 ], [ 448454.82761166500859, 45770.474005969430436 ], [ 448453.066174078325275, 45770.765719461567642 ] ] ] } },
{ "type": "Feature", "properties": { "fid": 11, "class_name": "structure", "class_id": null, "dist_to_line": null, "risk_level": null, "area_m2": 10.409232579026138, "perimeter_m": 13.969139903254405, "compactness": 0.67033090488045199, "dist_bin": 2 }, "geometry": { "type": "Polygon", "coordinates": [ [ [ 448441.909476714732591, 45756.769063958527113 ], [ 448442.056128301366698, 45754.436170784931164 ], [ 448446.753323745680973, 45754.144285786322143 ], [ 448446.753442999499384, 45756.185559797435417 ], [ 448441.909476714732591, 45756.769063958527113 ] ] ] } },
{ "type": "Feature", "properties": { "fid": 12, "class_name": "disturbance", "class_id": null, "dist_to_line": null, "risk_level": null, "area_m2": 484.84317158398062, "perimeter_m": 125.82465028460346, "compactness": 0.38483953703280632, "dist_bin": 2 }, "geometry": { "type": "Polygon", "coordinates": [ [ [ 448440.736059760150965, 45771.932882330089342 ], [ 448439.854437731264625, 45756.623378746400704 ], [ 448447.487382446648553, 45756.185516919111251 ], [ 448447.046865453536157, 45753.561047489034536 ], [ 448441.468959701654967, 45754.144594514582423 ], [ 448441.468959701654967, 45754.144594514582423 ], [ 448440.14721279963851, 45742.917664462540415 ], [ 448444.110349636350293, 45740.584548337261367 ], [ 448444.25666068517603, 45732.419443523227528 ], [ 448452.623664226848632, 45734.022813155504991 ], [ 448454.680602277745493, 45766.683077192516066 ], [ 448452.478792502952274, 45766.829011124471435 ], [ 448452.332234650035389, 45770.765762348913995 ], [ 448455.121204475697596, 45770.765599380218191 ], [ 448455.561857812514063, 45775.72295323444996 ], [ 448440.736059760150965, 45771.932882330089342 ] ] ] } },
{ "type": "Feature", "properties": { "fid": 13, "class_name": "structure", "class_id": null, "dist_to_line": null, "risk_level": null, "area_m2": 17.991282763832714, "perimeter_m": 18.213767587346979, "compactness": 0.68151028159458438, "dist_bin": 2 }, "geometry": { "type": "Polygon", "coordinates": [ [ [ 448249.738777887716424, 45322.863565569721686 ], [ 448249.738633903383743, 45320.38487387868372 ], [ 448255.903687473153695, 45319.655488823002088 ], [ 448255.903882251004688, 45323.009012850190629 ], [ 448249.738777887716424, 45322.863565569721686 ] ] ] } },
{ "type": "Feature", "properties": { "fid": 14, "class_name": "disturbance", "class_id": null, "dist_to_line": null, "risk_level": null, "area_m2": 312.35233575266102, "perimeter_m": 78.070384161070777, "compactness": 0.64399424914732339, "dist_bin": 2 }, "geometry": { "type": "Polygon", "coordinates": [ [ [ 448224.776653120818082, 45182.162795431700943 ], [ 448224.188487480569165, 45164.66617877943645 ], [ 448232.114914354926441, 45162.478638403001241 ], [ 448239.455632927652914, 45185.223858864221256 ], [ 448240.483292666845955, 45187.702491436313721 ], [ 448229.474275418673642, 45189.161183422904287 ], [ 448223.749534017581027, 45189.015709722407337 ], [ 448222.281298917601816, 45182.891967119248875 ], [ 448224.776653120818082, 45182.162795431700943 ] ] ] } },
{ "type": "Feature", "properties": { "fid": 15, "class_name": "agricultural_activity", "class_id": null, "dist_to_line": null, "risk_level": null, "area_m2": 1599.5128614305286, "perimeter_m": 204.8833910687481, "compactness": 0.47883302208258249, "dist_bin": 2 }, "geometry": { "type": "Polygon", "coordinates": [ [ [ 448064.898683231207542, 44736.153088190752896 ], [ 448089.411076288262848, 44714.864072125979874 ], [ 448030.545638445415534, 44655.816215601269505 ], [ 448055.357001683325507, 44728.280138949332468 ], [ 448064.898683231207542, 44736.153088190752896 ] ] ] } },
{ "type": "Feature", "properties": { "fid": 16, "class_name": "disturbance", "class_id": null, "dist_to_line": null, "risk_level": null, "area_m2": 289.24264610782393, "perimeter_m": 75.743619274550184, "compactness": 0.63354881575169186, "dist_bin": 2 }, "geometry": { "type": "Polygon", "coordinates": [ [ [ 447660.328620057029184, 44357.373435327805055 ], [ 447670.750989318592474, 44364.371507602059864 ], [ 447672.658976879145484, 44359.851422568666749 ], [ 447680.292276702064555, 44365.245792970337789 ], [ 447683.081027376116253, 44361.308880004500679 ], [ 447682.493597767374013, 44356.497327173594385 ], [ 447682.640293849923182, 44354.89345653806231 ], [ 447683.961337939603254, 44354.018546685816546 ], [ 447683.080139146419242, 44345.853480606492667 ], [ 447669.428897471399978, 44347.020710387085273 ], [ 447667.080570162739605, 44351.978237765768426 ], [ 447660.328620057029184, 44357.373435327805055 ] ] ] } },
{ "type": "Feature", "properties": { "fid": 17, "class_name": "agricultural_activity", "class_id": null, "dist_to_line": null, "risk_level": null, "area_m2": 444.42842373297026, "perimeter_m": 94.246542136599018, "compactness": 0.62875411527922409, "dist_bin": 2 }, "geometry": { "type": "Polygon", "coordinates": [ [ [ 447412.257125067058951, 44369.781218263735354 ], [ 447435.303850068594329, 44386.40173630460049 ], [ 447442.349705532426015, 44386.69294057533989 ], [ 447449.834982609201688, 44370.653881629419629 ], [ 447448.366838540066965, 44366.13398979849444 ], [ 447412.257125067058951, 44369.781218263735354 ] ] ] } },
{ "type": "Feature", "properties": { "fid": 18, "class_name": "disturbance", "class_id": null, "dist_to_line": null, "risk_level": null, "area_m2": 218.78726153778189, "perimeter_m": 66.377167949283603, "compactness": 0.62401418021329724, "dist_bin": 2 }, "geometry": { "type": "Polygon", "coordinates": [ [ [ 447395.526453738915734, 44425.042546602977382 ], [ 447404.187242238083854, 44429.853633341321256 ], [ 447406.388788346783258, 44425.041917961578292 ], [ 447406.682094974035863, 44420.376118697138736 ], [ 447406.682094974035863, 44420.376118697138736 ], [ 447414.608132048859261, 44411.189901261554041 ], [ 447404.039002885692753, 44404.77506187070685 ], [ 447395.526453738915734, 44425.042546602977382 ] ] ] } },
{ "type": "Feature", "properties": { "fid": 19, "class_name": "disturbance", "class_id": null, "dist_to_line": null, "risk_level": null, "area_m2": 229.817655609746, "perimeter_m": 78.644872859906641, "compactness": 0.46693069531875891, "dist_bin": 2 }, "geometry": { "type": "Polygon", "coordinates": [ [ [ 447369.546696750505362, 44455.663247852702625 ], [ 447373.363319443014916, 44457.85011215837585 ], [ 447377.326392481452785, 44454.204740097462491 ], [ 447379.821903483825736, 44456.100069572697976 ], [ 447377.179967450036202, 44460.474393540527672 ], [ 447379.675410862080753, 44461.203277421882376 ], [ 447389.361994813021738, 44436.269942215105402 ], [ 447386.132592977082822, 44435.249489316964173 ], [ 447378.940109463408589, 44437.728602707567916 ], [ 447369.546696750505362, 44455.663247852702625 ] ] ] } },
{ "type": "Feature", "properties": { "fid": 20, "class_name": "disturbance", "class_id": null, "dist_to_line": null, "risk_level": null, "area_m2": 141.6280241152017, "perimeter_m": 53.28319448358868, "compactness": 0.62687153803846429, "dist_bin": 2 }, "geometry": { "type": "Polygon", "coordinates": [ [ [ 447348.264396038546693, 44490.220432211310253 ], [ 447350.025889533862937, 44490.803552803954517 ], [ 447353.989114540570881, 44489.782683013458154 ], [ 447357.218550257966854, 44491.386358328796632 ], [ 447358.393068133911584, 44495.031432563519047 ], [ 447361.182155828457326, 44496.926744785880146 ], [ 447364.998313372023404, 44491.094295685245015 ], [ 447362.35595480131451, 44488.178335055024945 ], [ 447362.942896610707976, 44484.533158642509079 ], [ 447361.18120866897516, 44480.596507023583399 ], [ 447357.805111490597483, 44481.1799255954611 ], [ 447353.254733229114208, 44482.200829384295503 ], [ 447351.199832268175669, 44484.533839732735942 ], [ 447348.264396038546693, 44490.220432211310253 ] ] ] } },
{ "type": "Feature", "properties": { "fid": 21, "class_name": "disturbance", "class_id": null, "dist_to_line": null, "risk_level": null, "area_m2": 198.91103707955335, "perimeter_m": 58.39284635458641, "compactness": 0.73307676537405808, "dist_bin": 2 }, "geometry": { "type": "Polygon", "coordinates": [ [ [ 447240.240558602497913, 44702.374000387470005 ], [ 447252.717835757299326, 44707.03905343801307 ], [ 447256.680038328922819, 44688.521500486138393 ], [ 447247.725867430155631, 44687.063966395355237 ], [ 447240.240558602497913, 44702.374000387470005 ] ] ] } },
{ "type": "Feature", "properties": { "fid": 22, "class_name": "disturbance", "class_id": null, "dist_to_line": null, "risk_level": null, "area_m2": 84.741207010752987, "perimeter_m": 41.395140649296501, "compactness": 0.62144941640256268, "dist_bin": 2 }, "geometry": { "type": "Polygon", "coordinates": [ [ [ 447249.487011993944179, 44681.669053229124984 ], [ 447256.679791503760498, 44684.29313568508951 ], [ 447259.761622335703578, 44671.899472658726154 ], [ 447256.82560974516673, 44667.671279092341138 ], [ 447249.487011993944179, 44681.669053229124984 ] ] ] } },
{ "type": "Feature", "properties": { "fid": 23, "class_name": "disturbance", "class_id": null, "dist_to_line": null, "risk_level": null, "area_m2": 89.035592347747297, "perimeter_m": 44.704216105328484, "compactness": 0.55985627295839979, "dist_bin": 2 }, "geometry": { "type": "Polygon", "coordinates": [ [ [ 447261.081951383559499, 44658.776883894235652 ], [ 447276.788630354218185, 44664.462389470310882 ], [ 447279.577310268650763, 44659.359027932077879 ], [ 447262.843155778304208, 44654.402610554272542 ], [ 447261.081951383559499, 44658.776883894235652 ] ] ] } },
{ "type": "Feature", "properties": { "fid": 24, "class_name": "disturbance", "class_id": null, "dist_to_line": null, "risk_level": null, "area_m2": 73.100395683264651, "perimeter_m": 35.566532657831075, "compactness": 0.72618376452311251, "dist_bin": 2 }, "geometry": { "type": "Polygon", "coordinates": [ [ [ 447273.265226669725962, 44656.151670967519749 ], [ 447281.925973929930478, 44660.233725073761889 ], [ 447283.686948848422617, 44651.922698460744868 ], [ 447272.530928109423257, 44650.027874994942977 ], [ 447273.265226669725962, 44656.151670967519749 ] ] ] } },
{ "type": "Feature", "properties": { "fid": 25, "class_name": "disturbance", "class_id": null, "dist_to_line": null, "risk_level": null, "area_m2": 55.901585213796352, "perimeter_m": 33.528261443210603, "compactness": 0.62490200599743151, "dist_bin": 2 }, "geometry": { "type": "Polygon", "coordinates": [ [ [ 447287.356630620954093, 44651.48506748136424 ], [ 447293.228264209115878, 44653.234393399616238 ], [ 447294.108662509068381, 44647.547920487777446 ], [ 447294.108662509068381, 44647.547920487777446 ], [ 447293.080983022751752, 44644.777672410600644 ], [ 447290.7322259118082, 44642.299112675304059 ], [ 447287.502866497670766, 44642.007689514095546 ], [ 447286.328747121733613, 44645.215483002379187 ], [ 447289.264580938150175, 44646.381757354356523 ], [ 447287.356630620954093, 44651.48506748136424 ] ] ] } },
{ "type": "Feature", "properties": { "fid": 26, "class_name": "disturbance", "class_id": null, "dist_to_line": null, "risk_level": null, "area_m2": 430.23832130841947, "perimeter_m": 109.37888642838013, "compactness": 0.45191000792392377, "dist_bin": 2 }, "geometry": { "type": "Polygon", "coordinates": [ [ [ 447153.504400311911013, 44970.36990912683541 ], [ 447151.889729402610101, 44970.370004167074512 ], [ 447152.182507901161443, 44956.810060650714149 ], [ 447148.365978634683415, 44956.227062592595757 ], [ 447141.760420751408674, 44954.769394710070628 ], [ 447144.695516932930332, 44943.396380286583735 ], [ 447147.044215038011316, 44944.854298736820056 ], [ 447149.83301203045994, 44941.792215751265758 ], [ 447149.539375451044179, 44940.771593383593427 ], [ 447149.539375451044179, 44940.771593383593427 ], [ 447153.502675881143659, 44941.062971575025585 ], [ 447153.502624422893859, 44940.188137603741779 ], [ 447154.823650237405673, 44939.021614603589114 ], [ 447155.55747152492404, 44936.980292168933374 ], [ 447157.318999356590211, 44938.146633866104821 ], [ 447159.22706678166287, 44935.084602748152975 ], [ 447161.72238161182031, 44933.626399391498126 ], [ 447162.456520155363251, 44936.979886437875393 ], [ 447165.979498597036581, 44938.000318896498356 ], [ 447168.621661681740079, 44937.562746552634053 ], [ 447169.208857615129091, 44938.291740324952116 ], [ 447153.504400311911013, 44970.36990912683541 ] ] ] } },
{ "type": "Feature", "properties": { "fid": 27, "class_name": "disturbance", "class_id": null, "dist_to_line": null, "risk_level": null, "area_m2": 494.67492466024942, "perimeter_m": 107.57138080143562, "compactness": 0.53720033357137131, "dist_bin": 2 }, "geometry": { "type": "Polygon", "coordinates": [ [ [ 447115.047257168393116, 44993.846885276259854 ], [ 447114.90012521162862, 44988.014667479408672 ], [ 447112.698052017192822, 44983.786433015935472 ], [ 447112.257481024076696, 44980.287123048612557 ], [ 447109.761908603948541, 44977.371156795059505 ], [ 447114.459004436503164, 44975.183795104610908 ], [ 447115.633147416810971, 44972.413418315707531 ], [ 447119.449848579592071, 44975.912529427645495 ], [ 447126.202031679917127, 44974.59988075910951 ], [ 447128.256801259354688, 44970.079784218964051 ], [ 447130.164799780002795, 44965.851307652817923 ], [ 447133.100693936867174, 44968.038219724236114 ], [ 447133.981569493887946, 44970.516864105280547 ], [ 447134.275249054306187, 44972.266514746552275 ], [ 447138.825685339223128, 44972.266246812752797 ], [ 447139.266135987825692, 44973.724277479021112 ], [ 447136.477545293048024, 44980.285696366285265 ], [ 447138.385809921193868, 44980.577195305580972 ], [ 447138.679635469801724, 44984.805542098103615 ], [ 447136.184252139355522, 44985.097300384222763 ], [ 447136.771611310017761, 44988.59660158623592 ], [ 447131.634107926045544, 44990.054960797955573 ], [ 447131.634193821111694, 44991.513017378136283 ], [ 447129.726023683499079, 44992.825380721464171 ], [ 447127.817870729835704, 44994.429355389904231 ], [ 447126.790241191280074, 44992.533942370842851 ], [ 447123.854544599249493, 44993.70056061905052 ], [ 447120.91886518948013, 44995.158790203066019 ], [ 447115.047257168393116, 44993.846885276259854 ] ] ] } },
{ "type": "Feature", "properties": { "fid": 28, "class_name": "structure", "class_id": null, "dist_to_line": null, "risk_level": null, "area_m2": 30.681597876347951, "perimeter_m": 27.176756076399982, "compactness": 0.52202656595472241, "dist_bin": 2 }, "geometry": { "type": "Polygon", "coordinates": [ [ [ 447093.323109043994918, 45002.596505690031336 ], [ 447095.965358094370458, 45003.616989527210535 ], [ 447100.221641970099881, 44993.847759118529211 ], [ 447097.579384328215383, 44992.681469565504813 ], [ 447093.323109043994918, 45002.596505690031336 ] ] ] } },
{ "type": "Feature", "properties": { "fid": 29, "class_name": "structure", "class_id": null, "dist_to_line": null, "risk_level": null, "area_m2": 43.189815776357136, "perimeter_m": 30.864173152978637, "compactness": 0.56974683600785148, "dist_bin": 2 }, "geometry": { "type": "Polygon", "coordinates": [ [ [ 447085.690987598034553, 45017.323327866288309 ], [ 447089.507551412389148, 45018.489548007884878 ], [ 447093.324072192888707, 45018.926739848764555 ], [ 447093.470757250208408, 45017.17706325846666 ], [ 447091.122127753566019, 45016.885590477788355 ], [ 447093.91080384835368, 45011.782227809831966 ], [ 447088.919908083509654, 45010.178659889737901 ], [ 447085.690987598034553, 45017.323327866288309 ] ] ] } },
{ "type": "Feature", "properties": { "fid": 30, "class_name": "structure", "class_id": null, "dist_to_line": null, "risk_level": null, "area_m2": 21.675268221941224, "perimeter_m": 18.769464765873398, "compactness": 0.77316211903440035, "dist_bin": 2 }, "geometry": { "type": "Polygon", "coordinates": [ [ [ 447067.051098156021908, 45054.942288956495759 ], [ 447071.161255741899367, 45056.400102789149969 ], [ 447072.482143463857938, 45052.900688943234854 ], [ 447072.188420547521673, 45050.422010067959491 ], [ 447069.986562097386923, 45049.838917458357173 ], [ 447067.051098156021908, 45054.942288956495759 ] ] ] } },
{ "type": "Feature", "properties": { "fid": 31, "class_name": "structure", "class_id": null, "dist_to_line": null, "risk_level": null, "area_m2": 6.2434060782543384, "perimeter_m": 11.778368008594487, "compactness": 0.5655372398626306, "dist_bin": 2 }, "geometry": { "type": "Polygon", "coordinates": [ [ [ 447085.252834450220689, 45054.795408367688651 ], [ 447086.28010264353361, 45050.566983651464398 ], [ 447087.601197019568644, 45050.566905655672599 ], [ 447086.72073430288583, 45055.08693300862069 ], [ 447085.252834450220689, 45054.795408367688651 ] ] ] } },
{ "type": "Feature", "properties": { "fid": 32, "class_name": "structure", "class_id": null, "dist_to_line": null, "risk_level": null, "area_m2": 9.381175606729812, "perimeter_m": 12.310295592099763, "compactness": 0.77791145589380051, "dist_bin": 2 }, "geometry": { "type": "Polygon", "coordinates": [ [ [ 447080.260940215724986, 45036.278384370227286 ], [ 447083.196696955885272, 45036.132405424177705 ], [ 447083.34329589700792, 45032.924672235152684 ], [ 447080.554318808834068, 45032.924836843987578 ], [ 447080.260940215724986, 45036.278384370227286 ] ] ] } },
{ "type": "Feature", "properties": { "fid": 33, "class_name": "structure", "class_id": null, "dist_to_line": null, "risk_level": null, "area_m2": 11.330235737805197, "perimeter_m": 14.590784922532078, "compactness": 0.66879266063710208, "dist_bin": 2 }, "geometry": { "type": "Polygon", "coordinates": [ [ [ 447083.784047967928927, 45039.485900939376734 ], [ 447088.481341326842085, 45040.652068951814726 ], [ 447089.361967649310827, 45038.902349069205229 ], [ 447084.517842994013336, 45037.00716140687291 ], [ 447083.784047967928927, 45039.485900939376734 ] ] ] } },
{ "type": "Feature", "properties": { "fid": 34, "class_name": "structure", "class_id": null, "dist_to_line": null, "risk_level": null, "area_m2": 4.0159043710809783, "perimeter_m": 9.2515670230948679, "compactness": 0.58960699567098696, "dist_bin": 2 }, "geometry": { "type": "Polygon", "coordinates": [ [ [ 447085.839445181656629, 45045.609617292982875 ], [ 447087.013768515200354, 45045.901159285793256 ], [ 447088.041097018809523, 45042.693374158625375 ], [ 447087.013553341850638, 45042.256017835978128 ], [ 447085.839445181656629, 45045.609617292982875 ] ] ] } },
{ "type": "Feature", "properties": { "fid": 35, "class_name": "structure", "class_id": null, "dist_to_line": null, "risk_level": null, "area_m2": 10.237903371581524, "perimeter_m": 12.848709263677312, "compactness": 0.77929499309224659, "dist_bin": 2 }, "geometry": { "type": "Polygon", "coordinates": [ [ [ 447081.434747233986855, 45027.821586717313039 ], [ 447084.957708697067574, 45028.550407123482728 ], [ 447085.104307677946053, 45025.342673916893546 ], [ 447082.315296155691613, 45024.759615844755899 ], [ 447081.434747233986855, 45027.821586717313039 ] ] ] } },
{ "type": "Feature", "properties": { "fid": 36, "class_name": "structure", "class_id": null, "dist_to_line": null, "risk_level": null, "area_m2": 7.6248425703397515, "perimeter_m": 15.205528852914252, "compactness": 0.41441711784900015, "dist_bin": 2 }, "geometry": { "type": "Polygon", "coordinates": [ [ [ 447062.35465749562718, 45068.210881468985463 ], [ 447062.354545495705679, 45066.315407902176958 ], [ 447063.822419540549163, 45066.169515511966893 ], [ 447063.675415909849107, 45062.524382704978052 ], [ 447063.235042495653033, 45062.3786030624251 ], [ 447060.739969338057563, 45067.919365561960149 ], [ 447062.35465749562718, 45068.210881468985463 ] ] ] } },
{ "type": "Feature", "properties": { "fid": 37, "class_name": "disturbance", "class_id": null, "dist_to_line": null, "risk_level": null, "area_m2": 949.83317782778522, "perimeter_m": 181.82042409751654, "compactness": 0.3610537554935192, "dist_bin": 2 }, "geometry": { "type": "Polygon", "coordinates": [ [ [ 447106.09746476856526, 45066.604435641085729 ], [ 447104.189157157903537, 45065.583908744767541 ], [ 447103.455284734023735, 45066.750397286821681 ], [ 447099.638617832737509, 45063.834509583233739 ], [ 447098.023507959849667, 45056.398516598987044 ], [ 447101.399629346793517, 45056.252511645456252 ], [ 447101.986541407415643, 45052.169918687766767 ], [ 447103.894780190195888, 45052.024000403747777 ], [ 447103.307498064183164, 45049.836950252058159 ], [ 447101.986369292077143, 45049.253805606422247 ], [ 447102.279782316240016, 45046.483480844617588 ], [ 447101.105364357877988, 45044.588076632753655 ], [ 447100.37119072425412, 45040.651367243452114 ], [ 447099.930576425918844, 45036.423029193851107 ], [ 447101.251576165494043, 45034.819089019707462 ], [ 447105.508461612043902, 45035.256254833606363 ], [ 447104.187195200822316, 45032.340219649260689 ], [ 447100.223834649543278, 45031.028202557383338 ], [ 447099.343010435521137, 45029.424392282940971 ], [ 447088.921112377312966, 45030.591452489839867 ], [ 447085.838567369792145, 45030.737440058182983 ], [ 447085.838283433928154, 45025.92585325363325 ], [ 447087.59974265191704, 45025.925749315691064 ], [ 447088.039969805860892, 45023.59283275740745 ], [ 447098.755573516828008, 45024.612840193483862 ], [ 447098.90213815914467, 45020.821884396384121 ], [ 447098.755186486174352, 45018.051585520559456 ], [ 447097.72753101674607, 45015.718755562302249 ], [ 447099.342081567854621, 45013.677381083820364 ], [ 447104.773256050539203, 45013.822866447997512 ], [ 447109.617354808025993, 45015.280637390162155 ], [ 447115.635759634606075, 45016.738339096933487 ], [ 447121.213885576580651, 45019.654123336687917 ], [ 447127.525961351173464, 45022.715669941717351 ], [ 447106.09746476856526, 45066.604435641085729 ] ] ] } },
{ "type": "Feature", "properties": { "fid": 38, "class_name": "structure", "class_id": null, "dist_to_line": null, "risk_level": null, "area_m2": 9.2098354707886756, "perimeter_m": 12.409282113777424, "compactness": 0.75156824109073228, "dist_bin": 2 }, "geometry": { "type": "Polygon", "coordinates": [ [ [ 447098.025109436304774, 45083.518367821641732 ], [ 447095.676497329724953, 45083.518506556261855 ], [ 447095.235960301477462, 45080.602419563198055 ], [ 447099.199243242735974, 45080.602185465293587 ], [ 447098.025109436304774, 45083.518367821641732 ] ] ] } },
{ "type": "Feature", "properties": { "fid": 39, "class_name": "disturbance", "class_id": null, "dist_to_line": null, "risk_level": null, "area_m2": 153.66490767737014, "perimeter_m": 60.083403104887431, "compactness": 0.53490359582753855, "dist_bin": 2 }, "geometry": { "type": "Polygon", "coordinates": [ [ [ 447045.477939585282002, 45134.699258558204747 ], [ 447045.624520707176998, 45131.19991422991734 ], [ 447043.275856780586764, 45130.32521933424141 ], [ 447041.367264195112512, 45124.493106156121939 ], [ 447044.742928246734664, 45116.619401036252384 ], [ 447048.853042687114794, 45117.348186110415554 ], [ 447050.174344083294272, 45120.847443615428347 ], [ 447050.321503354993183, 45127.117077973081905 ], [ 447052.96389909129357, 45130.616257233356009 ], [ 447054.578475007263478, 45129.012299521302339 ], [ 447057.074255039158743, 45135.427600433104089 ], [ 447045.477939585282002, 45134.699258558204747 ] ] ] } },
{ "type": "Feature", "properties": { "fid": 40, "class_name": "disturbance", "class_id": null, "dist_to_line": null, "risk_level": null, "area_m2": 89.431690317025641, "perimeter_m": 37.639097614446214, "compactness": 0.79327341076919278, "dist_bin": 2 }, "geometry": { "type": "Polygon", "coordinates": [ [ [ 447012.599252438463736, 45166.486838353957864 ], [ 447017.88402729696827, 45173.193585090244596 ], [ 447023.902224834193476, 45171.151949271559715 ], [ 447019.497903121227864, 45159.779369465970376 ], [ 447015.828239839640446, 45160.508615195292805 ], [ 447012.599252438463736, 45166.486838353957864 ] ] ] } },
{ "type": "Feature", "properties": { "fid": 41, "class_name": "disturbance", "class_id": null, "dist_to_line": null, "risk_level": null, "area_m2": 596.19705770368273, "perimeter_m": 143.12264344587032, "compactness": 0.36574887124910854, "dist_bin": 2 }, "geometry": { "type": "Polygon", "coordinates": [ [ [ 447003.79385916236788, 45198.56460380381759 ], [ 446998.802850839914754, 45195.065564293596253 ], [ 447003.646387639222667, 45187.045966159908858 ], [ 447008.196979265369009, 45189.670197978994111 ], [ 447012.307240671187174, 45192.877678492994164 ], [ 447017.00434376404155, 45190.836120851781743 ], [ 447020.527192696987186, 45189.669466768944403 ], [ 447024.930710633518174, 45187.482120964188653 ], [ 447026.251701184024569, 45185.732374880244606 ], [ 447028.306633009691723, 45183.982585293146258 ], [ 447026.691875786869787, 45182.52462453948101 ], [ 447025.370669137628283, 45180.629229433936416 ], [ 447024.34309085237328, 45179.608650807094818 ], [ 447024.049453841522336, 45178.588028671416396 ], [ 447022.434627461072523, 45175.963622704781301 ], [ 447022.874897162546404, 45174.359734461082553 ], [ 447023.315184151870199, 45173.047457515516726 ], [ 447025.810472164361272, 45171.151836176868528 ], [ 447030.801238289976027, 45170.568317816578201 ], [ 447033.003027553437278, 45169.984964749623032 ], [ 447033.003027553437278, 45169.984964749623032 ], [ 447033.737115705909673, 45172.463617271438125 ], [ 447038.581084884237498, 45171.734302004464553 ], [ 447040.636146346572787, 45172.171597181448305 ], [ 447040.929869718209375, 45174.650275769432483 ], [ 447037.847532414656598, 45178.295599577744724 ], [ 447040.636561049614102, 45179.170268175555975 ], [ 447042.985302676679567, 45181.357213669776684 ], [ 447045.187212839722633, 45182.81513963186444 ], [ 447045.187307884392794, 45184.419001711044984 ], [ 447041.517713961657137, 45186.314692560488766 ], [ 447039.169300721783657, 45189.668361572134017 ], [ 447035.940097499638796, 45192.00144330238254 ], [ 447031.389851898537017, 45195.209437250334304 ], [ 447027.280040240089875, 45199.583850291033741 ], [ 447023.610264780698344, 45198.417622753586329 ], [ 447021.555289780371822, 45199.438384145920281 ], [ 447003.79385916236788, 45198.56460380381759 ] ] ] } },
{ "type": "Feature", "properties": { "fid": 42, "class_name": "agricultural_activity", "class_id": null, "dist_to_line": null, "risk_level": null, "area_m2": 1543.9947694049915, "perimeter_m": 158.44407503759064, "compactness": 0.77286507372840052, "dist_bin": 2 }, "geometry": { "type": "Polygon", "coordinates": [ [ [ 446937.012597826716956, 45322.940789609965577 ], [ 446969.747852358152159, 45347.725798156716337 ], [ 446986.919967235531658, 45312.294007069824147 ], [ 446953.30409704928752, 45289.404521732816647 ], [ 446937.012597826716956, 45322.940789609965577 ] ] ] } },
{ "type": "Feature", "properties": { "fid": 43, "class_name": "agricultural_activity", "class_id": null, "dist_to_line": null, "risk_level": null, "area_m2": 981.94914366031298, "perimeter_m": 174.2516205020558, "compactness": 0.40639205464711103, "dist_bin": 2 }, "geometry": { "type": "Polygon", "coordinates": [ [ [ 446936.572241766785737, 45323.086621481867041 ], [ 446969.307470276893582, 45347.434213121603534 ], [ 446950.520956954336725, 45387.386075562695623 ], [ 446941.713323672593106, 45381.700181209242146 ], [ 446954.041910378320608, 45354.433792926247406 ], [ 446928.206371503532864, 45340.875408223037084 ], [ 446936.572241766785737, 45323.086621481867041 ] ] ] } },
{ "type": "Feature", "properties": { "fid": 44, "class_name": "agricultural_activity", "class_id": null, "dist_to_line": null, "risk_level": null, "area_m2": 1116.1447392372647, "perimeter_m": 137.3202673304304, "compactness": 0.74380843692239873, "dist_bin": 2 }, "geometry": { "type": "Polygon", "coordinates": [ [ [ 446898.11844319361262, 45402.261377146125596 ], [ 446911.034259518666659, 45376.307202698626497 ], [ 446929.676835956517607, 45384.179594876804913 ], [ 446948.759680739080068, 45390.448098813249089 ], [ 446936.430939249228686, 45415.089985570637509 ], [ 446898.11844319361262, 45402.261377146125596 ] ] ] } },
{ "type": "Feature", "properties": { "fid": 45, "class_name": "agricultural_activity", "class_id": null, "dist_to_line": null, "risk_level": null, "area_m2": 1198.904469010653, "perimeter_m": 141.22518895867915, "compactness": 0.7553880568854886, "dist_bin": 2 }, "geometry": { "type": "Polygon", "coordinates": [ [ [ 446871.846598343981896, 45456.648449104344763 ], [ 446911.480031833460089, 45466.852473123813979 ], [ 446923.955541452509351, 45441.918965770499199 ], [ 446885.496204771101475, 45428.215534371447575 ], [ 446871.846598343981896, 45456.648449104344763 ] ] ] } },
{ "type": "Feature", "properties": { "fid": 46, "class_name": "disturbance", "class_id": null, "dist_to_line": null, "risk_level": null, "area_m2": 577.80908019290655, "perimeter_m": 106.03457107469444, "compactness": 0.64580181104741796, "dist_bin": 2 }, "geometry": { "type": "Polygon", "coordinates": [ [ [ 446849.831155566382222, 45503.307568956377509 ], [ 446870.528471055498812, 45506.222441955869726 ], [ 446881.097267238539644, 45506.950837277792743 ], [ 446886.234148312942125, 45495.140274270233931 ], [ 446875.518502750783227, 45493.391248123210971 ], [ 446878.600671651249286, 45486.975616073388665 ], [ 446860.10501375090098, 45481.290303537178261 ], [ 446849.831155566382222, 45503.307568956377509 ] ] ] } },
{ "type": "Feature", "properties": { "fid": 47, "class_name": "disturbance", "class_id": null, "dist_to_line": null, "risk_level": null, "area_m2": 305.9585758492176, "perimeter_m": 88.819794644472893, "compactness": 0.48736346043980622, "dist_bin": 2 }, "geometry": { "type": "Polygon", "coordinates": [ [ [ 446726.544592786871362, 45761.828348845127039 ], [ 446730.507918627350591, 45762.557137604511809 ], [ 446730.50801546353614, 45764.160999314459332 ], [ 446735.352061754383612, 45764.743929291864333 ], [ 446737.994372835673857, 45766.785048292658757 ], [ 446741.957751402980648, 45768.388670704764081 ], [ 446744.600009631423745, 45769.554956049374596 ], [ 446746.948383373150136, 45765.618062903093232 ], [ 446744.159354540228378, 45764.743397611113323 ], [ 446743.572034468932543, 45761.973126511620649 ], [ 446747.094731570978183, 45758.327773691278708 ], [ 446742.984573601046577, 45756.869965664227493 ], [ 446742.543980167421978, 45753.07904640698689 ], [ 446742.396989575703628, 45749.725526243521017 ], [ 446740.488663587137125, 45748.413390905960114 ], [ 446741.368944187357556, 45740.977251599710144 ], [ 446738.139418666774873, 45737.915528587167501 ], [ 446726.544592786871362, 45761.828348845127039 ] ] ] } },
{ "type": "Feature", "properties": { "fid": 48, "class_name": "disturbance", "class_id": null, "dist_to_line": null, "risk_level": null, "area_m2": 100.8688484485865, "perimeter_m": 47.451344974241977, "compactness": 0.56295006475834231, "dist_bin": 2 }, "geometry": { "type": "Polygon", "coordinates": [ [ [ 446740.194207414577249, 45733.832847446596134 ], [ 446744.744633368041832, 45733.686767332299496 ], [ 446749.001526837178972, 45734.269733006891329 ], [ 446749.441662836470641, 45730.478760548809078 ], [ 446750.909421897144057, 45728.437393456682912 ], [ 446752.377013912831899, 45723.625719741539797 ], [ 446749.881596626539249, 45723.334258991395473 ], [ 446749.29418878396973, 45719.105931613979919 ], [ 446747.826201092684641, 45717.356352756229171 ], [ 446740.194207414577249, 45733.832847446596134 ] ] ] } },
{ "type": "Feature", "properties": { "fid": 49, "class_name": "disturbance", "class_id": null, "dist_to_line": null, "risk_level": null, "area_m2": 68.099078007006938, "perimeter_m": 35.627216695154956, "compactness": 0.67419776034836076, "dist_bin": 2 }, "geometry": { "type": "Polygon", "coordinates": [ [ [ 446760.744786294642836, 45737.622553771274397 ], [ 446761.332158988458104, 45741.267658560173004 ], [ 446763.680691250134259, 45739.955266445984307 ], [ 446766.322879071696661, 45739.955107103727642 ], [ 446767.937610951892566, 45740.975648977517267 ], [ 446769.111696837120689, 45737.330437998927664 ], [ 446769.405097429407761, 45734.414308156752668 ], [ 446769.551674659654964, 45730.914964726507606 ], [ 446767.643419097876176, 45730.769274168342235 ], [ 446765.881855043815449, 45729.019713067922567 ], [ 446760.744786294642836, 45737.622553771274397 ] ] ] } },
{ "type": "Feature", "properties": { "fid": 50, "class_name": "disturbance", "class_id": null, "dist_to_line": null, "risk_level": null, "area_m2": 56.469005971115621, "perimeter_m": 29.756505308678868, "compactness": 0.80141258259938275, "dist_bin": 2 }, "geometry": { "type": "Polygon", "coordinates": [ [ [ 446773.515097041556146, 45733.24761549881805 ], [ 446776.157381540921051, 45734.851317875298264 ], [ 446777.478466649074107, 45734.705432625109097 ], [ 446778.946137809427455, 45731.20600959850708 ], [ 446779.826682513346896, 45728.144038782913412 ], [ 446779.532912752067205, 45724.936333133657172 ], [ 446774.101678578997962, 45723.77021562653681 ], [ 446773.221230548573658, 45728.436048164483509 ], [ 446773.515097041556146, 45733.24761549881805 ] ] ] } },
{ "type": "Feature", "properties": { "fid": 51, "class_name": "disturbance", "class_id": null, "dist_to_line": null, "risk_level": null, "area_m2": 8.9313792996836128, "perimeter_m": 12.163908636064468, "compactness": 0.7585463074010721, "dist_bin": 2 }, "geometry": { "type": "Polygon", "coordinates": [ [ [ 446758.839539783773944, 45787.342380055990361 ], [ 446756.490893276059069, 45786.759299455283326 ], [ 446756.197158404393122, 45784.134816354853683 ], [ 446760.013660570490174, 45784.280391542582947 ], [ 446758.839539783773944, 45787.342380055990361 ] ] ] } },
{ "type": "Feature", "properties": { "fid": 52, "class_name": "disturbance", "class_id": null, "dist_to_line": null, "risk_level": null, "area_m2": 265.63887449913454, "perimeter_m": 72.185248794114031, "compactness": 0.64062602881909436, "dist_bin": 2 }, "geometry": { "type": "Polygon", "coordinates": [ [ [ 446760.894248972355854, 45781.947448757637176 ], [ 446757.224490996683016, 45781.072836682826164 ], [ 446757.224367767514195, 45779.031558252958348 ], [ 446755.756476890121121, 45778.885841263632756 ], [ 446751.353024317650124, 45782.093830387449998 ], [ 446750.472215836925898, 45780.781633135702577 ], [ 446749.444575132569298, 45778.740416723463568 ], [ 446749.738001902122051, 45776.261703730800946 ], [ 446750.031367067538667, 45772.762351500939985 ], [ 446750.471590870409273, 45770.42943524049042 ], [ 446752.379767192411236, 45769.262875216110842 ], [ 446753.847367686626967, 45764.597007258569647 ], [ 446755.462002801301423, 45764.013687391183339 ], [ 446758.104208177945111, 45764.305139149611932 ], [ 446758.103997012134641, 45760.805804633986554 ], [ 446760.305793767736759, 45760.36825495960511 ], [ 446762.36089908372378, 45761.534575797006255 ], [ 446764.122436770703644, 45762.846719948669488 ], [ 446766.471004120656289, 45762.11755022493162 ], [ 446768.232515400100965, 45762.992277567194833 ], [ 446768.966614787408616, 45765.616734130155237 ], [ 446760.894248972355854, 45781.947448757637176 ] ] ] } },
{ "type": "Feature", "properties": { "fid": 53, "class_name": "disturbance", "class_id": null, "dist_to_line": null, "risk_level": null, "area_m2": 138.28645217442681, "perimeter_m": 56.734305219435626, "compactness": 0.53988096708028621, "dist_bin": 2 }, "geometry": { "type": "Polygon", "coordinates": [ [ [ 446702.914685810450464, 45811.403684014898317 ], [ 446706.144185180019122, 45814.027989656795398 ], [ 446709.666899474570528, 45810.674247689879849 ], [ 446710.400708298257086, 45808.487119219098531 ], [ 446714.363760826992802, 45804.695933853727183 ], [ 446716.859160415304359, 45804.695783010989544 ], [ 446716.858790273137856, 45798.57194754313241 ], [ 446712.895050305582117, 45790.990295458774199 ], [ 446702.914685810450464, 45811.403684014898317 ] ] ] } },
{ "type": "Feature", "properties": { "fid": 54, "class_name": "disturbance", "class_id": null, "dist_to_line": null, "risk_level": null, "area_m2": 44.89249014359666, "perimeter_m": 37.64056292503335, "compactness": 0.39817257192844618, "dist_bin": 2 }, "geometry": { "type": "Polygon", "coordinates": [ [ [ 446658.292700916354079, 45838.380422168891528 ], [ 446662.549682794429827, 45840.421442942344584 ], [ 446666.072794197301846, 45843.628953026905947 ], [ 446675.320080892415717, 45837.50455753802089 ], [ 446658.292700916354079, 45838.380422168891528 ] ] ] } },
{ "type": "Feature", "properties": { "fid": 55, "class_name": "disturbance", "class_id": null, "dist_to_line": null, "risk_level": null, "area_m2": 59.960164063362754, "perimeter_m": 33.809015587437884, "compactness": 0.65918546891628982, "dist_bin": 2 }, "geometry": { "type": "Polygon", "coordinates": [ [ [ 446676.641580859839451, 45844.211535518355959 ], [ 446675.467434069432784, 45846.836107546398125 ], [ 446678.256648456153926, 45850.77269004451955 ], [ 446676.495287047408056, 45852.376658371271333 ], [ 446678.697260302491486, 45854.855220330151496 ], [ 446680.752153975772671, 45852.522206209680007 ], [ 446682.513674291723873, 45853.542738785494294 ], [ 446683.68786519911373, 45851.647194823854079 ], [ 446684.421612039324827, 45848.439427082790644 ], [ 446679.724106825713534, 45843.773932071642776 ], [ 446676.641580859839451, 45844.211535518355959 ] ] ] } },
{ "type": "Feature", "properties": { "fid": 56, "class_name": "disturbance", "class_id": null, "dist_to_line": null, "risk_level": null, "area_m2": 39.16315023356583, "perimeter_m": 26.664206460149252, "compactness": 0.6921977062982646, "dist_bin": 2 }, "geometry": { "type": "Polygon", "coordinates": [ [ [ 446658.4418211383163, 45876.873093918802624 ], [ 446657.707703349471558, 45873.957026287898771 ], [ 446661.083655475231353, 45871.040709571498155 ], [ 446665.34063726128079, 45873.081730092540965 ], [ 446667.982860365882516, 45873.664792407595087 ], [ 446666.661792990984395, 45874.102289270944311 ], [ 446666.074728508712724, 45875.560380892005924 ], [ 446664.900440508266911, 45875.852063262071169 ], [ 446663.726249705068767, 45877.747607281897217 ], [ 446658.4418211383163, 45876.873093918802624 ] ] ] } },
{ "type": "Feature", "properties": { "fid": 57, "class_name": "disturbance", "class_id": null, "dist_to_line": null, "risk_level": null, "area_m2": 20.689965532463248, "perimeter_m": 18.777376514019856, "compactness": 0.73739434374996538, "dist_bin": 2 }, "geometry": { "type": "Polygon", "coordinates": [ [ [ 446672.386347609688528, 45871.040024725414696 ], [ 446672.532923818565905, 45867.540681339589355 ], [ 446677.670431629463565, 45866.228119689098094 ], [ 446678.404602304275613, 45870.019020908643142 ], [ 446672.386347609688528, 45871.040024725414696 ] ] ] } },
{ "type": "Feature", "properties": { "fid": 58, "class_name": "disturbance", "class_id": null, "dist_to_line": null, "risk_level": null, "area_m2": 802.46366110509553, "perimeter_m": 146.77090773058995, "compactness": 0.46811793272775043, "dist_bin": 2 }, "geometry": { "type": "Polygon", "coordinates": [ [ [ 446348.572752679232508, 45891.764106962698861 ], [ 446349.306178378814366, 45883.307333734883287 ], [ 446353.856570267118514, 45882.578027998228208 ], [ 446357.819142557797022, 45870.913333322612743 ], [ 446358.8464738545008, 45867.851351750949107 ], [ 446361.194695276033599, 45861.435759387786675 ], [ 446362.368903726688586, 45859.831825526140165 ], [ 446366.77198343584314, 45850.499994682788383 ], [ 446379.102189244993497, 45850.353438135069155 ], [ 446377.928105061873794, 45853.998651228845119 ], [ 446377.634768272342626, 45857.93542200736556 ], [ 446374.992774819373153, 45861.143307511141757 ], [ 446372.204099709284492, 45866.100869926020096 ], [ 446373.672275509801693, 45870.912367340846686 ], [ 446374.553244959504809, 45874.849066525632225 ], [ 446373.819490196998231, 45877.91103011197265 ], [ 446378.810388923215214, 45879.514588269594242 ], [ 446378.223413552390411, 45882.430737220565788 ], [ 446383.948253537004348, 45884.034250636403158 ], [ 446384.829018645803444, 45884.617419601883739 ], [ 446384.389000356022734, 45890.303867037968303 ], [ 446348.572752679232508, 45891.764106962698861 ] ] ] } },
{ "type": "Feature", "properties": { "fid": 59, "class_name": "disturbance", "class_id": null, "dist_to_line": null, "risk_level": null, "area_m2": 205.82861706236145, "perimeter_m": 85.898624034802737, "compactness": 0.35054453901026073, "dist_bin": 2 }, "geometry": { "type": "Polygon", "coordinates": [ [ [ 446051.178098770207725, 45866.266290914791171 ], [ 446051.765698902308941, 45873.556541131576523 ], [ 446058.664705657633021, 45872.827089681719372 ], [ 446065.85737835773034, 45873.555677517440927 ], [ 446066.737965367210563, 45871.222732018228271 ], [ 446069.380173106968869, 45871.514181567225023 ], [ 446073.930584398796782, 45871.076485612284159 ], [ 446076.426102044584695, 45872.971807080306462 ], [ 446078.187544069834985, 45872.680087730164814 ], [ 446077.453370213683229, 45868.88918400323746 ], [ 446080.976352518657222, 45869.90960823205387 ], [ 446082.297304537962191, 45867.576635817036731 ], [ 446080.0953546417295, 45865.535490616770403 ], [ 446083.031121132022236, 45865.535310804487381 ], [ 446083.471414664934855, 45864.368838084417803 ], [ 446051.178098770207725, 45866.266290914791171 ] ] ] } },
{ "type": "Feature", "properties": { "fid": 60, "class_name": "structure", "class_id": null, "dist_to_line": null, "risk_level": null, "area_m2": 90.448928512330895, "perimeter_m": 54.481834061907676, "compactness": 0.38292158880550031, "dist_bin": 2 }, "geometry": { "type": "Polygon", "coordinates": [ [ [ 446026.077347493730485, 45867.142663935774181 ], [ 446040.903255211189389, 45871.807538280241715 ], [ 446046.187653000932187, 45872.098825795124867 ], [ 446049.123482163297012, 45873.119285912514897 ], [ 446049.41662093217019, 45865.974787416314939 ], [ 446026.077347493730485, 45867.142663935774181 ] ] ] } },
{ "type": "Feature", "properties": { "fid": 61, "class_name": "structure", "class_id": null, "dist_to_line": null, "risk_level": null, "area_m2": 129.39783336676192, "perimeter_m": 73.278400623753498, "compactness": 0.3028202439073101, "dist_bin": 2 }, "geometry": { "type": "Polygon", "coordinates": [ [ [ 446054.85023839114001, 45905.925222071360622 ], [ 446051.76759416947607, 45904.467353957268642 ], [ 446055.290245675714687, 45900.092966346492176 ], [ 446055.290227792691439, 45899.801354909679503 ], [ 446083.473728457873221, 45902.132518435850216 ], [ 446086.703187628649175, 45904.02779475049465 ], [ 446054.85023839114001, 45905.925222071360622 ] ] ] } },
{ "type": "Feature", "properties": { "fid": 62, "class_name": "structure", "class_id": null, "dist_to_line": null, "risk_level": null, "area_m2": 40.009143265968305, "perimeter_m": 26.364609523651655, "compactness": 0.72331326313234878, "dist_bin": 2 }, "geometry": { "type": "Polygon", "coordinates": [ [ [ 446001.419430126494262, 45908.261392426335078 ], [ 446004.208032509719487, 45902.137380640895572 ], [ 446010.519930827547796, 45902.136993203537713 ], [ 446007.731346325948834, 45908.552616369845055 ], [ 446001.419430126494262, 45908.261392426335078 ] ] ] } },
{ "type": "Feature", "properties": { "fid": 63, "class_name": "structure", "class_id": null, "dist_to_line": null, "risk_level": null, "area_m2": 113.23787089709367, "perimeter_m": 52.458090186325251, "compactness": 0.51710246536255755, "dist_bin": 2 }, "geometry": { "type": "Polygon", "coordinates": [ [ [ 446024.171531934232917, 45906.801938571748906 ], [ 446026.079413376690354, 45900.82378680427064 ], [ 446039.730665290087927, 45899.802309229111415 ], [ 446047.070457229856402, 45905.925699264204013 ], [ 446024.171531934232917, 45906.801938571748906 ] ] ] } },
{ "type": "Feature", "properties": { "fid": 64, "class_name": "agricultural_activity", "class_id": null, "dist_to_line": null, "risk_level": null, "area_m2": 1204.953875103849, "perimeter_m": 191.70027495433811, "compactness": 0.41203567051860784, "dist_bin": 2 }, "geometry": { "type": "Polygon", "coordinates": [ [ [ 445930.958804775436874, 45872.105896611603384 ], [ 445928.317537148250267, 45887.124050810278277 ], [ 445951.95035381661728, 45885.372929951954575 ], [ 445978.959427017834969, 45885.662882870834437 ], [ 446006.408721087209415, 45883.619917889554927 ], [ 446012.426094796450343, 45868.164141182751337 ], [ 445930.958804775436874, 45872.105896611603384 ] ] ] } },
{ "type": "Feature", "properties": { "fid": 65, "class_name": "structure", "class_id": null, "dist_to_line": null, "risk_level": null, "area_m2": 67.820631366979796, "perimeter_m": 49.244669948591486, "compactness": 0.35144165094760577, "dist_bin": 2 }, "geometry": { "type": "Polygon", "coordinates": [ [ [ 445875.622221850964706, 45914.830383841348521 ], [ 445875.621898799086921, 45909.581376788970374 ], [ 445890.447639394551516, 45911.47593925298861 ], [ 445897.346835541189648, 45913.808406752861629 ], [ 445875.622221850964706, 45914.830383841348521 ] ] ] } },
{ "type": "Feature", "properties": { "fid": 66, "class_name": "structure", "class_id": null, "dist_to_line": null, "risk_level": null, "area_m2": 81.474697331013886, "perimeter_m": 40.035120637283853, "compactness": 0.6387785685088988, "dist_bin": 2 }, "geometry": { "type": "Polygon", "coordinates": [ [ [ 445765.237558244203683, 45917.8991060498156 ], [ 445765.384022889600601, 45912.650089185408433 ], [ 445779.769265897979494, 45912.357590605402947 ], [ 445779.476066735689528, 45918.481451034764177 ], [ 445765.237558244203683, 45917.8991060498156 ] ] ] } },
{ "type": "Feature", "properties": { "fid": 67, "class_name": "structure", "class_id": null, "dist_to_line": null, "risk_level": null, "area_m2": 39.141697936524906, "perimeter_m": 26.553410052584379, "compactness": 0.69760393365588735, "dist_bin": 2 }, "geometry": { "type": "Polygon", "coordinates": [ [ [ 445780.797081195341889, 45917.169117651159468 ], [ 445780.943617853277829, 45913.086547054299444 ], [ 445789.750875402998645, 45912.356975250688265 ], [ 445789.604383646626957, 45917.168574638635619 ], [ 445780.797081195341889, 45917.169117651159468 ] ] ] } },
{ "type": "Feature", "properties": { "fid": 68, "class_name": "structure", "class_id": null, "dist_to_line": null, "risk_level": null, "area_m2": 43.007681374543608, "perimeter_m": 26.893423800574844, "compactness": 0.74724617742534771, "dist_bin": 2 }, "geometry": { "type": "Polygon", "coordinates": [ [ [ 445790.778726586955599, 45917.751725312402414 ], [ 445791.071952792641241, 45912.065282279188978 ], [ 445799.292164589627646, 45913.085415981367987 ], [ 445798.852096045098733, 45917.897033398417989 ], [ 445790.778726586955599, 45917.751725312402414 ] ] ] } },
{ "type": "Feature", "properties": { "fid": 69, "class_name": "structure", "class_id": null, "dist_to_line": null, "risk_level": null, "area_m2": 42.1509424335527, "perimeter_m": 27.588166012306353, "compactness": 0.69593950814881145, "dist_bin": 2 }, "geometry": { "type": "Polygon", "coordinates": [ [ [ 445806.044699248333927, 45917.459172779723303 ], [ 445806.778353556816, 45912.793343084005755 ], [ 445816.172827187401708, 45913.08437573244737 ], [ 445814.558442630572245, 45917.750259632361121 ], [ 445806.044699248333927, 45917.459172779723303 ] ] ] } },
{ "type": "Feature", "properties": { "fid": 70, "class_name": "structure", "class_id": null, "dist_to_line": null, "risk_level": null, "area_m2": 19.190676142236043, "perimeter_m": 17.711756464748447, "compactness": 0.76873539238393107, "dist_bin": 2 }, "geometry": { "type": "Polygon", "coordinates": [ [ [ 445814.998771796643268, 45917.167009446391603 ], [ 445816.172827187401708, 45913.08437573244737 ], [ 445820.870090904587414, 45913.667309377378842 ], [ 445819.549238151754253, 45917.60414634062181 ], [ 445814.998771796643268, 45917.167009446391603 ] ] ] } },
{ "type": "Feature", "properties": { "fid": 71, "class_name": "structure", "class_id": null, "dist_to_line": null, "risk_level": null, "area_m2": 9.0250857107894262, "perimeter_m": 13.578261725506499, "compactness": 0.61513841306035588, "dist_bin": 2 }, "geometry": { "type": "Polygon", "coordinates": [ [ [ 445797.530456996406429, 45909.075865957674978 ], [ 445797.823831565794535, 45905.795218096965982 ], [ 445799.144926927052438, 45905.795136685213947 ], [ 445799.14500330138253, 45907.034485707750719 ], [ 445801.493648715375457, 45907.544661160405667 ], [ 445801.126781114318874, 45909.221450090946746 ], [ 445797.530456996406429, 45909.075865957674978 ] ] ] } },
{ "type": "Feature", "properties": { "fid": 72, "class_name": "structure", "class_id": null, "dist_to_line": null, "risk_level": null, "area_m2": 5.5714004814931286, "perimeter_m": 9.8425483694824187, "compactness": 0.72270178261039486, "dist_bin": 2 }, "geometry": { "type": "Polygon", "coordinates": [ [ [ 445791.805669982451946, 45908.420092834116076 ], [ 445791.95233254408231, 45906.37880302627309 ], [ 445795.034901884035207, 45906.597321697838197 ], [ 445794.961602050752845, 45908.128286785344244 ], [ 445791.805669982451946, 45908.420092834116076 ] ] ] } },
{ "type": "Feature", "properties": { "fid": 73, "class_name": "structure", "class_id": null, "dist_to_line": null, "risk_level": null, "area_m2": 2.318516035869834, "perimeter_m": 6.1784505109602721, "compactness": 0.76323947359215416, "dist_bin": 2 }, "geometry": { "type": "Polygon", "coordinates": [ [ [ 445790.337597515899688, 45905.358262160050799 ], [ 445790.410892853687983, 45903.754394173432956 ], [ 445791.878763127780985, 45903.535595053865109 ], [ 445791.658688397263177, 45905.28527785334154 ], [ 445790.337597515899688, 45905.358262160050799 ] ] ] } },
{ "type": "Feature", "properties": { "fid": 74, "class_name": "disturbance", "class_id": null, "dist_to_line": null, "risk_level": null, "area_m2": 1135.205645642327, "perimeter_m": 166.93310572381253, "compactness": 0.51191689108292471, "dist_bin": 2 }, "geometry": { "type": "Polygon", "coordinates": [ [ [ 445397.82287256285781, 45864.99432113362127 ], [ 445400.1712166275247, 45860.619999878501403 ], [ 445405.749286577687599, 45862.369324196057278 ], [ 445405.74888876877958, 45855.953866692187148 ], [ 445412.794517851958517, 45852.4540894102538 ], [ 445416.317007058649324, 45845.455190135136945 ], [ 445416.90369103231933, 45837.873249388096156 ], [ 445420.132928738370538, 45836.123379045231559 ], [ 445421.894354119256604, 45835.540046494199487 ], [ 445421.013406555110123, 45832.040760578704067 ], [ 445438.922718481218908, 45850.119576527045865 ], [ 445435.400120838487055, 45855.368805319616513 ], [ 445430.115862999693491, 45857.410414675985521 ], [ 445432.758796246373095, 45869.366330323035072 ], [ 445426.887240069743712, 45869.075082631970872 ], [ 445428.355359631357715, 45872.865943623743078 ], [ 445430.117074179521296, 45876.94839807315293 ], [ 445430.411265904258471, 45886.863177247440035 ], [ 445418.374703403154854, 45888.321982262808888 ], [ 445397.82287256285781, 45864.99432113362127 ] ] ] } },
{ "type": "Feature", "properties": { "fid": 75, "class_name": "structure", "class_id": null, "dist_to_line": null, "risk_level": null, "area_m2": 23.945516463636523, "perimeter_m": 19.802555582500528, "compactness": 0.7673466307645781, "dist_bin": 2 }, "geometry": { "type": "Polygon", "coordinates": [ [ [ 445416.316139671718702, 45831.457828183869424 ], [ 445417.784331445989665, 45836.415136276962585 ], [ 445421.894390254630707, 45836.123269906151108 ], [ 445421.013388488674536, 45831.749148871065699 ], [ 445420.71972123690648, 45830.291108519188128 ], [ 445416.316139671718702, 45831.457828183869424 ] ] ] } },
{ "type": "Feature", "properties": { "fid": 76, "class_name": "disturbance", "class_id": null, "dist_to_line": null, "risk_level": null, "area_m2": 2928.8063399581879, "perimeter_m": 365.26027886129145, "compactness": 0.27586437996218083, "dist_bin": 2 }, "geometry": { "type": "Polygon", "coordinates": [ [ [ 445397.822818301210646, 45864.119486015362781 ], [ 445400.171198542928323, 45860.328388172027189 ], [ 445398.409520010929555, 45856.829156918538501 ], [ 445397.822058756952174, 45851.87179426982766 ], [ 445401.051025232998654, 45845.747748124551435 ], [ 445400.757213296950795, 45841.956814072960697 ], [ 445394.592188233276829, 45843.415254844265291 ], [ 445391.949616214027628, 45837.291572619731596 ], [ 445396.940405940462369, 45836.999651518504834 ], [ 445396.940026361437049, 45830.875805473384389 ], [ 445390.481279629573692, 45830.001370644007693 ], [ 445391.655207804986276, 45823.877451717569784 ], [ 445398.994613076676615, 45823.585385159909492 ], [ 445403.104563638160471, 45821.543848454544786 ], [ 445398.994269759277813, 45818.044762481637008 ], [ 445392.241946031455882, 45817.170345706872467 ], [ 445390.186509938677773, 45810.755015089045628 ], [ 445390.186509938677773, 45810.755015089045628 ], [ 445380.204984266136307, 45812.213692259072559 ], [ 445379.911100110737607, 45807.256311025157629 ], [ 445389.892517456202768, 45804.047963537945179 ], [ 445395.176812083111145, 45802.5895775434401 ], [ 445395.176812083111145, 45802.5895775434401 ], [ 445390.185462171619292, 45793.841534782251983 ], [ 445389.891885225835722, 45793.841552965626761 ], [ 445373.745333702885546, 45796.758670584218635 ], [ 445368.167100568651222, 45792.384840101745795 ], [ 445368.166865690203849, 45788.593887456168886 ], [ 445366.405078756215516, 45783.344985194948094 ], [ 445365.230518011783715, 45779.262493498397816 ], [ 445358.771680326201022, 45776.929999613043037 ], [ 445357.303578722756356, 45773.430749534672941 ], [ 445356.422757503401954, 45771.972745331608166 ], [ 445356.422594930743799, 45769.348239553983149 ], [ 445358.771120356279425, 45767.890035314303532 ], [ 445359.651706768141594, 45765.557086739660008 ], [ 445356.715738418628462, 45762.349539260641905 ], [ 445357.009080615709536, 45758.558568248605297 ], [ 445346.145937994297128, 45745.728323409748555 ], [ 445339.980893641593866, 45746.895152257726295 ], [ 445337.045196065912023, 45748.061781149634044 ], [ 445336.458583992673084, 45756.810170522257977 ], [ 445336.458999512717128, 45763.517241102817934 ], [ 445337.046623253321741, 45771.099110531722545 ], [ 445337.634138625231571, 45776.931309335763217 ], [ 445339.983278523082845, 45785.38790471386892 ], [ 445336.46087914617965, 45793.844863969381549 ], [ 445397.822818301210646, 45864.119486015362781 ] ] ] } },
{ "type": "Feature", "properties": { "fid": 77, "class_name": "disturbance", "class_id": null, "dist_to_line": null, "risk_level": null, "area_m2": 940.38629338079772, "perimeter_m": 142.32261858479171, "compactness": 0.58340252311927554, "dist_bin": 2 }, "geometry": { "type": "Polygon", "coordinates": [ [ [ 445317.377056089870166, 45772.558388454832311 ], [ 445321.193538767052814, 45772.266540108175832 ], [ 445324.129182042437606, 45770.22507577639044 ], [ 445325.009750321391039, 45767.600515294659999 ], [ 445327.651979283778928, 45768.183575077848218 ], [ 445328.238880246120971, 45764.100973970766063 ], [ 445331.761858209094498, 45764.975590966510936 ], [ 445329.41266418597661, 45755.644159952775226 ], [ 445329.41176099824952, 45741.063571402570233 ], [ 445321.191460798494518, 45738.731186337332474 ], [ 445320.897757370432373, 45736.689922076948278 ], [ 445327.062820002669469, 45735.814704913485912 ], [ 445327.356071940681431, 45730.565674750585458 ], [ 445315.319487427826971, 45731.732867304526735 ], [ 445311.209481723082718, 45732.89956901770347 ], [ 445309.44789328990737, 45730.858395642062533 ], [ 445305.044310555385891, 45732.02511557519756 ], [ 445303.576660419057589, 45735.816159728798084 ], [ 445303.576660419057589, 45735.816159728798084 ], [ 445304.751257501833607, 45740.481875518293236 ], [ 445299.46699802542571, 45742.523485459663789 ], [ 445298.586809229338542, 45751.271893549092056 ], [ 445317.377056089870166, 45772.558388454832311 ] ] ] } },
{ "type": "Feature", "properties": { "fid": 78, "class_name": "structure", "class_id": null, "dist_to_line": null, "risk_level": null, "area_m2": 56.372633097518701, "perimeter_m": 30.469249479743947, "compactness": 0.76305294194448614, "dist_bin": 2 }, "geometry": { "type": "Polygon", "coordinates": [ [ [ 445287.426367190433666, 45678.369635473827657 ], [ 445284.197128216561396, 45680.119506235729204 ], [ 445287.720557977736462, 45688.284418796501996 ], [ 445291.537059248541482, 45688.284182523733762 ], [ 445294.472630882635713, 45685.076270932811894 ], [ 445287.426367190433666, 45678.369635473827657 ] ] ] } },
{ "type": "Feature", "properties": { "fid": 79, "class_name": "structure", "class_id": null, "dist_to_line": null, "risk_level": null, "area_m2": 100.83677400386659, "perimeter_m": 50.875753565807173, "compactness": 0.48956132009814651, "dist_bin": 2 }, "geometry": { "type": "Polygon", "coordinates": [ [ [ 445302.39982406765921, 45694.9905815487582 ], [ 445298.876936002692673, 45695.574023235523782 ], [ 445307.098031139466912, 45710.737327699658636 ], [ 445316.19891828217078, 45710.736764230008703 ], [ 445302.39982406765921, 45694.9905815487582 ] ] ] } },
{ "type": "Feature", "properties": { "fid": 80, "class_name": "structure", "class_id": null, "dist_to_line": null, "risk_level": null, "area_m2": 62.840931828362955, "perimeter_m": 37.840253731191552, "compactness": 0.55149858267976892, "dist_bin": 2 }, "geometry": { "type": "Polygon", "coordinates": [ [ [ 445253.372714141733013, 45699.076183290875633 ], [ 445256.601916939544026, 45696.74308866426145 ], [ 445265.997032266983297, 45707.240531862749776 ], [ 445263.355001675954554, 45709.865201869310113 ], [ 445262.767901839804836, 45710.740073683016817 ], [ 445253.372714141733013, 45699.076183290875633 ] ] ] } },
{ "type": "Feature", "properties": { "fid": 81, "class_name": "agricultural_activity", "class_id": null, "dist_to_line": null, "risk_level": null, "area_m2": 1576.9777708486072, "perimeter_m": 173.13822914983214, "compactness": 0.66107311153399617, "dist_bin": 2 }, "geometry": { "type": "Polygon", "coordinates": [ [ [ 445192.304332796717063, 45628.801512664293114 ], [ 445206.689465090516023, 45626.467726921437134 ], [ 445197.878976215957664, 45575.144582998625992 ], [ 445152.375066763896029, 45583.895755880897923 ], [ 445192.304332796717063, 45628.801512664293114 ] ] ] } },
{ "type": "Feature", "properties": { "fid": 82, "class_name": "structure", "class_id": null, "dist_to_line": null, "risk_level": null, "area_m2": 85.758399872865994, "perimeter_m": 43.18702079725756, "compactness": 0.57780333141348261, "dist_bin": 2 }, "geometry": { "type": "Polygon", "coordinates": [ [ [ 445123.892221027053893, 45489.123645293489972 ], [ 445121.837397317867726, 45492.623115590540692 ], [ 445123.305661744845565, 45498.746875457392889 ], [ 445129.764611457067076, 45502.829043109275517 ], [ 445134.755458983709104, 45503.411958361677534 ], [ 445136.223326670646202, 45503.120255673136853 ], [ 445123.892221027053893, 45489.123645293489972 ] ] ] } },
{ "type": "Feature", "properties": { "fid": 83, "class_name": "structure", "class_id": null, "dist_to_line": null, "risk_level": null, "area_m2": 47.805465034427471, "perimeter_m": 28.819601840689934, "compactness": 0.72328833046931329, "dist_bin": 2 }, "geometry": { "type": "Polygon", "coordinates": [ [ [ 444561.052541974699125, 44647.857143385350355 ], [ 444557.82331291877199, 44649.898628386661585 ], [ 444553.419201111828443, 44642.608587525290204 ], [ 444560.75844593369402, 44639.40040084352222 ], [ 444561.052541974699125, 44647.857143385350355 ] ] ] } },
{ "type": "Feature", "properties": { "fid": 84, "class_name": "structure", "class_id": null, "dist_to_line": null, "risk_level": null, "area_m2": 55.344693136241403, "perimeter_m": 30.471164360339838, "compactness": 0.7490447222439236, "dist_bin": 2 }, "geometry": { "type": "Polygon", "coordinates": [ [ [ 444560.758088482776657, 44633.568152150277456 ], [ 444555.180184432829265, 44634.734943762516195 ], [ 444553.124676111445297, 44627.153146296994237 ], [ 444559.583188140066341, 44623.945013677774114 ], [ 444560.758088482776657, 44633.568152150277456 ] ] ] } },
{ "type": "Feature", "properties": { "fid": 85, "class_name": "agricultural_activity", "class_id": null, "dist_to_line": null, "risk_level": null, "area_m2": 1042.7249658211949, "perimeter_m": 135.88871599975369, "compactness": 0.70959875661677496, "dist_bin": 2 }, "geometry": { "type": "Polygon", "coordinates": [ [ [ 444519.950435066130012, 44627.738404875912238 ], [ 444518.187538751983084, 44604.409516237516073 ], [ 444557.819489515735768, 44587.493565906828735 ], [ 444558.99555042013526, 44616.07151375819376 ], [ 444519.950435066130012, 44627.738404875912238 ] ] ] } },
{ "type": "Feature", "properties": { "fid": 86, "class_name": "structure", "class_id": null, "dist_to_line": null, "risk_level": null, "area_m2": 22.189287813482224, "perimeter_m": 19.334113835579757, "compactness": 0.74594135440196008, "dist_bin": 2 }, "geometry": { "type": "Polygon", "coordinates": [ [ [ 444558.995657611871138, 44617.821188407688169 ], [ 444555.47283282695571, 44619.57107890163752 ], [ 444554.885945523506962, 44623.94530150306673 ], [ 444560.170307731255889, 44623.36175282336626 ], [ 444558.995657611871138, 44617.821188407688169 ] ] ] } },
{ "type": "Feature", "properties": { "fid": 87, "class_name": "agricultural_activity", "class_id": null, "dist_to_line": null, "risk_level": null, "area_m2": 675.44518113014055, "perimeter_m": 135.52360337412316, "compactness": 0.46213630842464004, "dist_bin": 2 }, "geometry": { "type": "Polygon", "coordinates": [ [ [ 444522.594548130116891, 44658.940774766684626 ], [ 444520.831382688949816, 44631.23770030279411 ], [ 444525.528500317595899, 44629.196125098293123 ], [ 444531.107280796917621, 44642.318343191902386 ], [ 444541.382409705256578, 44640.859650872407656 ], [ 444540.208617642463651, 44649.316483641887316 ], [ 444553.125694963498972, 44643.775055265527044 ], [ 444558.998338771460112, 44661.563053559861146 ], [ 444541.383697407203726, 44661.855746386187093 ], [ 444522.594548130116891, 44658.940774766684626 ] ] ] } },
{ "type": "Feature", "properties": { "fid": 88, "class_name": "disturbance", "class_id": null, "dist_to_line": null, "risk_level": null, "area_m2": 827.12944559557764, "perimeter_m": 144.57042507921852, "compactness": 0.4973068369634171, "dist_bin": 2 }, "geometry": { "type": "Polygon", "coordinates": [ [ [ 444535.792390087677632, 44444.021572604062385 ], [ 444536.966416173498146, 44439.355700814747252 ], [ 444525.51679553068243, 44437.89833725655626 ], [ 444522.287814360053744, 44444.022397184467991 ], [ 444518.1777260453091, 44444.022648183570709 ], [ 444511.423906708369032, 44418.944383904767164 ], [ 444526.10282957367599, 44419.526712996455899 ], [ 444533.44230868446175, 44420.109490136492241 ], [ 444538.726743555511348, 44420.692392713273875 ], [ 444538.432721022516489, 44413.402097795849841 ], [ 444547.53348858904792, 44411.068642533988168 ], [ 444549.2970011633588, 44444.603973224897345 ], [ 444535.792390087677632, 44444.021572604062385 ] ] ] } },
{ "type": "Feature", "properties": { "fid": 89, "class_name": "structure", "class_id": null, "dist_to_line": null, "risk_level": null, "area_m2": 212.16905090102955, "perimeter_m": 63.353371905028403, "compactness": 0.66428191414835314, "dist_bin": 2 }, "geometry": { "type": "Polygon", "coordinates": [ [ [ 444538.43266765185399, 44412.527260252310953 ], [ 444536.082693969074171, 44390.364852083097503 ], [ 444546.064248430891894, 44388.906180884281639 ], [ 444547.533453016192652, 44410.485417510884872 ], [ 444538.43266765185399, 44412.527260252310953 ] ] ] } },
{ "type": "Feature", "properties": { "fid": 90, "class_name": "agricultural_activity", "class_id": null, "dist_to_line": null, "risk_level": null, "area_m2": 1854.3911038646474, "perimeter_m": 173.38242080093974, "compactness": 0.77517734987877485, "dist_bin": 2 }, "geometry": { "type": "Polygon", "coordinates": [ [ [ 444506.138029973488301, 44394.740866562911833 ], [ 444545.183301865530666, 44385.406884338794043 ], [ 444543.125645587744657, 44342.539967983750103 ], [ 444502.905633508053143, 44344.875318863239954 ], [ 444506.138029973488301, 44394.740866562911833 ] ] ] } },
{ "type": "Feature", "properties": { "fid": 91, "class_name": "structure", "class_id": null, "dist_to_line": null, "risk_level": null, "area_m2": 19.661945467356418, "perimeter_m": 17.941174725251003, "compactness": 0.76759935269406787, "dist_bin": 2 }, "geometry": { "type": "Polygon", "coordinates": [ [ [ 444529.326913425407838, 44333.063400844548596 ], [ 444528.592649316356983, 44327.814419745016494 ], [ 444532.702755856036674, 44328.105781992853736 ], [ 444533.143406651448458, 44332.771555859988439 ], [ 444529.326913425407838, 44333.063400844548596 ] ] ] } },
{ "type": "Feature", "properties": { "fid": 92, "class_name": "structure", "class_id": null, "dist_to_line": null, "risk_level": null, "area_m2": 63.483715950802434, "perimeter_m": 41.033177491108802, "compactness": 0.47380747300925485, "dist_bin": 2 }, "geometry": { "type": "Polygon", "coordinates": [ [ [ 444475.134511276613921, 43882.962597816258494 ], [ 444481.005243067746051, 43869.25644630313036 ], [ 444473.371987962396815, 43865.465941514674341 ], [ 444475.134511276613921, 43882.962597816258494 ] ] ] } },
{ "type": "Feature", "properties": { "fid": 93, "class_name": "structure", "class_id": null, "dist_to_line": null, "risk_level": null, "area_m2": 113.47393550445304, "perimeter_m": 49.464135698520693, "compactness": 0.58280749939238619, "dist_bin": 2 }, "geometry": { "type": "Polygon", "coordinates": [ [ [ 444473.664668893092312, 43850.593675340322079 ], [ 444474.839174119231757, 43853.801344404899282 ], [ 444482.178657865268178, 43854.384127237412031 ], [ 444479.536122291348875, 43848.84364498819923 ], [ 444479.535946468182374, 43845.927517828633427 ], [ 444483.058670842845459, 43842.42795284618478 ], [ 444476.599569266778417, 43836.012862384741311 ], [ 444473.370510687411297, 43840.970473319604935 ], [ 444473.664668893092312, 43850.593675340322079 ] ] ] } },
{ "type": "Feature", "properties": { "fid": 94, "class_name": "structure", "class_id": null, "dist_to_line": null, "risk_level": null, "area_m2": 160.46581096580485, "perimeter_m": 72.010266638358175, "compactness": 0.38886919519843793, "dist_bin": 2 }, "geometry": { "type": "Polygon", "coordinates": [ [ [ 444426.368048688338604, 43341.148938114391058 ], [ 444422.845215544453822, 43342.898825653501262 ], [ 444412.861819635494612, 43313.738130825957342 ], [ 444419.026821470877621, 43311.404859961949114 ], [ 444426.368048688338604, 43341.148938114391058 ] ] ] } },
{ "type": "Feature", "properties": { "fid": 95, "class_name": "disturbance", "class_id": null, "dist_to_line": null, "risk_level": null, "area_m2": 2059.9704545331078, "perimeter_m": 203.88566719696666, "compactness": 0.62272666437719992, "dist_bin": 2 }, "geometry": { "type": "Polygon", "coordinates": [ [ [ 444261.051105365680996, 42795.55080576169712 ], [ 444287.179889306193218, 42800.798298598958354 ], [ 444288.353823863668367, 42794.38274067731254 ], [ 444292.17023914528545, 42792.632836628174118 ], [ 444290.408286973950453, 42784.467773305164883 ], [ 444287.471952574444003, 42775.136326692714647 ], [ 444282.774234086158685, 42767.263049515946477 ], [ 444281.892913911782671, 42757.348255068856815 ], [ 444280.718204716802575, 42750.641222295715124 ], [ 444281.892225755029358, 42745.683729731019412 ], [ 444282.184755054418929, 42727.895311006948759 ], [ 444265.744245369802229, 42725.854988488950767 ], [ 444250.478358474909328, 42729.0636336527823 ], [ 444261.051105365680996, 42795.55080576169712 ] ] ] } },
{ "type": "Feature", "properties": { "fid": 96, "class_name": "structure", "class_id": null, "dist_to_line": null, "risk_level": null, "area_m2": 142.51748407850391, "perimeter_m": 73.720494757330044, "compactness": 0.32953498530471492, "dist_bin": 2 }, "geometry": { "type": "Polygon", "coordinates": [ [ [ 444216.415495288965758, 42597.256483063312771 ], [ 444220.231997891038191, 42596.964645256390213 ], [ 444213.771402089449111, 42565.179185174660233 ], [ 444208.780602639948484, 42565.762705139357422 ], [ 444216.415495288965758, 42597.256483063312771 ] ] ] } },
{ "type": "Feature", "properties": { "fid": 97, "class_name": "structure", "class_id": null, "dist_to_line": null, "risk_level": null, "area_m2": 24.031370284115837, "perimeter_m": 19.820244224706126, "compactness": 0.76872392207766616, "dist_bin": 2 }, "geometry": { "type": "Polygon", "coordinates": [ [ [ 444155.335334444826003, 42327.51780201287329 ], [ 444159.151804400607944, 42326.642738654409186 ], [ 444159.151514219702221, 42321.685312343259284 ], [ 444154.160678812186234, 42321.685604475736909 ], [ 444155.335334444826003, 42327.51780201287329 ] ] ] } },
{ "type": "Feature", "properties": { "fid": 98, "class_name": "structure", "class_id": null, "dist_to_line": null, "risk_level": null, "area_m2": 50.975629450094857, "perimeter_m": 29.572426348175235, "compactness": 0.73248467617920543, "dist_bin": 2 }, "geometry": { "type": "Polygon", "coordinates": [ [ [ 444177.352787108276971, 42311.477781382360263 ], [ 444176.765084185055457, 42302.146189792467339 ], [ 444181.755868377629668, 42301.271057982841739 ], [ 444183.224289820471313, 42310.310984698538959 ], [ 444177.352787108276971, 42311.477781382360263 ] ] ] } },
{ "type": "Feature", "properties": { "fid": 99, "class_name": "structure", "class_id": null, "dist_to_line": null, "risk_level": null, "area_m2": 69.566752563696355, "perimeter_m": 41.404282859990943, "compactness": 0.50994232633176906, "dist_bin": 2 }, "geometry": { "type": "Polygon", "coordinates": [ [ [ 444191.444233267160598, 42305.936304369177378 ], [ 444186.747044762480073, 42307.103032281898777 ], [ 444184.397461504500825, 42290.772824286126706 ], [ 444187.920352974615525, 42289.897778401413234 ], [ 444191.444233267160598, 42305.936304369177378 ] ] ] } },
{ "type": "Feature", "properties": { "fid": 100, "class_name": "structure", "class_id": null, "dist_to_line": null, "risk_level": null, "area_m2": 27.383332119277839, "perimeter_m": 21.584306848448676, "compactness": 0.73861809838055648, "dist_bin": 2 }, "geometry": { "type": "Polygon", "coordinates": [ [ [ 444129.493896946136374, 42215.977212204961688 ], [ 444131.108954011695459, 42222.392611700786802 ], [ 444131.108954011695459, 42222.392611700786802 ], [ 444134.191495174542069, 42221.809204905512161 ], [ 444134.484894899185747, 42218.747247541512479 ], [ 444132.282774376682937, 42213.93575579400931 ], [ 444129.493896946136374, 42215.977212204961688 ] ] ] } },
{ "type": "Feature", "properties": { "fid": 101, "class_name": "structure", "class_id": null, "dist_to_line": null, "risk_level": null, "area_m2": 12.294125377316959, "perimeter_m": 18.72009749304998, "compactness": 0.44085045103732823, "dist_bin": 2 }, "geometry": { "type": "Polygon", "coordinates": [ [ [ 444168.39244723826414, 42205.476860320595733 ], [ 444166.337371615576558, 42205.039560239143611 ], [ 444168.686451326590031, 42212.767176767694764 ], [ 444170.007537922530901, 42212.475486313385773 ], [ 444168.39244723826414, 42205.476860320595733 ] ] ] } },
{ "type": "Feature", "properties": { "fid": 102, "class_name": "structure", "class_id": null, "dist_to_line": null, "risk_level": null, "area_m2": 23.90288876521663, "perimeter_m": 19.724117199783848, "compactness": 0.77208498314220064, "dist_bin": 2 }, "geometry": { "type": "Polygon", "coordinates": [ [ [ 444106.579408279736526, 41952.360031331161736 ], [ 444105.11124388477765, 41947.694301435330999 ], [ 444110.102047714171931, 41947.110784739365045 ], [ 444111.276650320680346, 41952.068145105928124 ], [ 444106.579408279736526, 41952.360031331161736 ] ] ] } },
{ "type": "Feature", "properties": { "fid": 103, "class_name": "structure", "class_id": null, "dist_to_line": null, "risk_level": null, "area_m2": 25.102300178761652, "perimeter_m": 22.545677247581679, "compactness": 0.62057862317731605, "dist_bin": 2 }, "geometry": { "type": "Polygon", "coordinates": [ [ [ 444108.633917231170926, 41943.028281719780352 ], [ 444105.110989887849428, 41943.320099716758705 ], [ 444104.229762821923941, 41934.863360801100498 ], [ 444107.16560053388821, 41935.738030724067357 ], [ 444108.633917231170926, 41943.028281719780352 ] ] ] } },
{ "type": "Feature", "properties": { "fid": 104, "class_name": "structure", "class_id": null, "dist_to_line": null, "risk_level": null, "area_m2": 49.005181174143218, "perimeter_m": 37.382938802141943, "compactness": 0.44066137333220373, "dist_bin": 2 }, "geometry": { "type": "Polygon", "coordinates": [ [ [ 444073.406015888031106, 41969.567152414740121 ], [ 444077.809662400162779, 41968.983669520705007 ], [ 444078.984892673848663, 41984.730727511334408 ], [ 444076.929807938169688, 41984.147620116382313 ], [ 444073.406015888031106, 41969.567152414740121 ] ] ] } },
{ "type": "Feature", "properties": { "fid": 105, "class_name": "structure", "class_id": null, "dist_to_line": null, "risk_level": null, "area_m2": 61.170784965943312, "perimeter_m": 38.404402647524165, "compactness": 0.52118497704475719, "dist_bin": 2 }, "geometry": { "type": "Polygon", "coordinates": [ [ [ 444064.008938676503021, 41925.534065547362843 ], [ 444071.054539854289033, 41920.576227371173445 ], [ 444060.485130404238589, 41910.661982993784477 ], [ 444064.008938676503021, 41925.534065547362843 ] ] ] } },
{ "type": "Feature", "properties": { "fid": 106, "class_name": "structure", "class_id": null, "dist_to_line": null, "risk_level": null, "area_m2": 162.56529827351915, "perimeter_m": 74.153516674979898, "compactness": 0.37151316264894457, "dist_bin": 2 }, "geometry": { "type": "Polygon", "coordinates": [ [ [ 444036.111853555368725, 41803.058015851056552 ], [ 444040.809046137612313, 41801.891289631064865 ], [ 444033.467752948752604, 41770.39745423621207 ], [ 444028.477032009221148, 41772.439037927826575 ], [ 444036.111853555368725, 41803.058015851056552 ] ] ] } },
{ "type": "Feature", "properties": { "fid": 107, "class_name": "agricultural_activity", "class_id": null, "dist_to_line": null, "risk_level": null, "area_m2": 1612.7601397613762, "perimeter_m": 162.53127446901905, "compactness": 0.76719499938997571, "dist_bin": 2 }, "geometry": { "type": "Polygon", "coordinates": [ [ [ 443978.262047183292452, 41547.316259239334613 ], [ 443974.150917808292434, 41529.528065243888705 ], [ 444014.077474982244894, 41526.60962916394783 ], [ 444023.767962235200685, 41568.018202451843536 ], [ 443982.37329453905113, 41567.145748000679305 ], [ 443978.262047183292452, 41547.316259239334613 ] ] ] } },
{ "type": "Feature", "properties": { "fid": 108, "class_name": "disturbance", "class_id": null, "dist_to_line": null, "risk_level": null, "area_m2": 410.67596043801677, "perimeter_m": 87.752027486083506, "compactness": 0.67018519014240507, "dist_bin": 2 }, "geometry": { "type": "Polygon", "coordinates": [ [ [ 443930.980854806723073, 41286.616359432540776 ], [ 443929.219698739412706, 41292.157120982657943 ], [ 443935.092180950450711, 41307.90392454569519 ], [ 443935.679807235894259, 41316.069074588383955 ], [ 443943.606321729719639, 41314.027323976057232 ], [ 443946.835455989174079, 41309.944546953833196 ], [ 443947.715925266384147, 41305.278677233065537 ], [ 443951.238805745437276, 41304.112020426895469 ], [ 443949.183167964220047, 41293.905658665171359 ], [ 443944.77953385229921, 41294.780752231221413 ], [ 443942.724013104627375, 41286.615686233439192 ], [ 443930.980854806723073, 41286.616359432540776 ] ] ] } },
{ "type": "Feature", "properties": { "fid": 109, "class_name": "disturbance", "class_id": null, "dist_to_line": null, "risk_level": null, "area_m2": 463.32238899910953, "perimeter_m": 102.80465437356239, "compactness": 0.5508934342906644, "dist_bin": 2 }, "geometry": { "type": "Polygon", "coordinates": [ [ [ 443919.237412050715648, 41281.65959954677237 ], [ 443918.649919727293309, 41275.827358793540043 ], [ 443926.869946919963695, 41272.61913664995518 ], [ 443928.337858461076394, 41272.91066623354709 ], [ 443927.456720449961722, 41265.911987430641602 ], [ 443928.043661144329235, 41262.12097540232935 ], [ 443925.694845582998823, 41258.913359027719707 ], [ 443926.868944255111273, 41255.122313327592565 ], [ 443929.217442367691547, 41252.789268977321626 ], [ 443931.27264551166445, 41255.413674758274283 ], [ 443932.740690713981166, 41258.038114160561236 ], [ 443935.089389278029557, 41259.204434487932303 ], [ 443939.786636019591242, 41258.91255167163763 ], [ 443944.190370586758945, 41259.787140563588764 ], [ 443946.832731580827385, 41262.411512648512144 ], [ 443948.887951346463524, 41265.327532062103273 ], [ 443945.658766565495171, 41268.535467910856823 ], [ 443943.016789852641523, 41272.618211283515848 ], [ 443942.42983246257063, 41276.117609480352257 ], [ 443939.494326999643818, 41281.075210839117062 ], [ 443919.237412050715648, 41281.65959954677237 ] ] ] } },
{ "type": "Feature", "properties": { "fid": 110, "class_name": "disturbance", "class_id": null, "dist_to_line": null, "risk_level": null, "area_m2": 89.785850818399922, "perimeter_m": 45.073851329454271, "compactness": 0.55535211561671372, "dist_bin": 2 }, "geometry": { "type": "Polygon", "coordinates": [ [ [ 443935.671957369893789, 41179.010624652306433 ], [ 443931.268355882144533, 41180.468945184031327 ], [ 443931.855830726854037, 41186.009572737828421 ], [ 443930.681581482116599, 41187.176094873160764 ], [ 443934.204846251173876, 41192.716554458900646 ], [ 443935.966537013067864, 41196.507432308651914 ], [ 443940.076659468119033, 41196.798810944521392 ], [ 443935.671957369893789, 41179.010624652306433 ] ] ] } },
{ "type": "Feature", "properties": { "fid": 111, "class_name": "structure", "class_id": null, "dist_to_line": null, "risk_level": null, "area_m2": 234.98119135692832, "perimeter_m": 85.198527837016272, "compactness": 0.40679797673787299, "dist_bin": 2 }, "geometry": { "type": "Polygon", "coordinates": [ [ [ 443877.969240002508741, 40925.893143166002119 ], [ 443872.24448921426665, 40926.622503449099895 ], [ 443879.145655726082623, 40962.782226487055595 ], [ 443886.044614614569582, 40960.157309260473994 ], [ 443877.969240002508741, 40925.893143166002119 ] ] ] } },
{ "type": "Feature", "properties": { "fid": 112, "class_name": "structure", "class_id": null, "dist_to_line": null, "risk_level": null, "area_m2": 78.787568928889414, "perimeter_m": 39.427683251433606, "compactness": 0.63689090381528091, "dist_bin": 2 }, "geometry": { "type": "Polygon", "coordinates": [ [ [ 443876.354132024920546, 40918.457082034750783 ], [ 443869.014621507260017, 40917.874271816239343 ], [ 443868.867060740303714, 40904.314236196092679 ], [ 443873.123974251560867, 40904.605607986108225 ], [ 443876.354132024920546, 40918.457082034750783 ] ] ] } },
{ "type": "Feature", "properties": { "fid": 113, "class_name": "structure", "class_id": null, "dist_to_line": null, "risk_level": null, "area_m2": 72.768989472606336, "perimeter_m": 45.519289240028705, "compactness": 0.44133184289548638, "dist_bin": 2 }, "geometry": { "type": "Polygon", "coordinates": [ [ [ 443873.270772090705577, 40904.751406563947967 ], [ 443868.426700382842682, 40904.460068163221877 ], [ 443865.930225216492545, 40885.942730300324911 ], [ 443869.159628525841981, 40886.52577445240604 ], [ 443873.270772090705577, 40904.751406563947967 ] ] ] } },
{ "type": "Feature", "properties": { "fid": 114, "class_name": "structure", "class_id": null, "dist_to_line": null, "risk_level": null, "area_m2": 155.2836295768775, "perimeter_m": 59.015700012614573, "compactness": 0.56027392622638916, "dist_bin": 2 }, "geometry": { "type": "Polygon", "coordinates": [ [ [ 443153.808245538442861, 40087.689417156332638 ], [ 443137.954846373409964, 40085.94062572484836 ], [ 443138.248277857434005, 40083.316079682721465 ], [ 443132.670149413403124, 40081.275093851938436 ], [ 443132.37615825276589, 40073.984750679301214 ], [ 443140.302808661188465, 40073.984303318189632 ], [ 443153.808245538442861, 40087.689417156332638 ] ] ] } },
{ "type": "Feature", "properties": { "fid": 115, "class_name": "structure", "class_id": null, "dist_to_line": null, "risk_level": null, "area_m2": 104.82176377778524, "perimeter_m": 48.16501214603602, "compactness": 0.56780338699630228, "dist_bin": 2 }, "geometry": { "type": "Polygon", "coordinates": [ [ [ 443084.225983333424665, 40018.872344224037079 ], [ 443072.189298524637707, 40020.331095465051476 ], [ 443071.895389769459143, 40014.498823393252678 ], [ 443067.785274114925414, 40014.499055284817587 ], [ 443066.610774366999976, 40011.291362754040165 ], [ 443074.24368181952741, 40008.374787806664244 ], [ 443084.225983333424665, 40018.872344224037079 ] ] ] } },
{ "type": "Feature", "properties": { "fid": 116, "class_name": "structure", "class_id": null, "dist_to_line": null, "risk_level": null, "area_m2": 108.33446053857915, "perimeter_m": 43.139960310378378, "compactness": 0.73150450765379738, "dist_bin": 2 }, "geometry": { "type": "Polygon", "coordinates": [ [ [ 443047.23288568330463, 39982.42262577891961 ], [ 443037.545133600768168, 39989.130304670870828 ], [ 443046.352837411803193, 39994.670482375266147 ], [ 443055.15996534388978, 39990.004154410249612 ], [ 443047.23288568330463, 39982.42262577891961 ] ] ] } },
{ "type": "Feature", "properties": { "fid": 117, "class_name": "structure", "class_id": null, "dist_to_line": null, "risk_level": null, "area_m2": 151.85668610612629, "perimeter_m": 49.473892802520936, "compactness": 0.77963551565270461, "dist_bin": 2 }, "geometry": { "type": "Polygon", "coordinates": [ [ [ 443047.526465391449165, 39982.422609221990569 ], [ 443037.838713311066385, 39989.1302881083393 ], [ 443029.617987810925115, 39980.382318134652451 ], [ 443038.131339034123812, 39972.216633085081412 ], [ 443047.526465391449165, 39982.422609221990569 ] ] ] } },
{ "type": "Feature", "properties": { "fid": 118, "class_name": "structure", "class_id": null, "dist_to_line": null, "risk_level": null, "area_m2": 98.353479519893881, "perimeter_m": 39.966970947717535, "compactness": 0.77374369527798992, "dist_bin": 2 }, "geometry": { "type": "Polygon", "coordinates": [ [ [ 443017.286060597281903, 39952.388024771338678 ], [ 443010.534187278302852, 39960.553610803595802 ], [ 443017.874075215659104, 39967.551944128586911 ], [ 443023.451629499148112, 39959.386424435782828 ], [ 443017.286060597281903, 39952.388024771338678 ] ] ] } },
{ "type": "Feature", "properties": { "fid": 119, "class_name": "disturbance", "class_id": null, "dist_to_line": null, "risk_level": null, "area_m2": 886.4662049112394, "perimeter_m": 166.7733534773451, "compactness": 0.4005149431927793, "dist_bin": 2 }, "geometry": { "type": "Polygon", "coordinates": [ [ [ 442995.563102069543675, 39986.799758218359784 ], [ 442997.911624660366215, 39984.758324331356562 ], [ 442997.617863863764796, 39981.550581709612743 ], [ 443004.957357052946463, 39981.550167460278317 ], [ 443006.424943010031711, 39976.009409690457687 ], [ 443002.021000254782848, 39971.635441097321745 ], [ 442998.497895387525205, 39969.011109611958091 ], [ 442992.332836179120932, 39971.052758854842978 ], [ 442991.745429861475714, 39966.678574811310682 ], [ 442985.286346515757032, 39960.846649641083786 ], [ 442986.460188336553983, 39952.389763331782888 ], [ 442984.111418783140834, 39950.056979937369761 ], [ 442982.937001100799534, 39948.307359258251381 ], [ 442985.872699846047908, 39946.557506724049745 ], [ 442987.634079619077966, 39944.807720444085135 ], [ 442985.872453123156447, 39942.18328940304491 ], [ 442984.110908858478069, 39941.016930795092776 ], [ 442981.468658239056822, 39940.433850840177911 ], [ 442980.000907538284082, 39943.058464055786317 ], [ 442975.303467060264666, 39940.142584097877261 ], [ 442972.367472154495772, 39936.643375761777861 ], [ 442965.321327755576931, 39932.561170230263087 ], [ 442964.734365643758792, 39936.060577346288483 ], [ 442961.799209786171559, 39947.433708418320748 ], [ 442964.441904829698615, 39955.890379665739601 ], [ 442995.563102069543675, 39986.799758218359784 ] ] ] } },
{ "type": "Feature", "properties": { "fid": 120, "class_name": "structure", "class_id": null, "dist_to_line": null, "risk_level": null, "area_m2": 52.77501202197891, "perimeter_m": 30.941306043321546, "compactness": 0.69272509675728389, "dist_bin": 2 }, "geometry": { "type": "Polygon", "coordinates": [ [ [ 442962.384444736584555, 39913.314778582338477 ], [ 442965.026942125172354, 39918.272076190201915 ], [ 442972.366107308771461, 39912.439372322325653 ], [ 442970.897912619519047, 39907.190393998840591 ], [ 442962.384444736584555, 39913.314778582338477 ] ] ] } },
{ "type": "Feature", "properties": { "fid": 121, "class_name": "structure", "class_id": null, "dist_to_line": null, "risk_level": null, "area_m2": 32.213329069330939, "perimeter_m": 26.950489548106752, "compactness": 0.55732966032087139, "dist_bin": 2 }, "geometry": { "type": "Polygon", "coordinates": [ [ [ 442974.421083432796877, 39910.981183965959644 ], [ 442972.366140186903067, 39913.022601327582379 ], [ 442979.1189020316815, 39920.604197666762047 ], [ 442981.761004742467776, 39918.562747232157562 ], [ 442974.421083432796877, 39910.981183965959644 ] ] ] } },
{ "type": "Feature", "properties": { "fid": 122, "class_name": "structure", "class_id": null, "dist_to_line": null, "risk_level": null, "area_m2": 55.00255069512059, "perimeter_m": 30.580302787872263, "compactness": 0.73911009077109358, "dist_bin": 2 }, "geometry": { "type": "Polygon", "coordinates": [ [ [ 442980.880396996042691, 39920.895712858240586 ], [ 442975.596109388803598, 39923.5205412731666 ], [ 442980.293878745229449, 39932.268711281540163 ], [ 442984.990957426314708, 39928.769072493654676 ], [ 442980.880396996042691, 39920.895712858240586 ] ] ] } },
{ "type": "Feature", "properties": { "fid": 123, "class_name": "structure", "class_id": null, "dist_to_line": null, "risk_level": null, "area_m2": 39.581300306133926, "perimeter_m": 26.45828781463555, "compactness": 0.71052023131490927, "dist_bin": 2 }, "geometry": { "type": "Polygon", "coordinates": [ [ [ 442966.201228281948715, 39917.688780966454942 ], [ 442972.072560427419376, 39913.022617877584707 ], [ 442974.421428651956376, 39917.105088495583914 ], [ 442967.963002825737931, 39922.93774268701236 ], [ 442966.201228281948715, 39917.688780966454942 ] ] ] } },
{ "type": "Feature", "properties": { "fid": 124, "class_name": "structure", "class_id": null, "dist_to_line": null, "risk_level": null, "area_m2": 40.523673132542172, "perimeter_m": 26.452160845819581, "compactness": 0.72777370141315068, "dist_bin": 2 }, "geometry": { "type": "Polygon", "coordinates": [ [ [ 442975.008571727143135, 39916.813440893289226 ], [ 442969.724415598670021, 39921.771185352467 ], [ 442972.073250982444733, 39925.270426916504221 ], [ 442979.706061540346127, 39920.604164564632811 ], [ 442975.008571727143135, 39916.813440893289226 ] ] ] } },
{ "type": "Feature", "properties": { "fid": 125, "class_name": "disturbance", "class_id": null, "dist_to_line": null, "risk_level": null, "area_m2": 409.17779417532074, "perimeter_m": 90.140621310521553, "compactness": 0.63282091801504248, "dist_bin": 2 }, "geometry": { "type": "Polygon", "coordinates": [ [ [ 442932.144856717262883, 39897.860914366458019 ], [ 442931.558108311612159, 39905.151310543216823 ], [ 442931.851885470270645, 39908.650668236492493 ], [ 442947.705176836345345, 39908.358159611518204 ], [ 442950.053519033594057, 39903.108965924111544 ], [ 442947.117524010653142, 39899.609757256497687 ], [ 442946.236587403109297, 39896.110432700595993 ], [ 442945.355700121959671, 39893.485951682872837 ], [ 442942.126026677491609, 39888.237072351235838 ], [ 442939.483726469334215, 39886.779148674067983 ], [ 442941.832118166959845, 39882.404798439667502 ], [ 442939.776977518806234, 39880.946841640223283 ], [ 442935.666778373415582, 39879.489000659246813 ], [ 442932.730980522115715, 39879.48916613055917 ], [ 442928.620912826212589, 39880.364241394629062 ], [ 442928.621060776000377, 39882.988772159966175 ], [ 442928.034098486823495, 39886.488179606778431 ], [ 442930.676513843354769, 39889.987404965075257 ], [ 442932.144856717262883, 39897.860914366458019 ] ] ] } },
{ "type": "Feature", "properties": { "fid": 126, "class_name": "disturbance", "class_id": null, "dist_to_line": null, "risk_level": null, "area_m2": 116.30208630193374, "perimeter_m": 46.36851423820849, "compactness": 0.67975280593191645, "dist_bin": 2 }, "geometry": { "type": "Polygon", "coordinates": [ [ [ 442890.162173522345256, 39884.157399145937234 ], [ 442899.263624378014356, 39892.613707420583523 ], [ 442900.731358846765943, 39889.697479225244024 ], [ 442901.905447743018158, 39885.614809438447992 ], [ 442906.308815765660256, 39879.782270294635964 ], [ 442901.31779475294752, 39876.866406330809696 ], [ 442890.162173522345256, 39884.157399145937234 ] ] ] } },
{ "type": "Feature", "properties": { "fid": 127, "class_name": "disturbance", "class_id": null, "dist_to_line": null, "risk_level": null, "area_m2": 166.72111550778573, "perimeter_m": 70.886339026518755, "compactness": 0.41694174190090449, "dist_bin": 2 }, "geometry": { "type": "Polygon", "coordinates": [ [ [ 442915.998577303776983, 39908.651562595900032 ], [ 442919.521255028434098, 39903.693916881282348 ], [ 442930.090472601528745, 39909.817225681661512 ], [ 442929.797139589092694, 39914.191460048255976 ], [ 442933.026517125952523, 39914.191277862541028 ], [ 442930.971771297801752, 39919.73206964887504 ], [ 442938.311413697549142, 39922.356186185053957 ], [ 442933.907947489060462, 39926.439037862706755 ], [ 442915.998577303776983, 39908.651562595900032 ] ] ] } },
{ "type": "Feature", "properties": { "fid": 128, "class_name": "disturbance", "class_id": null, "dist_to_line": null, "risk_level": null, "area_m2": 286.02180570385462, "perimeter_m": 76.143239643814084, "compactness": 0.61993521488554659, "dist_bin": 2 }, "geometry": { "type": "Polygon", "coordinates": [ [ [ 442875.481982363678981, 39862.870364923095622 ], [ 442874.895085895899683, 39867.536230938872905 ], [ 442883.115435740852263, 39869.577069173916243 ], [ 442884.583778886473738, 39877.450579234813631 ], [ 442891.336015712702647, 39875.700511084047321 ], [ 442894.565525121521205, 39878.033245310471102 ], [ 442897.207578875939362, 39875.116950852920127 ], [ 442894.565031760372221, 39869.284808936390618 ], [ 442899.555658240220509, 39865.201923886226723 ], [ 442894.858134754933417, 39860.827970486425329 ], [ 442883.11481084220577, 39858.495716150086082 ], [ 442875.481982363678981, 39862.870364923095622 ] ] ] } },
{ "type": "Feature", "properties": { "fid": 129, "class_name": "structure", "class_id": null, "dist_to_line": null, "risk_level": null, "area_m2": 91.456710048558307, "perimeter_m": 38.459819228923827, "compactness": 0.77698200633419812, "dist_bin": 2 }, "geometry": { "type": "Polygon", "coordinates": [ [ [ 442848.763176811626181, 39808.923175532530877 ], [ 442849.644146387872752, 39813.0057300550543 ], [ 442859.625696559785865, 39810.089021828920522 ], [ 442857.863724704191554, 39801.34068366302381 ], [ 442847.882190820469987, 39804.549006399734935 ], [ 442848.763176811626181, 39808.923175532530877 ] ] ] } },
{ "type": "Feature", "properties": { "fid": 130, "class_name": "structure", "class_id": null, "dist_to_line": null, "risk_level": null, "area_m2": 26.47319713307661, "perimeter_m": 25.683547380797307, "compactness": 0.50432005880774977, "dist_bin": 2 }, "geometry": { "type": "Polygon", "coordinates": [ [ [ 442854.634362890617922, 39801.632480155698431 ], [ 442852.578778377617709, 39792.300929206183355 ], [ 442859.918701450456865, 39799.882495003366785 ], [ 442854.634362890617922, 39801.632480155698431 ] ] ] } },
{ "type": "Feature", "properties": { "fid": 131, "class_name": "structure", "class_id": null, "dist_to_line": null, "risk_level": null, "area_m2": 61.899308560296049, "perimeter_m": 37.075670264751999, "compactness": 0.56587126331167226, "dist_bin": 2 }, "geometry": { "type": "Polygon", "coordinates": [ [ [ 442841.422694929526187, 39791.426713808323257 ], [ 442843.184502570715267, 39797.258906375551305 ], [ 442853.753179872408509, 39793.758935996200307 ], [ 442846.413256710162386, 39786.177370068660821 ], [ 442846.70705006836215, 39789.96834320279595 ], [ 442841.422694929526187, 39791.426713808323257 ] ] ] } },
{ "type": "Feature", "properties": { "fid": 132, "class_name": "structure", "class_id": null, "dist_to_line": null, "risk_level": null, "area_m2": 52.860688709224632, "perimeter_m": 38.836105460014679, "compactness": 0.44042436583543387, "dist_bin": 2 }, "geometry": { "type": "Polygon", "coordinates": [ [ [ 442858.45108150242595, 39804.840025558420166 ], [ 442860.506107512512244, 39804.256680634978693 ], [ 442861.680394009628799, 39803.673385328409495 ], [ 442866.965685290750116, 39818.83704557724559 ], [ 442864.029952707001939, 39820.003669290992548 ], [ 442858.45108150242595, 39804.840025558420166 ] ] ] } },
{ "type": "Feature", "properties": { "fid": 133, "class_name": "structure", "class_id": null, "dist_to_line": null, "risk_level": null, "area_m2": 45.321427240647608, "perimeter_m": 35.102034228172471, "compactness": 0.4622201469351726, "dist_bin": 2 }, "geometry": { "type": "Polygon", "coordinates": [ [ [ 442874.598925135156605, 39821.752761220683169 ], [ 442871.368873480998445, 39809.796745726613153 ], [ 442881.938371476368047, 39820.877504038828192 ], [ 442874.598925135156605, 39821.752761220683169 ] ] ] } },
{ "type": "Feature", "properties": { "fid": 134, "class_name": "structure", "class_id": null, "dist_to_line": null, "risk_level": null, "area_m2": 128.76767784585536, "perimeter_m": 46.456461134877223, "compactness": 0.74976382065425518, "dist_bin": 2 }, "geometry": { "type": "Polygon", "coordinates": [ [ [ 442817.054745499743149, 39776.847356548132666 ], [ 442822.926802719361149, 39785.012234643763804 ], [ 442832.320931079797447, 39777.429725862719351 ], [ 442829.091043545457069, 39768.38985510092607 ], [ 442817.054745499743149, 39776.847356548132666 ] ] ] } },
{ "type": "Feature", "properties": { "fid": 135, "class_name": "disturbance", "class_id": null, "dist_to_line": null, "risk_level": null, "area_m2": 90.899880078803108, "perimeter_m": 36.782332989162981, "compactness": 0.84429580386345859, "dist_bin": 2 }, "geometry": { "type": "Polygon", "coordinates": [ [ [ 442829.38693991873879, 39809.507496709964471 ], [ 442827.919418780191336, 39816.214715036192501 ], [ 442833.791114342864603, 39817.964071541930025 ], [ 442838.194565431214869, 39813.589604508968478 ], [ 442839.955814397719223, 39809.506901021457452 ], [ 442836.139062754635233, 39805.716126465886191 ], [ 442829.38693991873879, 39809.507496709964471 ] ] ] } },
{ "type": "Feature", "properties": { "fid": 136, "class_name": "disturbance", "class_id": null, "dist_to_line": null, "risk_level": null, "area_m2": 491.7674173596497, "perimeter_m": 89.060167953578883, "compactness": 0.77911684659365399, "dist_bin": 2 }, "geometry": { "type": "Polygon", "coordinates": [ [ [ 442840.544371449213941, 39834.294107467896538 ], [ 442842.892615520395339, 39827.295225123503769 ], [ 442850.818991660664324, 39822.337330431531882 ], [ 442853.167613910802174, 39822.045583476276079 ], [ 442856.98418462992413, 39822.62859752735676 ], [ 442859.62660034786677, 39826.127823508279107 ], [ 442859.333201318630017, 39829.335600362057448 ], [ 442864.030445721931756, 39828.752106462743541 ], [ 442865.204978706024121, 39832.543029689513787 ], [ 442866.379659645957872, 39838.958483999915188 ], [ 442865.205718486686237, 39845.665685237239813 ], [ 442863.738000244251452, 39848.873528229865769 ], [ 442859.040969752124511, 39853.248011621421028 ], [ 442840.544371449213941, 39834.294107467896538 ] ] ] } },
{ "type": "Feature", "properties": { "fid": 137, "class_name": "disturbance", "class_id": null, "dist_to_line": null, "risk_level": null, "area_m2": 184.19859819933481, "perimeter_m": 90.433336330378722, "compactness": 0.28303430553218145, "dist_bin": 2 }, "geometry": { "type": "Polygon", "coordinates": [ [ [ 442795.33065712149255, 39791.429311232481268 ], [ 442802.669874362356495, 39786.471449157586903 ], [ 442808.542096254823264, 39797.552473213116173 ], [ 442812.94605717016384, 39802.218058587124688 ], [ 442817.937259958009236, 39808.341683780243329 ], [ 442820.873420191637706, 39814.757039336524031 ], [ 442824.103127394162584, 39820.589149073282897 ], [ 442795.33065712149255, 39791.429311232481268 ] ] ] } },
{ "type": "Feature", "properties": { "fid": 138, "class_name": "structure", "class_id": null, "dist_to_line": null, "risk_level": null, "area_m2": 62.199143437843304, "perimeter_m": 32.096585838536754, "compactness": 0.75871136809975703, "dist_bin": 2 }, "geometry": { "type": "Polygon", "coordinates": [ [ [ 442799.732547600986436, 39759.351455569085374 ], [ 442804.430039119848516, 39763.142180995135277 ], [ 442810.301291670533828, 39757.017943415710761 ], [ 442805.310105395852588, 39751.18593214302382 ], [ 442799.732547600986436, 39759.351455569085374 ] ] ] } },
{ "type": "Feature", "properties": { "fid": 139, "class_name": "structure", "class_id": null, "dist_to_line": null, "risk_level": null, "area_m2": 123.49876685999334, "perimeter_m": 44.525718348433657, "compactness": 0.78279963695465005, "dist_bin": 2 }, "geometry": { "type": "Polygon", "coordinates": [ [ [ 442786.227216113300528, 39747.687631337794301 ], [ 442793.567173066199757, 39755.852427402081958 ], [ 442802.080644650442991, 39749.728040896188759 ], [ 442794.447042319225147, 39740.396802787807246 ], [ 442786.227216113300528, 39747.687631337794301 ] ] ] } },
{ "type": "Feature", "properties": { "fid": 140, "class_name": "structure", "class_id": null, "dist_to_line": null, "risk_level": null, "area_m2": 20.904393115240964, "perimeter_m": 19.362881651783624, "compactness": 0.70066019542513336, "dist_bin": 2 }, "geometry": { "type": "Polygon", "coordinates": [ [ [ 442794.447058738442138, 39740.688417412682611 ], [ 442796.501970155513845, 39738.063770086009754 ], [ 442801.493107244663406, 39743.02093769183557 ], [ 442797.970230777282268, 39744.479209156823345 ], [ 442794.447058738442138, 39740.688417412682611 ] ] ] } },
{ "type": "Feature", "properties": { "fid": 141, "class_name": "structure", "class_id": null, "dist_to_line": null, "risk_level": null, "area_m2": 51.661236556799849, "perimeter_m": 29.122281400709653, "compactness": 0.76546241835736728, "dist_bin": 2 }, "geometry": { "type": "Polygon", "coordinates": [ [ [ 442779.180740412964951, 39737.773130767680414 ], [ 442782.997574581881054, 39743.021979178163747 ], [ 442790.043229115894064, 39738.355748355097603 ], [ 442786.226427875109948, 39733.690129182185046 ], [ 442779.180740412964951, 39737.773130767680414 ] ] ] } },
{ "type": "Feature", "properties": { "fid": 142, "class_name": "structure", "class_id": null, "dist_to_line": null, "risk_level": null, "area_m2": 66.225809610972647, "perimeter_m": 32.951346571357647, "compactness": 0.76646231474839277, "dist_bin": 2 }, "geometry": { "type": "Polygon", "coordinates": [ [ [ 442772.134133285610005, 39725.525712848757394 ], [ 442775.657404011464678, 39731.066192580386996 ], [ 442783.290136447816622, 39724.941855500022939 ], [ 442777.418210246134549, 39719.109893305590958 ], [ 442772.134133285610005, 39725.525712848757394 ] ] ] } },
{ "type": "Feature", "properties": { "fid": 143, "class_name": "structure", "class_id": null, "dist_to_line": null, "risk_level": null, "area_m2": 151.64259734831285, "perimeter_m": 49.546631979330265, "compactness": 0.77625212613956074, "dist_bin": 2 }, "geometry": { "type": "Polygon", "coordinates": [ [ [ 442755.105973542085849, 39716.195003039938456 ], [ 442761.858869662508368, 39726.109520737860294 ], [ 442772.427187825902365, 39716.194027852878207 ], [ 442764.500103673955891, 39708.612493312393781 ], [ 442755.105973542085849, 39716.195003039938456 ] ] ] } },
{ "type": "Feature", "properties": { "fid": 144, "class_name": "structure", "class_id": null, "dist_to_line": null, "risk_level": null, "area_m2": 18.248521136425552, "perimeter_m": 17.31696522597845, "compactness": 0.76470506941300043, "dist_bin": 2 }, "geometry": { "type": "Polygon", "coordinates": [ [ [ 442811.182113393268082, 39758.475966885234811 ], [ 442813.824562135036103, 39762.558422653462912 ], [ 442816.760163764702156, 39759.058882004392217 ], [ 442814.998520347115118, 39756.142835076941992 ], [ 442811.182113393268082, 39758.475966885234811 ] ] ] } },
{ "type": "Feature", "properties": { "fid": 145, "class_name": "structure", "class_id": null, "dist_to_line": null, "risk_level": null, "area_m2": 17.22043045483224, "perimeter_m": 16.952240218654754, "compactness": 0.75300814106175185, "dist_bin": 2 }, "geometry": { "type": "Polygon", "coordinates": [ [ [ 442731.618923623405863, 39704.531739422855026 ], [ 442730.737970379763283, 39700.740798416933103 ], [ 442735.728779765602667, 39699.865673408690782 ], [ 442736.316103801014833, 39702.781786949235538 ], [ 442731.618923623405863, 39704.531739422855026 ] ] ] } },
{ "type": "Feature", "properties": { "fid": 146, "class_name": "structure", "class_id": null, "dist_to_line": null, "risk_level": null, "area_m2": 69.224410113471095, "perimeter_m": 33.838279421227043, "compactness": 0.75971829176906336, "dist_bin": 2 }, "geometry": { "type": "Polygon", "coordinates": [ [ [ 442730.443635214702226, 39687.326540381356608 ], [ 442733.08621569222305, 39693.741914265920059 ], [ 442742.186963430664036, 39689.658796691044699 ], [ 442739.544383069791365, 39683.243422824947629 ], [ 442730.443635214702226, 39687.326540381356608 ] ] ] } },
{ "type": "Feature", "properties": { "fid": 147, "class_name": "structure", "class_id": null, "dist_to_line": null, "risk_level": null, "area_m2": 89.057949198890128, "perimeter_m": 38.809163622417373, "compactness": 0.74304306888489557, "dist_bin": 2 }, "geometry": { "type": "Polygon", "coordinates": [ [ [ 442724.571281616692431, 39673.91259606872336 ], [ 442726.920495526865125, 39684.118977350386558 ], [ 442728.094880897202529, 39685.285369919998629 ], [ 442737.489257961686235, 39682.077079820890503 ], [ 442736.314823386259377, 39680.035843249235768 ], [ 442728.974947757611517, 39673.329118901900074 ], [ 442724.571281616692431, 39673.91259606872336 ] ] ] } },
{ "type": "Feature", "properties": { "fid": 148, "class_name": "structure", "class_id": null, "dist_to_line": null, "risk_level": null, "area_m2": 40.866412850038614, "perimeter_m": 26.718194733997482, "compactness": 0.71938629598213155, "dist_bin": 2 }, "geometry": { "type": "Polygon", "coordinates": [ [ [ 442703.139880611794069, 39672.747343696057214 ], [ 442706.956830276933033, 39680.037495819480682 ], [ 442711.947623521904461, 39678.870756117627025 ], [ 442708.130673926556483, 39671.580604012568074 ], [ 442703.139880611794069, 39672.747343696057214 ] ] ] } },
{ "type": "Feature", "properties": { "fid": 149, "class_name": "structure", "class_id": null, "dist_to_line": null, "risk_level": null, "area_m2": 73.636619644996244, "perimeter_m": 34.896519532081442, "compactness": 0.75987031666416771, "dist_bin": 2 }, "geometry": { "type": "Polygon", "coordinates": [ [ [ 442705.488257483113557, 39668.081376570582506 ], [ 442706.955533529981039, 39656.999935985943011 ], [ 442710.184863679169212, 39656.124910216844 ], [ 442713.1208107736893, 39658.749277168775734 ], [ 442712.240612513094675, 39668.372611188569863 ], [ 442705.488257483113557, 39668.081376570582506 ] ] ] } },
{ "type": "Feature", "properties": { "fid": 150, "class_name": "structure", "class_id": null, "dist_to_line": null, "risk_level": null, "area_m2": 67.29676001873122, "perimeter_m": 32.895124475391029, "compactness": 0.78152153852301143, "dist_bin": 2 }, "geometry": { "type": "Polygon", "coordinates": [ [ [ 442681.413700391305611, 39650.294235563167604 ], [ 442681.706820797116961, 39642.129007488962088 ], [ 442689.633496045775246, 39642.42017613734788 ], [ 442689.046844867349137, 39651.460264719396946 ], [ 442681.413700391305611, 39650.294235563167604 ] ] ] } },
{ "type": "Feature", "properties": { "fid": 151, "class_name": "structure", "class_id": null, "dist_to_line": null, "risk_level": null, "area_m2": 63.270110902521992, "perimeter_m": 36.082511199749753, "compactness": 0.61068176136273533, "dist_bin": 2 }, "geometry": { "type": "Polygon", "coordinates": [ [ [ 442697.267346079403069, 39656.125637136814476 ], [ 442698.734753520984668, 39647.377113836664648 ], [ 442702.257794950040989, 39648.834989064103866 ], [ 442709.891300145012792, 39656.416541419632267 ], [ 442697.267346079403069, 39656.125637136814476 ] ] ] } },
{ "type": "Feature", "properties": { "fid": 152, "class_name": "structure", "class_id": null, "dist_to_line": null, "risk_level": null, "area_m2": 123.37025902923779, "perimeter_m": 48.469973450778312, "compactness": 0.65989490759292391, "dist_bin": 2 }, "geometry": { "type": "Polygon", "coordinates": [ [ [ 442688.459832681051921, 39654.084830007850542 ], [ 442696.093206830206327, 39659.333464807394193 ], [ 442697.854309040063526, 39652.626227821012435 ], [ 442697.853915221639909, 39645.627475244604284 ], [ 442691.394762478885241, 39638.629085978092917 ], [ 442688.459832681051921, 39654.084830007850542 ] ] ] } },
{ "type": "Feature", "properties": { "fid": 153, "class_name": "structure", "class_id": null, "dist_to_line": null, "risk_level": null, "area_m2": 33.412789174792124, "perimeter_m": 22.443934060193644, "compactness": 0.83353650814028735, "dist_bin": 2 }, "geometry": { "type": "Polygon", "coordinates": [ [ [ 442667.908004573197104, 39632.214884069835534 ], [ 442670.256841235037427, 39635.71412837907701 ], [ 442675.247552943066694, 39633.089315178644028 ], [ 442673.485794213716872, 39628.131964295258513 ], [ 442670.256463803583756, 39629.006990121670242 ], [ 442667.908004573197104, 39632.214884069835534 ] ] ] } },
{ "type": "Feature", "properties": { "fid": 154, "class_name": "structure", "class_id": null, "dist_to_line": null, "risk_level": null, "area_m2": 63.655631517642178, "perimeter_m": 33.581603923847311, "compactness": 0.70932264519934529, "dist_bin": 2 }, "geometry": { "type": "Polygon", "coordinates": [ [ [ 442662.329755412531085, 39628.132592038818984 ], [ 442667.027264670236036, 39632.214933634029876 ], [ 442674.366304423369002, 39624.049308844972984 ], [ 442670.255988002812956, 39620.550163561114459 ], [ 442662.329755412531085, 39628.132592038818984 ] ] ] } },
{ "type": "Feature", "properties": { "fid": 155, "class_name": "structure", "class_id": null, "dist_to_line": null, "risk_level": null, "area_m2": 100.06698871884146, "perimeter_m": 40.060990716377468, "compactness": 0.78353305779044402, "dist_bin": 2 }, "geometry": { "type": "Polygon", "coordinates": [ [ [ 442647.062661311472766, 39611.511412214924349 ], [ 442652.347527576610446, 39619.093097589015088 ], [ 442660.861051563406363, 39613.843553662438353 ], [ 442655.282539860985707, 39605.09542588970362 ], [ 442647.062661311472766, 39611.511412214924349 ] ] ] } },
{ "type": "Feature", "properties": { "fid": 156, "class_name": "structure", "class_id": null, "dist_to_line": null, "risk_level": null, "area_m2": 107.04935089079663, "perimeter_m": 41.684682770314097, "compactness": 0.77417813370972977, "dist_bin": 2 }, "geometry": { "type": "Polygon", "coordinates": [ [ [ 442651.760466082778294, 39620.842818937780976 ], [ 442659.10035931575112, 39627.841159064162639 ], [ 442667.320221112982836, 39621.13355814528768 ], [ 442661.448227918997873, 39614.135135347009054 ], [ 442651.760466082778294, 39620.842818937780976 ] ] ] } },
{ "type": "Feature", "properties": { "fid": 157, "class_name": "structure", "class_id": null, "dist_to_line": null, "risk_level": null, "area_m2": 31.656527138242382, "perimeter_m": 26.616137813089644, "compactness": 0.56154305451390119, "dist_bin": 2 }, "geometry": { "type": "Polygon", "coordinates": [ [ [ 442662.91599656001199, 39611.802135047233605 ], [ 442660.861051563406363, 39613.843553662438353 ], [ 442667.320221112982836, 39621.13355814528768 ], [ 442670.255922383104917, 39619.383704719744856 ], [ 442662.91599656001199, 39611.802135047233605 ] ] ] } },
{ "type": "Feature", "properties": { "fid": 158, "class_name": "structure", "class_id": null, "dist_to_line": null, "risk_level": null, "area_m2": 27.244258872087812, "perimeter_m": 22.170031742451357, "compactness": 0.69654989712937887, "dist_bin": 2 }, "geometry": { "type": "Polygon", "coordinates": [ [ [ 442647.061890265904367, 39597.805520174253616 ], [ 442644.126156014681328, 39598.972144216793822 ], [ 442647.943023908825126, 39604.804224032297498 ], [ 442652.346592420362867, 39602.471058528964932 ], [ 442647.061890265904367, 39597.805520174253616 ] ] ] } },
{ "type": "Feature", "properties": { "fid": 159, "class_name": "structure", "class_id": null, "dist_to_line": null, "risk_level": null, "area_m2": 158.58222752611618, "perimeter_m": 52.550592872857209, "compactness": 0.72162095772569912, "dist_bin": 2 }, "geometry": { "type": "Polygon", "coordinates": [ [ [ 442647.943023908825126, 39604.804224032297498 ], [ 442640.602966509701218, 39594.889736186225491 ], [ 442629.153461678070016, 39596.931683418886678 ], [ 442640.016741709143389, 39611.511808686693257 ], [ 442647.943023908825126, 39604.804224032297498 ] ] ] } },
{ "type": "Feature", "properties": { "fid": 160, "class_name": "structure", "class_id": null, "dist_to_line": null, "risk_level": null, "area_m2": 18.505520475082449, "perimeter_m": 17.965889599818997, "compactness": 0.72046637250335155, "dist_bin": 2 }, "geometry": { "type": "Polygon", "coordinates": [ [ [ 442643.538700790784787, 39593.723112140163721 ], [ 442640.309370117262006, 39594.598137969973322 ], [ 442643.832625239854679, 39599.847004912342527 ], [ 442646.474697489116807, 39597.222323747220798 ], [ 442643.538700790784787, 39593.723112140163721 ] ] ] } },
{ "type": "Feature", "properties": { "fid": 161, "class_name": "structure", "class_id": null, "dist_to_line": null, "risk_level": null, "area_m2": 58.386668046907289, "perimeter_m": 32.309955348535738, "compactness": 0.70283088931029147, "dist_bin": 2 }, "geometry": { "type": "Polygon", "coordinates": [ [ [ 442632.38211984350346, 39584.100453418090183 ], [ 442627.685020324890502, 39587.308479725987127 ], [ 442633.556981110712513, 39593.723673605149088 ], [ 442640.309189691673964, 39591.390375936047349 ], [ 442632.38211984350346, 39584.100453418090183 ] ] ] } },
{ "type": "Feature", "properties": { "fid": 162, "class_name": "structure", "class_id": null, "dist_to_line": null, "risk_level": null, "area_m2": 168.6917218810413, "perimeter_m": 53.513731973782228, "compactness": 0.74024103600421798, "dist_bin": 2 }, "geometry": { "type": "Polygon", "coordinates": [ [ [ 442620.931893036467955, 39573.311351959011517 ], [ 442613.299173766456079, 39579.727305669919588 ], [ 442625.336593609652482, 39591.099603430906427 ], [ 442633.262843429984059, 39583.80878914832283 ], [ 442620.931893036467955, 39573.311351959011517 ] ] ] } },
{ "type": "Feature", "properties": { "fid": 163, "class_name": "structure", "class_id": null, "dist_to_line": null, "risk_level": null, "area_m2": 100.23832234519068, "perimeter_m": 40.463555726961332, "compactness": 0.76933513376948237, "dist_bin": 2 }, "geometry": { "type": "Polygon", "coordinates": [ [ [ 442614.472772118169814, 39566.896190759136516 ], [ 442606.840052711486351, 39573.312144547453499 ], [ 442612.418450155470055, 39580.018969961238327 ], [ 442622.106213050603401, 39573.311285918760404 ], [ 442614.472772118169814, 39566.896190759136516 ] ] ] } },
{ "type": "Feature", "properties": { "fid": 164, "class_name": "structure", "class_id": null, "dist_to_line": null, "risk_level": null, "area_m2": 92.399213632015744, "perimeter_m": 38.789143654662176, "compactness": 0.77171644595016076, "dist_bin": 2 }, "geometry": { "type": "Polygon", "coordinates": [ [ [ 442605.958541827974841, 39559.606300743165775 ], [ 442600.968042396358214, 39566.022106019139756 ], [ 442606.840019904251676, 39572.728915047751798 ], [ 442615.05989933735691, 39566.312928243954957 ], [ 442605.958541827974841, 39559.606300743165775 ] ] ] } },
{ "type": "Feature", "properties": { "fid": 165, "class_name": "structure", "class_id": null, "dist_to_line": null, "risk_level": null, "area_m2": 166.50705796538386, "perimeter_m": 52.17629085083685, "compactness": 0.7685924367259499, "dist_bin": 2 }, "geometry": { "type": "Polygon", "coordinates": [ [ [ 442577.479803802503739, 39533.362573240025085 ], [ 442568.379314706195146, 39542.1115282408864 ], [ 442581.297328112355899, 39550.859244818180741 ], [ 442587.462033100717235, 39542.40206988461432 ], [ 442577.479803802503739, 39533.362573240025085 ] ] ] } },
{ "type": "Feature", "properties": { "fid": 166, "class_name": "structure", "class_id": null, "dist_to_line": null, "risk_level": null, "area_m2": 47.249052360508358, "perimeter_m": 27.966385592223254, "compactness": 0.75915469814021463, "dist_bin": 2 }, "geometry": { "type": "Polygon", "coordinates": [ [ [ 442531.972388052963652, 39488.748068541754037 ], [ 442527.568834587407764, 39491.372849313665938 ], [ 442527.568834587407764, 39491.372849313665938 ], [ 442531.385736076859757, 39497.788160455223988 ], [ 442537.844284343766049, 39493.99680497526424 ], [ 442531.972388052963652, 39488.748068541754037 ] ] ] } },
{ "type": "Feature", "properties": { "fid": 167, "class_name": "structure", "class_id": null, "dist_to_line": null, "risk_level": null, "area_m2": 169.93402614980005, "perimeter_m": 56.264379375449103, "compactness": 0.67456397736555918, "dist_bin": 2 }, "geometry": { "type": "Polygon", "coordinates": [ [ [ 442482.941859580634627, 39441.509222572458384 ], [ 442470.61162640794646, 39443.842834173796291 ], [ 442480.887585500837304, 39455.506850222889625 ], [ 442493.80486382014351, 39451.131901792003191 ], [ 442482.941859580634627, 39441.509222572458384 ] ] ] } },
{ "type": "Feature", "properties": { "fid": 168, "class_name": "structure", "class_id": null, "dist_to_line": null, "risk_level": null, "area_m2": 61.813649447169155, "perimeter_m": 33.732961757427688, "compactness": 0.68262989057476198, "dist_bin": 2 }, "geometry": { "type": "Polygon", "coordinates": [ [ [ 442492.630576222087257, 39451.715197438556061 ], [ 442487.346249254827853, 39453.756798218870244 ], [ 442494.099017468164675, 39461.33840432947909 ], [ 442500.851179227465764, 39458.130261770820653 ], [ 442492.630576222087257, 39451.715197438556061 ] ] ] } },
{ "type": "Feature", "properties": { "fid": 169, "class_name": "agricultural_activity", "class_id": null, "dist_to_line": null, "risk_level": null, "area_m2": 940.27027249633102, "perimeter_m": 120.62285962332672, "compactness": 0.81208844198228325, "dist_bin": 2 }, "geometry": { "type": "Polygon", "coordinates": [ [ [ 442389.287734814512078, 39404.771013522760768 ], [ 442398.974748834734783, 39384.64904170340742 ], [ 442424.51694220904028, 39397.478661525929056 ], [ 442431.856920668855309, 39405.935080474082497 ], [ 442430.389446053130087, 39413.517149543622509 ], [ 442415.123869355360512, 39424.016142985696206 ], [ 442389.287734814512078, 39404.771013522760768 ] ] ] } },
{ "type": "Feature", "properties": { "fid": 170, "class_name": "structure", "class_id": null, "dist_to_line": null, "risk_level": null, "area_m2": 247.12622332992032, "perimeter_m": 63.211635380414954, "compactness": 0.77720331361306993, "dist_bin": 2 }, "geometry": { "type": "Polygon", "coordinates": [ [ [ 442269.791046045313124, 39234.766216199430346 ], [ 442257.461182823695708, 39243.806972631937242 ], [ 442268.911467109108344, 39255.470929359275033 ], [ 442281.241280857822858, 39245.55532817637868 ], [ 442269.791046045313124, 39234.766216199430346 ] ] ] } },
{ "type": "Feature", "properties": { "fid": 171, "class_name": "disturbance", "class_id": null, "dist_to_line": null, "risk_level": null, "area_m2": 3968.0707532384113, "perimeter_m": 330.74598044451625, "compactness": 0.45582707906307596, "dist_bin": 2 }, "geometry": { "type": "Polygon", "coordinates": [ [ [ 442213.717281974270009, 39235.93582337074622 ], [ 442237.497889239224605, 39246.724243181066413 ], [ 442253.056742643879261, 39230.684545183001319 ], [ 442233.972765820217319, 39208.231260733846284 ], [ 442216.357294953195378, 39196.567648327545612 ], [ 442219.880143820715602, 39194.526145596151764 ], [ 442221.641298408969305, 39188.693746456832741 ], [ 442215.475818105391227, 39183.445021827967139 ], [ 442206.961564587254543, 39175.863508602538786 ], [ 442201.090187707683071, 39179.94644827900629 ], [ 442191.694964064401574, 39168.282373846050177 ], [ 442187.290768976381514, 39159.534169633101556 ], [ 442181.125222839298658, 39153.118984369422833 ], [ 442172.904990511422511, 39153.411060334168724 ], [ 442159.693892717652488, 39153.703416289383313 ], [ 442153.821991928678472, 39148.454674614789838 ], [ 442151.766978747851681, 39149.329635053036327 ], [ 442146.189099841169082, 39151.954483479559713 ], [ 442146.189296162046958, 39155.45386418968701 ], [ 442148.831780835287645, 39160.119556864439801 ], [ 442148.244816550286487, 39163.618970481642464 ], [ 442155.290695088682696, 39162.743729973582958 ], [ 442157.639566676109098, 39166.826208922168007 ], [ 442155.291104158677626, 39170.034106269500626 ], [ 442159.988569173030555, 39173.241608218973852 ], [ 442158.520994932507165, 39179.073991548328195 ], [ 442155.585306401946582, 39181.115461662593589 ], [ 442213.717281974270009, 39235.93582337074622 ] ] ] } },
{ "type": "Feature", "properties": { "fid": 172, "class_name": "disturbance", "class_id": null, "dist_to_line": null, "risk_level": null, "area_m2": 732.04046169972571, "perimeter_m": 161.84113105531358, "compactness": 0.35121021622271764, "dist_bin": 2 }, "geometry": { "type": "Polygon", "coordinates": [ [ [ 442095.398179834650364, 39124.83713109484961 ], [ 442094.223465754650533, 39117.838434827848687 ], [ 442099.507306949526537, 39107.048380043699581 ], [ 442106.553366269625258, 39109.380905639693083 ], [ 442106.553611574578099, 39113.755131952115335 ], [ 442107.434843311959412, 39122.503535117000865 ], [ 442110.957987412635703, 39125.711103407986229 ], [ 442115.068390327738598, 39130.668329204221664 ], [ 442123.288639868842438, 39130.667868091128184 ], [ 442129.160442895663437, 39134.166919631505152 ], [ 442130.628491783922072, 39136.791372934661922 ], [ 442127.986546876723878, 39141.748977350624045 ], [ 442130.335434951877687, 39146.123071617352252 ], [ 442133.271189179678913, 39145.248061704529391 ], [ 442135.619979062583297, 39147.872465533931972 ], [ 442136.500932743831072, 39151.663411957888457 ], [ 442140.024060280295089, 39154.579364916324266 ], [ 442136.501325466029812, 39158.662173465541855 ], [ 442135.620715414173901, 39160.995143386528071 ], [ 442136.501587319769897, 39163.328014444603468 ], [ 442136.501603686716408, 39163.619629505112243 ], [ 442095.398179834650364, 39124.83713109484961 ] ] ] } },
{ "type": "Feature", "properties": { "fid": 173, "class_name": "disturbance", "class_id": null, "dist_to_line": null, "risk_level": null, "area_m2": 136.47847630601609, "perimeter_m": 48.56040846183631, "compactness": 0.72729293201369505, "dist_bin": 2 }, "geometry": { "type": "Polygon", "coordinates": [ [ [ 442097.743863179639447, 39072.054667151802278 ], [ 442091.285291195265017, 39075.55441031918599 ], [ 442099.212696543312632, 39088.676645561674377 ], [ 442099.212696543312632, 39088.676645561674377 ], [ 442108.313344489084557, 39082.552218481861928 ], [ 442097.743863179639447, 39072.054667151802278 ] ] ] } },
{ "type": "Feature", "properties": { "fid": 174, "class_name": "structure", "class_id": null, "dist_to_line": null, "risk_level": null, "area_m2": 109.66278261219304, "perimeter_m": 43.916839012742216, "compactness": 0.71450780729307239, "dist_bin": 2 }, "geometry": { "type": "Polygon", "coordinates": [ [ [ 441071.332152416580357, 38113.571986042312346 ], [ 441071.626268857391551, 38123.195291024399921 ], [ 441085.13104654266499, 38124.069387084120535 ], [ 441084.837092404603027, 38117.362240220216336 ], [ 441071.332152416580357, 38113.571986042312346 ] ] ] } },
{ "type": "Feature", "properties": { "fid": 175, "class_name": "disturbance", "class_id": null, "dist_to_line": null, "risk_level": null, "area_m2": 379.70733478257716, "perimeter_m": 121.86401462032539, "compactness": 0.32129790081804299, "dist_bin": 2 }, "geometry": { "type": "Polygon", "coordinates": [ [ [ 440818.557532992854249, 38090.840035957407963 ], [ 440820.318694518238772, 38085.007619357042131 ], [ 440826.190301956026815, 38084.715675703206216 ], [ 440825.897013770125341, 38089.964778479930828 ], [ 440830.59423130057985, 38088.506436733492592 ], [ 440835.878627448575571, 38087.339678163109056 ], [ 440835.291611570224632, 38089.964254088452435 ], [ 440839.988910421379842, 38089.963991923912545 ], [ 440839.10785768320784, 38084.423338883607357 ], [ 440844.685948876955081, 38085.29787534060597 ], [ 440846.447338309779298, 38083.548081638582516 ], [ 440856.429098226421047, 38083.547524762710964 ], [ 440860.245669717900455, 38083.838927761345985 ], [ 440860.539462365384679, 38087.629918035803712 ], [ 440858.778121772047598, 38090.254559369808703 ], [ 440855.54882653261302, 38092.004434931121068 ], [ 440855.549021800106857, 38095.503825685198535 ], [ 440857.310785462730564, 38100.461197593045654 ], [ 440818.557532992854249, 38090.840035957407963 ] ] ] } },
{ "type": "Feature", "properties": { "fid": 176, "class_name": "disturbance", "class_id": null, "dist_to_line": null, "risk_level": null, "area_m2": 335.28535446755996, "perimeter_m": 99.354163042818925, "compactness": 0.42682741779458561, "dist_bin": 2 }, "geometry": { "type": "Polygon", "coordinates": [ [ [ 440868.760646140726749, 38103.959949324111221 ], [ 440876.687158469401766, 38100.751732288488711 ], [ 440878.448254997783806, 38093.752852764671843 ], [ 440890.485131224326324, 38094.627029076473264 ], [ 440890.485342654515989, 38098.418035522998252 ], [ 440895.476271029969212, 38099.292604805203155 ], [ 440898.705598629952874, 38098.125961198522418 ], [ 440901.054280346550513, 38098.709061977067904 ], [ 440901.05471946275793, 38106.582690583949443 ], [ 440907.513862479128875, 38112.997879488590115 ], [ 440868.760646140726749, 38103.959949324111221 ] ] ] } },
{ "type": "Feature", "properties": { "fid": 177, "class_name": "disturbance", "class_id": null, "dist_to_line": null, "risk_level": null, "area_m2": 704.54059302250971, "perimeter_m": 148.37628900012797, "compactness": 0.40214889055808889, "dist_bin": 2 }, "geometry": { "type": "Polygon", "coordinates": [ [ [ 440703.472230648272671, 38064.601030554731551 ], [ 440729.013472443446517, 38058.767283881490584 ], [ 440733.416946583602112, 38054.392798484557716 ], [ 440734.297788016730919, 38056.142445039229642 ], [ 440737.527165272622369, 38055.850648694635311 ], [ 440739.288506068522111, 38053.226006697514094 ], [ 440740.169510362960864, 38057.89181280171033 ], [ 440749.270544688042719, 38058.182920439830923 ], [ 440761.894586097856518, 38059.057063321306487 ], [ 440763.95011059299577, 38067.222194994457823 ], [ 440763.950354899163358, 38071.59643412350124 ], [ 440761.895384125062265, 38073.346244561886124 ], [ 440763.069953334575985, 38077.720418075899943 ], [ 440703.472230648272671, 38064.601030554731551 ] ] ] } },
{ "type": "Feature", "properties": { "fid": 178, "class_name": "disturbance", "class_id": null, "dist_to_line": null, "risk_level": null, "area_m2": 789.91474567132354, "perimeter_m": 131.35346609549649, "compactness": 0.57531673963180463, "dist_bin": 2 }, "geometry": { "type": "Polygon", "coordinates": [ [ [ 440774.813348375144415, 38080.344305526545213 ], [ 440770.70260881120339, 38069.554745424939028 ], [ 440773.344644314667676, 38066.055206612712936 ], [ 440778.041911134379916, 38065.471712464597658 ], [ 440776.280179652560037, 38061.097571738704573 ], [ 440769.821278974763118, 38059.05662074128486 ], [ 440769.527697758749127, 38059.056637132103788 ], [ 440769.820985936326906, 38053.807533768289431 ], [ 440769.527307047974318, 38052.057854492733895 ], [ 440773.343830317666288, 38051.474409572481818 ], [ 440776.279528547136579, 38049.432934118776757 ], [ 440780.683230495778844, 38049.141072415332019 ], [ 440785.38052990520373, 38049.140810290038644 ], [ 440788.609776789380703, 38046.516086655807158 ], [ 440793.307352748408448, 38051.47329547724803 ], [ 440791.252463288547006, 38054.681185427769378 ], [ 440791.252707401639782, 38059.055424432670407 ], [ 440794.482100668130443, 38059.055244204493647 ], [ 440794.775909723946825, 38063.137850854705903 ], [ 440797.711835687456187, 38065.178998505158233 ], [ 440798.886486034141853, 38071.011251510113652 ], [ 440801.235330969793722, 38074.510511510823562 ], [ 440802.996980947616976, 38077.426572414580733 ], [ 440795.951243866351433, 38081.217972817823465 ], [ 440793.896370887930971, 38084.717478676662722 ], [ 440774.813348375144415, 38080.344305526545213 ] ] ] } },
{ "type": "Feature", "properties": { "fid": 179, "class_name": "disturbance", "class_id": null, "dist_to_line": null, "risk_level": null, "area_m2": 489.45586609315797, "perimeter_m": 90.591374468614973, "compactness": 0.74946214907997188, "dist_bin": 2 }, "geometry": { "type": "Polygon", "coordinates": [ [ [ 440663.544625871814787, 38054.688319693617814 ], [ 440664.130907936079893, 38038.941023353814671 ], [ 440669.121659061871469, 38036.607816444098717 ], [ 440677.635548303078394, 38037.190572594430705 ], [ 440679.983970255707391, 38033.107817521951802 ], [ 440685.562095676141325, 38034.565585778225795 ], [ 440686.737202937249094, 38048.563087326809182 ], [ 440686.737887621275149, 38060.8109584441263 ], [ 440663.544625871814787, 38054.688319693617814 ] ] ] } },
{ "type": "Feature", "properties": { "fid": 180, "class_name": "disturbance", "class_id": null, "dist_to_line": null, "risk_level": null, "area_m2": 621.73659389456589, "perimeter_m": 163.29174006718767, "compactness": 0.2930136549328598, "dist_bin": 2 }, "geometry": { "type": "Polygon", "coordinates": [ [ [ 440516.164838590892032, 38019.411029018272529 ], [ 440513.228649560012855, 38012.704023990918358 ], [ 440515.283669940428808, 38011.829060708812904 ], [ 440516.751543972583022, 38011.245746378786862 ], [ 440517.632173681457061, 38009.204384613767616 ], [ 440517.632043053861707, 38006.871456100430805 ], [ 440511.760399915568996, 38006.580168809123279 ], [ 440509.998781226517167, 38004.247338902147021 ], [ 440508.237048238341231, 37999.873196489963448 ], [ 440506.768896606285125, 37995.499037604109617 ], [ 440506.768749677052256, 37992.874492950832064 ], [ 440509.410998125793412, 37993.165961111539218 ], [ 440510.585339835612103, 37993.457511446118588 ], [ 440510.585192923666909, 37990.832966802612646 ], [ 440510.584997056925204, 37987.333573934673041 ], [ 440509.410606378514785, 37986.167175367365417 ], [ 440507.061922943219543, 37985.584074670892733 ], [ 440504.419658145459834, 37985.000990407359495 ], [ 440502.070974688569549, 37984.417889712931355 ], [ 440500.602921024837997, 37981.793427172640804 ], [ 440500.602676211448852, 37977.419185984894284 ], [ 440501.189838920487091, 37977.419153125178127 ], [ 440507.061514940112829, 37978.29367277649726 ], [ 440513.520386231655721, 37979.751391737263475 ], [ 440514.695037991332356, 37985.583647474384634 ], [ 440516.162993679521605, 37986.458413539781759 ], [ 440517.630900405172724, 37986.458331393034314 ], [ 440518.805029966286384, 37982.958872837312811 ], [ 440518.804948381148279, 37981.500792484046542 ], [ 440521.153631776280235, 37982.083893212722614 ], [ 440522.621587446192279, 37982.958659289150091 ], [ 440522.328185589518398, 37986.166452469013166 ], [ 440520.566877038276289, 37989.374327789169911 ], [ 440519.979812273464631, 37991.124057056367747 ], [ 440519.979959163290914, 37993.748601662839064 ], [ 440519.099427331238985, 37997.539659827794821 ], [ 440522.622354450460989, 37996.664614436267584 ], [ 440528.200399884430226, 37996.664302239427343 ], [ 440534.072353014838882, 38002.496294830780244 ], [ 440534.072450946317986, 38004.245991181000136 ], [ 440533.485467835096642, 38007.453800683244481 ], [ 440532.898533718776889, 38011.536458352129557 ], [ 440532.017969317152165, 38014.744284282496665 ], [ 440530.843725632352289, 38016.202430315162928 ], [ 440528.2013956772862, 38014.452881917764898 ], [ 440524.091093721799552, 38011.536951461857825 ], [ 440523.210561995860189, 38015.32800956088613 ], [ 440523.210676309186965, 38017.369321977552318 ], [ 440520.568525958398823, 38018.827550250520289 ], [ 440516.164838590892032, 38019.411029018272529 ] ] ] } },
{ "type": "Feature", "properties": { "fid": 181, "class_name": "disturbance", "class_id": null, "dist_to_line": null, "risk_level": null, "area_m2": 297.84586371506339, "perimeter_m": 78.796958762657624, "compactness": 0.60281288351884799, "dist_bin": 2 }, "geometry": { "type": "Polygon", "coordinates": [ [ [ 440484.750703559839167, 38002.790672554299817 ], [ 440478.586034272098914, 38012.414348598627839 ], [ 440490.916630774387158, 38015.621434535576554 ], [ 440493.852297212870326, 38012.99672539398307 ], [ 440495.320105932187289, 38011.246946723113069 ], [ 440496.200588619336486, 38006.581040215132816 ], [ 440495.319534250942525, 38001.040384123720287 ], [ 440495.319387272000313, 37998.415839439643605 ], [ 440496.787294026231393, 37998.415757238239166 ], [ 440499.72310752584599, 37998.415592841498437 ], [ 440500.016558245988563, 37996.082647805014858 ], [ 440499.135618263855577, 37992.583304209991184 ], [ 440497.961145918583497, 37989.958825263813196 ], [ 440493.263795283157378, 37989.084240012758528 ], [ 440490.915144441358279, 37989.084371511467907 ], [ 440484.750703559839167, 38002.790672554299817 ] ] ] } },
{ "type": "Feature", "properties": { "fid": 182, "class_name": "disturbance", "class_id": null, "dist_to_line": null, "risk_level": null, "area_m2": 2021.9938298889338, "perimeter_m": 226.48830613475232, "compactness": 0.49533398090092567, "dist_bin": 2 }, "geometry": { "type": "Polygon", "coordinates": [ [ [ 440090.466197513684165, 37920.577046187667293 ], [ 440087.822585697635077, 37896.081427635159343 ], [ 440089.290345903777052, 37893.456798578423331 ], [ 440092.519759413378779, 37893.748233285303286 ], [ 440099.272446648858022, 37899.288562883477425 ], [ 440099.859888500999659, 37904.246006511384621 ], [ 440097.218113776412793, 37912.411410720036656 ], [ 440102.796146759064868, 37912.119480718378327 ], [ 440105.731995008070953, 37912.70254814409418 ], [ 440105.437937906885054, 37904.245692860051349 ], [ 440106.905484949296806, 37897.830052381483256 ], [ 440108.37319597764872, 37894.330574612104101 ], [ 440113.951310924836434, 37895.496726162484265 ], [ 440121.877996209426783, 37895.204664398646855 ], [ 440127.456094640598167, 37896.079199725558283 ], [ 440136.850589137291536, 37894.037358032874181 ], [ 440145.364453614456579, 37894.036879738116113 ], [ 440151.529895084211603, 37898.119160960100999 ], [ 440151.823492993542459, 37898.410760719816608 ], [ 440157.695598593214527, 37906.867302083854156 ], [ 440158.87020321644377, 37911.824712281413667 ], [ 440157.989950276969466, 37920.573249088469311 ], [ 440157.989983055973426, 37921.156481573918427 ], [ 440150.651133603649214, 37933.404776355608192 ], [ 440150.651133603649214, 37933.404776355608192 ], [ 440090.466197513684165, 37920.577046187667293 ] ] ] } },
{ "type": "Feature", "properties": { "fid": 183, "class_name": "disturbance", "class_id": null, "dist_to_line": null, "risk_level": null, "area_m2": 1758.5462153502631, "perimeter_m": 243.45364312872266, "compactness": 0.37284737903892717, "dist_bin": 2 }, "geometry": { "type": "Polygon", "coordinates": [ [ [ 439909.030177412671037, 37874.511885660853295 ], [ 439914.02070371346781, 37868.096044392070326 ], [ 439914.020391501486301, 37862.555333488002361 ], [ 439915.194619484071154, 37860.805569138618011 ], [ 439925.176444499578793, 37861.679855882081029 ], [ 439928.405563260312192, 37856.722195866495895 ], [ 439929.579659879382234, 37852.639500693308946 ], [ 439929.579659879382234, 37852.639500693308946 ], [ 439931.634550704911817, 37849.431605007994222 ], [ 439936.038225992408115, 37848.556507975023123 ], [ 439937.799732222163584, 37848.848025156643416 ], [ 439940.441999767092057, 37849.431109109602403 ], [ 439941.02936005796073, 37852.930472317915701 ], [ 439945.433068109326996, 37852.638608022374683 ], [ 439944.552208292239811, 37850.597343132234528 ], [ 439950.423840892966837, 37850.597012586142228 ], [ 439950.717340444331057, 37849.138914301598561 ], [ 439951.891699789324775, 37849.722080901599838 ], [ 439953.066059132979717, 37850.305247500502446 ], [ 439952.772592413937673, 37852.346578478580341 ], [ 439956.002023137116339, 37852.92962938787241 ], [ 439955.708359435782768, 37851.471564169754856 ], [ 439958.350594066490885, 37851.471415444197191 ], [ 439958.057176589267328, 37854.387595445055922 ], [ 439957.176431715546641, 37854.387645023591176 ], [ 439956.589465464756358, 37857.887074244950782 ], [ 439953.066518803010695, 37858.470505283279635 ], [ 439951.011677300499287, 37862.553249870434229 ], [ 439953.653895503433887, 37862.261484742746688 ], [ 439956.589678900898434, 37861.678086748179339 ], [ 439956.589662481972482, 37861.386470402234409 ], [ 439958.938167703803629, 37858.761791061013355 ], [ 439961.28667293919716, 37856.137111736905354 ], [ 439965.690430091985036, 37856.720096543846012 ], [ 439974.204297030635644, 37856.719617353774083 ], [ 439978.020808805129491, 37855.844553552335128 ], [ 439979.488798932405189, 37857.302552634071617 ], [ 439980.663322323409375, 37860.80188258295675 ], [ 439978.901963949436322, 37863.13491240926669 ], [ 439980.369855598430149, 37862.843213454405486 ], [ 439981.544214872235898, 37863.426380030003202 ], [ 439981.250830225646496, 37866.925792564645235 ], [ 439980.076750018168241, 37871.300103671324905 ], [ 439975.966673136455938, 37872.466800401380169 ], [ 439973.618282959272619, 37877.132793995500833 ], [ 439968.627609048620798, 37880.924087413841335 ], [ 439969.508419583027717, 37882.090503149789583 ], [ 439972.444284965225961, 37882.965186804096447 ], [ 439974.205840318929404, 37884.1315529275671 ], [ 439974.206037414842285, 37887.630948908212304 ], [ 439974.206168822245672, 37889.96387955564569 ], [ 439969.508813802734949, 37889.089295161829796 ], [ 439970.095845608739182, 37886.756331422271614 ], [ 439969.802149017865304, 37884.715033623542695 ], [ 439961.288249390549026, 37884.132280527686817 ], [ 439958.939645753009245, 37885.007261851525982 ], [ 439951.893752662988845, 37886.174124180914077 ], [ 439909.030177412671037, 37874.511885660853295 ] ] ] } },
{ "type": "Feature", "properties": { "fid": 184, "class_name": "disturbance", "class_id": null, "dist_to_line": null, "risk_level": null, "area_m2": 735.34056868706284, "perimeter_m": 144.28957928240931, "compactness": 0.44384206138599064, "dist_bin": 2 }, "geometry": { "type": "Polygon", "coordinates": [ [ [ 439983.307231444516219, 37890.546599596607848 ], [ 439982.132642252428923, 37885.880804494314361 ], [ 439981.251733215234708, 37882.964690803586564 ], [ 439981.251667530392297, 37881.798225485152216 ], [ 439980.370873446634505, 37880.923426089575514 ], [ 439980.664241594902705, 37877.132397258115816 ], [ 439984.774219925806392, 37874.216002550565463 ], [ 439984.186826887191273, 37870.133406970133365 ], [ 439984.773858788772486, 37867.800443265216018 ], [ 439987.122511657536961, 37867.800311071383476 ], [ 439991.81981736922171, 37867.800046699288941 ], [ 439992.994127380370628, 37867.508364281005925 ], [ 439992.993946860893629, 37864.300584662356414 ], [ 439995.34243561909534, 37861.384289211127907 ], [ 439993.287069034355227, 37856.135310891171684 ], [ 440012.957233345368877, 37859.633600295586803 ], [ 440011.489522194315214, 37863.133078728780674 ], [ 440005.618021447851788, 37865.466339639548096 ], [ 440005.031219239346683, 37871.881931781375897 ], [ 440004.150819087866694, 37878.005924099576077 ], [ 440002.976673250552267, 37881.213769725232851 ], [ 440002.389674211153761, 37884.129965979911503 ], [ 440009.435698157991283, 37885.296034626509936 ], [ 440010.610205097298604, 37888.503747997950995 ], [ 440009.435944393684622, 37889.670279366793693 ], [ 440008.261815035890322, 37893.169741262216121 ], [ 440007.968381216400303, 37895.794304624279903 ], [ 440003.564673754270189, 37896.086168905269005 ], [ 440001.215906057157554, 37894.044986938861257 ], [ 440001.21569259732496, 37890.253974800689321 ], [ 439985.94958083803067, 37892.587765061638493 ], [ 439983.307231444516219, 37890.546599596607848 ] ] ] } },
{ "type": "Feature", "properties": { "fid": 185, "class_name": "disturbance", "class_id": null, "dist_to_line": null, "risk_level": null, "area_m2": 362.18720344404574, "perimeter_m": 75.347979505977236, "compactness": 0.80167759102509772, "dist_bin": 2 }, "geometry": { "type": "Polygon", "coordinates": [ [ [ 439879.669300941866823, 37826.396837820466317 ], [ 439875.559469712839928, 37831.937780730419036 ], [ 439874.091857114108279, 37837.186958428173966 ], [ 439872.917661903775297, 37839.519955703319283 ], [ 439873.211391463992186, 37842.144486649616738 ], [ 439873.211473632080015, 37843.602568585323752 ], [ 439883.780594219220802, 37846.809753230067145 ], [ 439886.129296782368328, 37847.68447002825269 ], [ 439890.826373268850148, 37843.601576049419236 ], [ 439894.936286472133361, 37839.51871520664281 ], [ 439900.220312837918755, 37831.644775365690293 ], [ 439879.669300941866823, 37826.396837820466317 ] ] ] } },
{ "type": "Feature", "properties": { "fid": 186, "class_name": "structure", "class_id": null, "dist_to_line": null, "risk_level": null, "area_m2": 34.055444435241952, "perimeter_m": 30.276007387682597, "compactness": 0.46687348651974031, "dist_bin": 2 }, "geometry": { "type": "Polygon", "coordinates": [ [ [ 439536.761008974979632, 37741.264173770367051 ], [ 439536.467526024905965, 37743.013889728172217 ], [ 439546.155907946289517, 37746.22112431491405 ], [ 439549.385242201271467, 37745.054475591787195 ], [ 439549.678725160832983, 37743.304759673766966 ], [ 439536.761008974979632, 37741.264173770367051 ] ] ] } },
{ "type": "Feature", "properties": { "fid": 187, "class_name": "structure", "class_id": null, "dist_to_line": null, "risk_level": null, "area_m2": 46.007039401869406, "perimeter_m": 29.023598452637145, "compactness": 0.68632787370824677, "dist_bin": 2 }, "geometry": { "type": "Polygon", "coordinates": [ [ [ 439239.946028941660188, 37676.542082422711246 ], [ 439237.891203046834562, 37680.916449570533587 ], [ 439246.992443036404438, 37684.41533397569583 ], [ 439249.047285443346482, 37680.332583611903829 ], [ 439239.946028941660188, 37676.542082422711246 ] ] ] } },
{ "type": "Feature", "properties": { "fid": 188, "class_name": "structure", "class_id": null, "dist_to_line": null, "risk_level": null, "area_m2": 80.87635849036451, "perimeter_m": 41.234531945340379, "compactness": 0.5977358640213698, "dist_bin": 2 }, "geometry": { "type": "Polygon", "coordinates": [ [ [ 439251.689291853283066, 37676.249799978191731 ], [ 439248.460187609307468, 37681.499083714435983 ], [ 439262.552469821530394, 37687.622235468850704 ], [ 439264.900910720985848, 37683.831085286648886 ], [ 439251.689291853283066, 37676.249799978191731 ] ] ] } },
{ "type": "Feature", "properties": { "fid": 189, "class_name": "structure", "class_id": null, "dist_to_line": null, "risk_level": null, "area_m2": 43.779482106183423, "perimeter_m": 43.79488486514316, "compactness": 0.28683603193363022, "dist_bin": 2 }, "geometry": { "type": "Polygon", "coordinates": [ [ [ 439251.982906897610519, 37676.833016742559266 ], [ 439265.781656647101045, 37683.831035362454713 ], [ 439272.53387676877901, 37680.914485709450673 ], [ 439251.982906897610519, 37676.833016742559266 ] ] ] } },
{ "type": "Feature", "properties": { "fid": 190, "class_name": "structure", "class_id": null, "dist_to_line": null, "risk_level": null, "area_m2": 41.916065773155424, "perimeter_m": 25.940288944578157, "compactness": 0.78278187027834067, "dist_bin": 2 }, "geometry": { "type": "Polygon", "coordinates": [ [ [ 439030.912867846607696, 37628.145564236205246 ], [ 439030.913199258036911, 37633.977900484802376 ], [ 439037.518829454202205, 37634.560758742853068 ], [ 439037.665239416994154, 37627.853563785240112 ], [ 439030.912867846607696, 37628.145564236205246 ] ] ] } },
{ "type": "Feature", "properties": { "fid": 191, "class_name": "structure", "class_id": null, "dist_to_line": null, "risk_level": null, "area_m2": 33.038106103893369, "perimeter_m": 23.192623409789519, "compactness": 0.77183639838239948, "dist_bin": 2 }, "geometry": { "type": "Polygon", "coordinates": [ [ [ 439040.748025324719492, 37630.915365150191064 ], [ 439040.454625490237959, 37634.123166715937259 ], [ 439047.207038343069144, 37634.560208280963707 ], [ 439048.23427744966466, 37629.311047421491821 ], [ 439044.124128226540051, 37629.31128090358834 ], [ 439040.748025324719492, 37630.915365150191064 ] ] ] } },
{ "type": "Feature", "properties": { "fid": 192, "class_name": "structure", "class_id": null, "dist_to_line": null, "risk_level": null, "area_m2": 26.666070191666222, "perimeter_m": 21.011615172064914, "compactness": 0.7590143831857995, "dist_bin": 2 }, "geometry": { "type": "Polygon", "coordinates": [ [ [ 438984.673246990307234, 37620.420346365324804 ], [ 438985.406978487968445, 37616.483477356094227 ], [ 438990.691464874893427, 37616.62898539796879 ], [ 438991.132128129305784, 37621.732254947703041 ], [ 438984.673246990307234, 37620.420346365324804 ] ] ] } },
{ "type": "Feature", "properties": { "fid": 193, "class_name": "structure", "class_id": null, "dist_to_line": null, "risk_level": null, "area_m2": 169.65616190270885, "perimeter_m": 65.219260922939796, "compactness": 0.50121926564377262, "dist_bin": 2 }, "geometry": { "type": "Polygon", "coordinates": [ [ [ 438946.066907188913319, 37615.319246884377208 ], [ 438946.506981855607592, 37610.07011845488887 ], [ 438972.19571673712926, 37615.317761038299068 ], [ 438970.728245530859567, 37623.045690812366956 ], [ 438946.066907188913319, 37615.319246884377208 ] ] ] } },
{ "type": "Feature", "properties": { "fid": 194, "class_name": "structure", "class_id": null, "dist_to_line": null, "risk_level": null, "area_m2": 158.8077012247486, "perimeter_m": 67.173219380614285, "compactness": 0.44227164555944831, "dist_bin": 2 }, "geometry": { "type": "Polygon", "coordinates": [ [ [ 438946.946998531697318, 37603.800331009195361 ], [ 438947.240870862209704, 37608.903609294793569 ], [ 438972.929638887639157, 37614.734485625682282 ], [ 438975.571529878943693, 37608.61038172897679 ], [ 438946.946998531697318, 37603.800331009195361 ] ] ] } },
{ "type": "Feature", "properties": { "fid": 195, "class_name": "structure", "class_id": null, "dist_to_line": null, "risk_level": null, "area_m2": 36.529318539645828, "perimeter_m": 26.888833665570026, "compactness": 0.6349031843344054, "dist_bin": 2 }, "geometry": { "type": "Polygon", "coordinates": [ [ [ 438876.779702038504183, 37583.391140627696586 ], [ 438876.633118353958707, 37587.036360138517921 ], [ 438879.422182187030558, 37587.619435227526992 ], [ 438879.128707869211212, 37589.514961721739382 ], [ 438883.826055795187131, 37590.097928223658528 ], [ 438885.58730824268423, 37585.869383122757426 ], [ 438876.779702038504183, 37583.391140627696586 ] ] ] } },
{ "type": "Feature", "properties": { "fid": 196, "class_name": "structure", "class_id": null, "dist_to_line": null, "risk_level": null, "area_m2": 34.901483996931347, "perimeter_m": 24.616533435927959, "compactness": 0.72376898465668216, "dist_bin": 2 }, "geometry": { "type": "Polygon", "coordinates": [ [ [ 438885.734107623342425, 37586.015183216055448 ], [ 438882.651926236692816, 37593.597397701123555 ], [ 438887.642839694803115, 37593.888730593505898 ], [ 438889.991123731189873, 37587.327217035213835 ], [ 438885.734107623342425, 37586.015183216055448 ] ] ] } },
{ "type": "Feature", "properties": { "fid": 197, "class_name": "disturbance", "class_id": null, "dist_to_line": null, "risk_level": null, "area_m2": 535.42042331023913, "perimeter_m": 109.05432762816989, "compactness": 0.56574273827990618, "dist_bin": 2 }, "geometry": { "type": "Polygon", "coordinates": [ [ [ 438869.588233384827618, 37606.137667557610257 ], [ 438883.681040844297968, 37621.300943178670423 ], [ 438887.790908825001679, 37616.343222192081157 ], [ 438891.019947374879848, 37609.927466997447482 ], [ 438893.074906314548571, 37607.886031867557904 ], [ 438894.54212014056975, 37595.638039343430137 ], [ 438897.183994631981477, 37589.222317614141502 ], [ 438890.725087445229292, 37587.472983724983351 ], [ 438888.083212945261039, 37593.888705536191992 ], [ 438881.917954216711223, 37593.305822578578955 ], [ 438883.97283028671518, 37589.806302983299247 ], [ 438878.394735844805837, 37589.223386594443582 ], [ 438878.394735844805837, 37589.223386594443582 ], [ 438878.68823505169712, 37587.765285434346879 ], [ 438876.926742010866292, 37587.765385663733468 ], [ 438869.588233384827618, 37606.137667557610257 ] ] ] } },
{ "type": "Feature", "properties": { "fid": 198, "class_name": "structure", "class_id": null, "dist_to_line": null, "risk_level": null, "area_m2": 49.680288030951488, "perimeter_m": 31.078463151707687, "compactness": 0.64636063660872956, "dist_bin": 2 }, "geometry": { "type": "Polygon", "coordinates": [ [ [ 438745.693544272857253, 37553.50786872345634 ], [ 438745.400227869627997, 37558.173756786767626 ], [ 438748.189284070278518, 37558.611023310288147 ], [ 438748.336141652427614, 37559.777482772253279 ], [ 438750.978415024990682, 37560.360566135095723 ], [ 438750.684749712003395, 37558.902498086274136 ], [ 438754.794884414644912, 37558.610646965433261 ], [ 438755.088200851227157, 37553.94475897285156 ], [ 438745.693544272857253, 37553.50786872345634 ] ] ] } },
{ "type": "Feature", "properties": { "fid": 199, "class_name": "disturbance", "class_id": null, "dist_to_line": null, "risk_level": null, "area_m2": 236.62127451048309, "perimeter_m": 69.988278664355292, "compactness": 0.60703401678871782, "dist_bin": 2 }, "geometry": { "type": "Polygon", "coordinates": [ [ [ 438640.44355350069236, 37540.391104721253214 ], [ 438638.535667926480528, 37547.390021807761514 ], [ 438642.205529751197901, 37548.847897442290559 ], [ 438644.701012480887584, 37549.430989063766901 ], [ 438648.077300293603912, 37551.034689944244747 ], [ 438650.426025129912887, 37552.201023943503969 ], [ 438649.83897703862749, 37554.242376457259525 ], [ 438651.747145408357028, 37552.20094856400101 ], [ 438653.215031867963262, 37551.763439310256217 ], [ 438655.710489590128418, 37551.909105435937818 ], [ 438657.47202487353934, 37552.638047435932094 ], [ 438659.086735736113042, 37552.783763813975384 ], [ 438660.407864314038306, 37552.929496942473634 ], [ 438661.288594516052399, 37552.637829699873691 ], [ 438661.582085298141465, 37551.033919469235116 ], [ 438661.435202665103134, 37549.430034358090779 ], [ 438661.581893998372834, 37547.680323998727545 ], [ 438661.581819146580528, 37546.368047507428855 ], [ 438661.581686083285604, 37544.035111519042403 ], [ 438660.700839444471058, 37542.285459755948978 ], [ 438658.645713567559142, 37541.41072596333106 ], [ 438657.177752250572667, 37540.535958680055046 ], [ 438655.122601410606876, 37539.223799378203694 ], [ 438644.113348777638748, 37540.682512377105013 ], [ 438643.085893941810355, 37542.140656033567211 ], [ 438642.64536246372154, 37539.370319579473289 ], [ 438640.44355350069236, 37540.391104721253214 ] ] ] } },
{ "type": "Feature", "properties": { "fid": 200, "class_name": "structure", "class_id": null, "dist_to_line": null, "risk_level": null, "area_m2": 26.023529995418357, "perimeter_m": 21.964686344875368, "compactness": 0.67783822916384817, "dist_bin": 2 }, "geometry": { "type": "Polygon", "coordinates": [ [ [ 438639.709131993935443, 37532.22587029576971 ], [ 438638.975425770157017, 37536.600167330776458 ], [ 438642.351613823324442, 37536.454166236893798 ], [ 438642.351663726731203, 37537.329017264768481 ], [ 438643.819575184956193, 37537.328933532051451 ], [ 438645.874634587264154, 37537.037199301892542 ], [ 438646.021242771937978, 37533.829403840471059 ], [ 438639.709131993935443, 37532.22587029576971 ] ] ] } },
{ "type": "Feature", "properties": { "fid": 201, "class_name": "agricultural_activity", "class_id": null, "dist_to_line": null, "risk_level": null, "area_m2": 796.126927530393, "perimeter_m": 198.68952461131192, "compactness": 0.25342078745712299, "dist_bin": 2 }, "geometry": { "type": "Polygon", "coordinates": [ [ [ 438466.786304016190115, 37482.660840951444698 ], [ 438466.786603880231269, 37487.909948769389302 ], [ 438553.395032458764035, 37516.48347603277216 ], [ 438553.394283361791167, 37503.360708514919679 ], [ 438466.786304016190115, 37482.660840951444698 ] ] ] } },
{ "type": "Feature", "properties": { "fid": 202, "class_name": "disturbance", "class_id": null, "dist_to_line": null, "risk_level": null, "area_m2": 2995.1682780950832, "perimeter_m": 293.7545863225011, "compactness": 0.43617601436992104, "dist_bin": 2 }, "geometry": { "type": "Polygon", "coordinates": [ [ [ 438160.5780976312235, 37452.9334171144219 ], [ 438163.80656897224253, 37436.602666055572627 ], [ 438158.815431800903752, 37432.520310688065365 ], [ 438159.108847155992407, 37429.604121331016358 ], [ 438160.576609393407125, 37426.979481907306763 ], [ 438164.393082088034134, 37425.22955963278946 ], [ 438165.567228388856165, 37422.021702558115066 ], [ 438169.970899584761355, 37420.854981190386752 ], [ 438175.549001151055563, 37421.43789605742495 ], [ 438174.961936345614959, 37423.187633188521431 ], [ 438179.952906215097755, 37424.353816189584904 ], [ 438184.062978079076856, 37422.895494470016274 ], [ 438185.8245734932716, 37424.645097004373383 ], [ 438191.989806535537355, 37424.644743787066545 ], [ 438196.099961863306817, 37424.644508328456141 ], [ 438198.155039517499972, 37424.64439060499717 ], [ 438201.971612288150936, 37424.644171986132278 ], [ 438201.971812742471229, 37428.143578801988042 ], [ 438199.916902171331458, 37431.059868876356632 ], [ 438199.329971048340667, 37435.142543792644574 ], [ 438199.623737374029588, 37438.350316533273144 ], [ 438200.504501635266934, 37438.641883296397282 ], [ 438203.733959440840408, 37439.516549939624383 ], [ 438206.082435763324611, 37436.308625834812119 ], [ 438206.082435763324611, 37436.308625834812119 ], [ 438204.320807008189149, 37433.975788908697723 ], [ 438205.495020128088072, 37431.934401010526926 ], [ 438206.66926666512154, 37430.476247580234485 ], [ 438209.018010313971899, 37431.934199192692176 ], [ 438211.073087914381176, 37431.93408147093578 ], [ 438213.421564285294153, 37428.726157423130644 ], [ 438213.127814752631821, 37425.810001943762472 ], [ 438233.091625798377208, 37429.308265435327485 ], [ 438239.256941847037524, 37430.765998529372155 ], [ 438240.725004621839616, 37433.390469428391953 ], [ 438240.725121505209245, 37435.43178993499896 ], [ 438240.138140194409061, 37438.639612919032515 ], [ 438241.606052687275223, 37438.6395288589556 ], [ 438241.899902389210183, 37443.30538745442027 ], [ 438241.312871010915842, 37445.638358780444833 ], [ 438245.129476858419366, 37446.221374612105137 ], [ 438244.836027982179075, 37448.55432910584932 ], [ 438243.661915155826136, 37452.345420093297435 ], [ 438249.533397976658307, 37449.428911692077236 ], [ 438251.588592328538653, 37451.470114435229334 ], [ 438256.87334436312085, 37456.135687026348023 ], [ 438256.873728565347847, 37462.842882656972506 ], [ 438242.488437311549205, 37467.217964954703348 ], [ 438221.056881748139858, 37466.635958918959659 ], [ 438160.5780976312235, 37452.9334171144219 ] ] ] } },
{ "type": "Feature", "properties": { "fid": 203, "class_name": "disturbance", "class_id": null, "dist_to_line": null, "risk_level": null, "area_m2": 671.29973678561873, "perimeter_m": 168.25665575668918, "compactness": 0.29797637708916247, "dist_bin": 2 }, "geometry": { "type": "Polygon", "coordinates": [ [ [ 438100.099038875021506, 37434.564999554459064 ], [ 438109.787380517867859, 37436.605764511012239 ], [ 438114.484634501277469, 37435.439025888037577 ], [ 438115.071598838141654, 37431.939584939973429 ], [ 438114.77783225273015, 37428.731811785226455 ], [ 438112.722637238446623, 37426.690608761229669 ], [ 438109.493162158469204, 37425.524324918667844 ], [ 438109.199479224276729, 37423.774638101240271 ], [ 438110.373692376830149, 37421.733249801422062 ], [ 438113.602866393863223, 37417.650422704260563 ], [ 438116.245092718861997, 37417.358653897223121 ], [ 438116.245360314147547, 37422.024530292903364 ], [ 438119.768585174577311, 37426.106970044944319 ], [ 438120.942865220829844, 37425.232050875085406 ], [ 438121.236330699292012, 37423.190713137446437 ], [ 438123.584840634837747, 37420.566023001134454 ], [ 438122.997508295986336, 37417.649883954247343 ], [ 438123.291023966681678, 37416.483398030475655 ], [ 438126.814014646573924, 37416.48319602754782 ], [ 438126.813880887406413, 37414.15025785817852 ], [ 438130.923969794879667, 37412.983553138110437 ], [ 438131.804516858537681, 37409.484095406893175 ], [ 438130.630002764461096, 37406.276372735956102 ], [ 438136.501704017515294, 37407.150888009979099 ], [ 438136.501971452205908, 37411.816764304378012 ], [ 438137.970001224835869, 37413.858001031512686 ], [ 438138.557400365360081, 37417.94060909467953 ], [ 438137.089855446713045, 37424.356273079065431 ], [ 438135.034911377588287, 37426.689329036154959 ], [ 438132.099303293507546, 37430.480521843230235 ], [ 438130.338075619831216, 37435.146499111309822 ], [ 438130.631875641760416, 37438.937506698610377 ], [ 438132.393504763254896, 37441.270343743628473 ], [ 438132.393789191788528, 37446.22783718228311 ], [ 438096.869864999491256, 37438.647826797168818 ], [ 438100.099038875021506, 37434.564999554459064 ] ] ] } },
{ "type": "Feature", "properties": { "fid": 204, "class_name": "structure", "class_id": null, "dist_to_line": null, "risk_level": null, "area_m2": 33.412924440795905, "perimeter_m": 28.967032247370199, "compactness": 0.50039890075974469, "dist_bin": 2 }, "geometry": { "type": "Polygon", "coordinates": [ [ [ 437346.60596654843539, 37210.354534124344354 ], [ 437348.367817954393104, 37216.47840358997928 ], [ 437358.349453398608603, 37213.270032837499457 ], [ 437346.60596654843539, 37210.354534124344354 ] ] ] } },
{ "type": "Feature", "properties": { "fid": 205, "class_name": "structure", "class_id": null, "dist_to_line": null, "risk_level": null, "area_m2": 61.98523776626098, "perimeter_m": 32.371601353388549, "compactness": 0.74330964538749511, "dist_bin": 2 }, "geometry": { "type": "Polygon", "coordinates": [ [ [ 437278.788045225199312, 37205.984186415029399 ], [ 437280.549239859043155, 37200.734965860603552 ], [ 437290.531213348265737, 37203.358948435125058 ], [ 437287.302171171875671, 37209.774724533861445 ], [ 437278.788045225199312, 37205.984186415029399 ] ] ] } },
{ "type": "Feature", "properties": { "fid": 206, "class_name": "structure", "class_id": null, "dist_to_line": null, "risk_level": null, "area_m2": 32.856013588672795, "perimeter_m": 23.591480449561718, "compactness": 0.74184699690756373, "dist_bin": 2 }, "geometry": { "type": "Polygon", "coordinates": [ [ [ 437282.897566847852431, 37194.90247596995323 ], [ 437281.723335946851876, 37196.652250075727352 ], [ 437286.71455018222332, 37201.901080438270583 ], [ 437290.237377621117048, 37198.984699831620674 ], [ 437290.237259688437916, 37196.943375894399651 ], [ 437282.897566847852431, 37194.90247596995323 ] ] ] } },
{ "type": "Feature", "properties": { "fid": 207, "class_name": "structure", "class_id": null, "dist_to_line": null, "risk_level": null, "area_m2": 27.629945534616127, "perimeter_m": 23.458413582427426, "compactness": 0.63094661567670296, "dist_bin": 2 }, "geometry": { "type": "Polygon", "coordinates": [ [ [ 437292.879540326248389, 37197.526458660839126 ], [ 437291.998858735256363, 37198.692980359584908 ], [ 437295.522141050663777, 37203.650277769484092 ], [ 437301.393564980011433, 37199.567290750623215 ], [ 437292.879540326248389, 37197.526458660839126 ] ] ] } },
{ "type": "Feature", "properties": { "fid": 208, "class_name": "disturbance", "class_id": null, "dist_to_line": null, "risk_level": null, "area_m2": 1869.9246869541676, "perimeter_m": 222.96686372987759, "compactness": 0.47266487415263181, "dist_bin": 2 }, "geometry": { "type": "Polygon", "coordinates": [ [ [ 437262.642177471425384, 37226.689977384456142 ], [ 437258.531711851188447, 37221.441096305454266 ], [ 437250.311235922970809, 37218.817012328683631 ], [ 437252.072244866227265, 37210.359996614046395 ], [ 437255.595156643888913, 37208.901704305637395 ], [ 437257.943702669814229, 37206.860244483563292 ], [ 437266.164262822945602, 37210.942417233178276 ], [ 437268.219259535311721, 37209.484209860413102 ], [ 437278.788365479558706, 37211.52492286022607 ], [ 437282.018132425553631, 37217.648707988482784 ], [ 437286.12809202662902, 37214.149057955488388 ], [ 437296.696995373466052, 37212.690358611442207 ], [ 437302.862558262422681, 37218.230738546524663 ], [ 437307.559633205702994, 37213.856201696304197 ], [ 437310.789147096220404, 37215.605721250634815 ], [ 437313.431292816647328, 37213.855862439704651 ], [ 437317.541572446818464, 37215.896948798268568 ], [ 437326.055141824355815, 37210.064103235548828 ], [ 437329.871922599268146, 37213.563295007072156 ], [ 437333.395086687931325, 37216.479268335897359 ], [ 437337.798915431310888, 37217.937102370829962 ], [ 437338.973752661666367, 37226.685564846156922 ], [ 437338.974022237409372, 37231.351447646418819 ], [ 437329.579569592373446, 37234.851402644395421 ], [ 437321.946547276922502, 37237.184785266246763 ], [ 437314.90089318039827, 37243.017546237366332 ], [ 437282.606360757374205, 37236.020589214545907 ], [ 437262.642177471425384, 37226.689977384456142 ] ] ] } },
{ "type": "Feature", "properties": { "fid": 209, "class_name": "structure", "class_id": null, "dist_to_line": null, "risk_level": null, "area_m2": 27.073052871266555, "perimeter_m": 20.978107118963102, "compactness": 0.77306230630732287, "dist_bin": 2 }, "geometry": { "type": "Polygon", "coordinates": [ [ [ 437356.588595529960003, 37224.351605987256335 ], [ 437355.41401108779246, 37219.977408767495945 ], [ 437360.404803493816871, 37217.935796894176747 ], [ 437362.460136760841124, 37222.30994323908817 ], [ 437356.588595529960003, 37224.351605987256335 ] ] ] } },
{ "type": "Feature", "properties": { "fid": 210, "class_name": "structure", "class_id": null, "dist_to_line": null, "risk_level": null, "area_m2": 20.261939292184252, "perimeter_m": 18.454314738447664, "compactness": 0.74764430127770698, "dist_bin": 2 }, "geometry": { "type": "Polygon", "coordinates": [ [ [ 437362.753652360115666, 37221.14345562174276 ], [ 437361.28546817752067, 37216.477657700728741 ], [ 437365.982795469055418, 37216.477386506390758 ], [ 437367.744478387583513, 37219.685079127695644 ], [ 437362.753652360115666, 37221.14345562174276 ] ] ] } },
{ "type": "Feature", "properties": { "fid": 211, "class_name": "structure", "class_id": null, "dist_to_line": null, "risk_level": null, "area_m2": 216.54149962881638, "perimeter_m": 59.031674703271847, "compactness": 0.78087369981093979, "dist_bin": 2 }, "geometry": { "type": "Polygon", "coordinates": [ [ [ 437230.639099798514508, 37182.949169279105263 ], [ 437228.291278623859398, 37197.530191815974831 ], [ 437242.089798557572067, 37199.570718044269597 ], [ 437246.492768355587032, 37186.156048012468091 ], [ 437230.639099798514508, 37182.949169279105263 ] ] ] } },
{ "type": "Feature", "properties": { "fid": 212, "class_name": "structure", "class_id": null, "dist_to_line": null, "risk_level": null, "area_m2": 97.325886110280408, "perimeter_m": 41.223015638400931, "compactness": 0.71971194768595237, "dist_bin": 2 }, "geometry": { "type": "Polygon", "coordinates": [ [ [ 437183.371488855744246, 37170.120721116378263 ], [ 437179.555128440668341, 37173.911972738125769 ], [ 437185.427295438479632, 37182.660165894863894 ], [ 437195.115046822174918, 37174.202690663463727 ], [ 437183.371488855744246, 37170.120721116378263 ] ] ] } },
{ "type": "Feature", "properties": { "fid": 213, "class_name": "structure", "class_id": null, "dist_to_line": null, "risk_level": null, "area_m2": 104.95086833491223, "perimeter_m": 41.269610547646508, "compactness": 0.77434617794603178, "dist_bin": 2 }, "geometry": { "type": "Polygon", "coordinates": [ [ [ 437197.463677447172813, 37173.619319350989826 ], [ 437193.647772479162086, 37185.284250193340995 ], [ 437203.336097106628586, 37186.741778589697788 ], [ 437205.97778795636259, 37177.118240102026903 ], [ 437197.463677447172813, 37173.619319350989826 ] ] ] } },
{ "type": "Feature", "properties": { "fid": 214, "class_name": "structure", "class_id": null, "dist_to_line": null, "risk_level": null, "area_m2": 66.483166673278902, "perimeter_m": 32.823943184366762, "compactness": 0.77542546079976238, "dist_bin": 2 }, "geometry": { "type": "Polygon", "coordinates": [ [ [ 437206.271370994392782, 37177.118223127727106 ], [ 437203.923178853350691, 37185.283655892919342 ], [ 437211.556405220413581, 37186.449685452302219 ], [ 437214.198180408566259, 37178.284235832259583 ], [ 437206.271370994392782, 37177.118223127727106 ] ] ] } },
{ "type": "Feature", "properties": { "fid": 215, "class_name": "structure", "class_id": null, "dist_to_line": null, "risk_level": null, "area_m2": 72.694580080024025, "perimeter_m": 33.229891028840044, "compactness": 0.82728292763116951, "dist_bin": 2 }, "geometry": { "type": "Polygon", "coordinates": [ [ [ 437136.691124079748988, 37158.750327933543304 ], [ 437133.755478922277689, 37161.958293432886421 ], [ 437137.572514486324508, 37169.831752751546446 ], [ 437144.618221325275954, 37164.873842775661615 ], [ 437143.443635981413536, 37160.499643999239197 ], [ 437136.691124079748988, 37158.750327933543304 ] ] ] } },
{ "type": "Feature", "properties": { "fid": 216, "class_name": "structure", "class_id": null, "dist_to_line": null, "risk_level": null, "area_m2": 27.629937730176607, "perimeter_m": 28.731918334827057, "compactness": 0.42059153092985274, "dist_bin": 2 }, "geometry": { "type": "Polygon", "coordinates": [ [ [ 437118.782303145388141, 37154.377097235512338 ], [ 437127.883749892294873, 37160.792162032841588 ], [ 437131.112944401567802, 37157.000943928040215 ], [ 437118.782303145388141, 37154.377097235512338 ] ] ] } },
{ "type": "Feature", "properties": { "fid": 217, "class_name": "structure", "class_id": null, "dist_to_line": null, "risk_level": null, "area_m2": 149.71567106294242, "perimeter_m": 50.906113680963443, "compactness": 0.72600103403137706, "dist_bin": 2 }, "geometry": { "type": "Polygon", "coordinates": [ [ [ 437064.468653553340118, 37140.965821513294941 ], [ 437067.111695141764358, 37154.671706084256584 ], [ 437080.909932221518829, 37151.754728975036414 ], [ 437079.735194656066597, 37144.75596942629636 ], [ 437064.468653553340118, 37140.965821513294941 ] ] ] } },
{ "type": "Feature", "properties": { "fid": 218, "class_name": "structure", "class_id": null, "dist_to_line": null, "risk_level": null, "area_m2": 125.29849705363449, "perimeter_m": 47.805906781791656, "compactness": 0.68895777425946414, "dist_bin": 2 }, "geometry": { "type": "Polygon", "coordinates": [ [ [ 437040.982021001633257, 37141.258799284405541 ], [ 437043.624775806500111, 37150.007181197564933 ], [ 437059.477909462875687, 37143.882288704880921 ], [ 437054.780241920903791, 37138.050204149680212 ], [ 437040.982021001633257, 37141.258799284405541 ] ] ] } },
{ "type": "Feature", "properties": { "fid": 219, "class_name": "structure", "class_id": null, "dist_to_line": null, "risk_level": null, "area_m2": 22.489470913253172, "perimeter_m": 19.219563587893045, "compactness": 0.76507156000732568, "dist_bin": 2 }, "geometry": { "type": "Polygon", "coordinates": [ [ [ 437058.30404984386405, 37152.047655766800744 ], [ 437057.423013408726547, 37147.090203771353117 ], [ 437062.707458786375355, 37146.215044304197363 ], [ 437062.70769519120222, 37150.297693808286567 ], [ 437058.30404984386405, 37152.047655766800744 ] ] ] } },
{ "type": "Feature", "properties": { "fid": 220, "class_name": "structure", "class_id": null, "dist_to_line": null, "risk_level": null, "area_m2": 56.801995637062646, "perimeter_m": 29.760574886355055, "compactness": 0.80591794420305962, "dist_bin": 2 }, "geometry": { "type": "Polygon", "coordinates": [ [ [ 437022.19256569002755, 37138.926944870014268 ], [ 437024.248154438508209, 37147.675361041772703 ], [ 437030.41333254618803, 37146.508532502783055 ], [ 437029.825828437344171, 37140.676209760422353 ], [ 437027.477028271998279, 37138.343403084712918 ], [ 437022.19256569002755, 37138.926944870014268 ] ] ] } },
{ "type": "Feature", "properties": { "fid": 221, "class_name": "structure", "class_id": null, "dist_to_line": null, "risk_level": null, "area_m2": 131.46706185071162, "perimeter_m": 46.344200030291255, "compactness": 0.76919427122951489, "dist_bin": 2 }, "geometry": { "type": "Polygon", "coordinates": [ [ [ 436915.326351462281309, 37105.397082495692302 ], [ 436915.033512271125801, 37118.228287052632368 ], [ 436927.363989107427187, 37117.935954140259128 ], [ 436926.18908155488316, 37108.021013862999098 ], [ 436915.326351462281309, 37105.397082495692302 ] ] ] } },
{ "type": "Feature", "properties": { "fid": 222, "class_name": "structure", "class_id": null, "dist_to_line": null, "risk_level": null, "area_m2": 205.87510704148735, "perimeter_m": 57.91864836429977, "compactness": 0.77121748174450921, "dist_bin": 2 }, "geometry": { "type": "Polygon", "coordinates": [ [ [ 436879.215110591903795, 37096.650639024090196 ], [ 436879.215922509902157, 37110.648299042397412 ], [ 436894.188767313258722, 37112.397137953892525 ], [ 436895.362389808753505, 37100.149117661079799 ], [ 436879.215110591903795, 37096.650639024090196 ] ] ] } },
{ "type": "Feature", "properties": { "fid": 223, "class_name": "disturbance", "class_id": null, "dist_to_line": null, "risk_level": null, "area_m2": 388.96086324725184, "perimeter_m": 84.880953128890866, "compactness": 0.67841473816849363, "dist_bin": 2 }, "geometry": { "type": "Polygon", "coordinates": [ [ [ 436861.602216447936371, 37132.812283057508466 ], [ 436862.482034971006215, 37116.773246366843523 ], [ 436865.417833232088014, 37116.189840135986742 ], [ 436869.528302807710133, 37121.43872411990742 ], [ 436878.629280629684217, 37119.688488449246506 ], [ 436885.381728117121384, 37120.271332451222406 ], [ 436889.198495835997164, 37123.478907988450374 ], [ 436889.786034528689925, 37129.894467852922389 ], [ 436886.850524162466172, 37135.435378450310964 ], [ 436861.602216447936371, 37132.812283057508466 ] ] ] } },
{ "type": "Feature", "properties": { "fid": 224, "class_name": "disturbance", "class_id": null, "dist_to_line": null, "risk_level": null, "area_m2": 175.46077597315161, "perimeter_m": 55.576611860901423, "compactness": 0.71384804645550926, "dist_bin": 2 }, "geometry": { "type": "Polygon", "coordinates": [ [ [ 436824.903806192916818, 37124.065876505519554 ], [ 436826.371451329614501, 37119.399904259720643 ], [ 436831.068512010329869, 37114.733744495439169 ], [ 436836.646644087391905, 37115.608274416343193 ], [ 436843.105542703298852, 37116.774371145889745 ], [ 436842.224996220844332, 37120.273837440225179 ], [ 436845.454614821763244, 37123.773065063789545 ], [ 436839.876635272521526, 37125.523096553435607 ], [ 436838.702471757191233, 37128.439344046018959 ], [ 436824.903806192916818, 37124.065876505519554 ] ] ] } },
{ "type": "Feature", "properties": { "fid": 225, "class_name": "structure", "class_id": null, "dist_to_line": null, "risk_level": null, "area_m2": 242.62934146765474, "perimeter_m": 67.376064936828584, "compactness": 0.67164826652319221, "dist_bin": 2 }, "geometry": { "type": "Polygon", "coordinates": [ [ [ 436831.066751706355717, 37084.40547872663592 ], [ 436830.480262112396304, 37096.070230505763902 ], [ 436841.342960059118923, 37098.110925683453388 ], [ 436841.343095443968195, 37100.443869167254888 ], [ 436850.15060908003943, 37100.734976003055635 ], [ 436853.085849149443675, 37090.528178064574604 ], [ 436831.066751706355717, 37084.40547872663592 ] ] ] } },
{ "type": "Feature", "properties": { "fid": 226, "class_name": "structure", "class_id": null, "dist_to_line": null, "risk_level": null, "area_m2": 154.21358297666302, "perimeter_m": 58.153391402380564, "compactness": 0.57303664765111828, "dist_bin": 2 }, "geometry": { "type": "Polygon", "coordinates": [ [ [ 436693.374284529534634, 37051.460640679477365 ], [ 436691.613259095523972, 37059.626047442776326 ], [ 436713.925793216330931, 37063.124167208407016 ], [ 436713.925454428419471, 37057.291807128858636 ], [ 436693.374284529534634, 37051.460640679477365 ] ] ] } },
{ "type": "Feature", "properties": { "fid": 227, "class_name": "structure", "class_id": null, "dist_to_line": null, "risk_level": null, "area_m2": 22.746510634187871, "perimeter_m": 20.38671470926398, "compactness": 0.6877493006576243, "dist_bin": 2 }, "geometry": { "type": "Polygon", "coordinates": [ [ [ 436713.63187113229651, 37057.291824181120319 ], [ 436713.632108279387467, 37061.374476241879165 ], [ 436719.797391324536875, 37061.95735412355134 ], [ 436720.67798875994049, 37059.332740958576323 ], [ 436713.63187113229651, 37057.291824181120319 ] ] ] } },
{ "type": "Feature", "properties": { "fid": 228, "class_name": "structure", "class_id": null, "dist_to_line": null, "risk_level": null, "area_m2": 184.71362444794613, "perimeter_m": 61.696147412067802, "compactness": 0.60980741797954108, "dist_bin": 2 }, "geometry": { "type": "Polygon", "coordinates": [ [ [ 436606.326794108492322, 37050.882464873138815 ], [ 436604.858334580436349, 37041.55077242328116 ], [ 436612.491501647862606, 37041.550328516968875 ], [ 436615.720986286527477, 37042.716612941243511 ], [ 436619.244189909077249, 37046.215824700695521 ], [ 436619.537908921949565, 37048.548752032438642 ], [ 436626.583926046441775, 37048.839960335331853 ], [ 436627.464913477131631, 37052.922561763916747 ], [ 436623.94206606951775, 37055.547329072003777 ], [ 436606.326794108492322, 37050.882464873138815 ] ] ] } },
{ "type": "Feature", "properties": { "fid": 229, "class_name": "structure", "class_id": null, "dist_to_line": null, "risk_level": null, "area_m2": 23.903107402797104, "perimeter_m": 25.563502619619847, "compactness": 0.45964602512329139, "dist_bin": 2 }, "geometry": { "type": "Polygon", "coordinates": [ [ [ 436636.271616703015752, 37039.216001562963356 ], [ 436636.565335647843312, 37041.548928854928818 ], [ 436640.675519287935458, 37041.840307983744424 ], [ 436641.262787660467438, 37043.589982105193485 ], [ 436645.960120974341407, 37043.589709067600779 ], [ 436646.253568710293621, 37041.256747686478775 ], [ 436636.271616703015752, 37039.216001562963356 ] ] ] } },
{ "type": "Feature", "properties": { "fid": 230, "class_name": "disturbance", "class_id": null, "dist_to_line": null, "risk_level": null, "area_m2": 77.106781054491876, "perimeter_m": 40.095011106922797, "compactness": 0.60272854637788376, "dist_bin": 2 }, "geometry": { "type": "Polygon", "coordinates": [ [ [ 436660.348162624693941, 37085.873486971846432 ], [ 436661.815841689705849, 37081.79074927183683 ], [ 436670.916958263784181, 37082.373455941902648 ], [ 436674.43995796260424, 37082.373251043369237 ], [ 436675.908281569427345, 37089.371998022259504 ], [ 436660.348162624693941, 37085.873486971846432 ] ] ] } },
{ "type": "Feature", "properties": { "fid": 231, "class_name": "structure", "class_id": null, "dist_to_line": null, "risk_level": null, "area_m2": 61.942453413350449, "perimeter_m": 37.899324408683832, "compactness": 0.54192018834716427, "dist_bin": 2 }, "geometry": { "type": "Polygon", "coordinates": [ [ [ 436573.884247047302779, 37023.618062573143106 ], [ 436573.297334727016278, 37027.992367883249244 ], [ 436576.086385204514954, 37028.138014696916798 ], [ 436576.233338029414881, 37030.908377872263372 ], [ 436582.25178853480611, 37030.762218771313201 ], [ 436581.66453700204147, 37029.304162560089026 ], [ 436585.627937849145383, 37029.741359161656874 ], [ 436586.361692749953363, 37026.241899626569648 ], [ 436573.884247047302779, 37023.618062573143106 ] ] ] } },
{ "type": "Feature", "properties": { "fid": 232, "class_name": "structure", "class_id": null, "dist_to_line": null, "risk_level": null, "area_m2": 74.311660731602387, "perimeter_m": 38.063329769386108, "compactness": 0.64454504784544997, "dist_bin": 2 }, "geometry": { "type": "Polygon", "coordinates": [ [ [ 436586.361701229005121, 37026.387708662201476 ], [ 436586.068465535587166, 37032.365896182178403 ], [ 436590.178649546171073, 37032.657275205398037 ], [ 436589.738427152507938, 37035.2818634262876 ], [ 436597.518352204409894, 37034.698174824734451 ], [ 436597.958405045908876, 37029.157405989644758 ], [ 436586.361701229005121, 37026.387708662201476 ] ] ] } },
{ "type": "Feature", "properties": { "fid": 233, "class_name": "structure", "class_id": null, "dist_to_line": null, "risk_level": null, "area_m2": 19.726490147742879, "perimeter_m": 18.895007555639506, "compactness": 0.69432938260929655, "dist_bin": 2 }, "geometry": { "type": "Polygon", "coordinates": [ [ [ 436605.298090657801367, 37030.906687621842138 ], [ 436604.711152858857531, 37034.843565586226759 ], [ 436610.876394751423504, 37034.697398077529215 ], [ 436611.463425813359208, 37032.364419475437899 ], [ 436605.298090657801367, 37030.906687621842138 ] ] ] } },
{ "type": "Feature", "properties": { "fid": 234, "class_name": "structure", "class_id": null, "dist_to_line": null, "risk_level": null, "area_m2": 94.070332522645913, "perimeter_m": 42.78262272253609, "compactness": 0.64584415516095195, "dist_bin": 2 }, "geometry": { "type": "Polygon", "coordinates": [ [ [ 435400.707571315404493, 36745.045296531854547 ], [ 435402.469641061266884, 36754.668609787397145 ], [ 435415.974418596888427, 36753.209722332154342 ], [ 435415.680611759133171, 36749.418696690445358 ], [ 435400.707571315404493, 36745.045296531854547 ] ] ] } },
{ "type": "Feature", "properties": { "fid": 235, "class_name": "structure", "class_id": null, "dist_to_line": null, "risk_level": null, "area_m2": 70.509919787527906, "perimeter_m": 35.039153903886216, "compactness": 0.72169361558364564, "dist_bin": 2 }, "geometry": { "type": "Polygon", "coordinates": [ [ [ 435358.722881691064686, 36708.012188274762593 ], [ 435358.723053075082134, 36710.928375496907393 ], [ 435346.686108170775697, 36710.929083000934043 ], [ 435347.272899126459379, 36704.51343646908208 ], [ 435357.841958257835358, 36705.096052800872712 ], [ 435358.722881691064686, 36708.012188274762593 ] ] ] } },
{ "type": "Feature", "properties": { "fid": 236, "class_name": "structure", "class_id": null, "dist_to_line": null, "risk_level": null, "area_m2": 118.31614774851187, "perimeter_m": 51.501646652867905, "compactness": 0.5605465130067987, "dist_bin": 2 }, "geometry": { "type": "Polygon", "coordinates": [ [ [ 435357.841941121267155, 36704.804434077072074 ], [ 435347.860032901051454, 36703.930164502649859 ], [ 435347.272504962631501, 36697.806205685192253 ], [ 435341.987958159937989, 36697.223278758159722 ], [ 435342.281165208551101, 36690.807649359041534 ], [ 435349.620765972998925, 36690.807218145557272 ], [ 435357.841941121267155, 36704.804434077072074 ] ] ] } },
{ "type": "Feature", "properties": { "fid": 237, "class_name": "structure", "class_id": null, "dist_to_line": null, "risk_level": null, "area_m2": 42.40875933317875, "perimeter_m": 26.573589024920466, "compactness": 0.75468375761542816, "dist_bin": 2 }, "geometry": { "type": "Polygon", "coordinates": [ [ [ 435306.169574000930879, 36677.978546496480703 ], [ 435307.637939877458848, 36685.560547818095074 ], [ 435313.216036801866721, 36685.560219962673727 ], [ 435312.041272163682152, 36678.269820201996481 ], [ 435306.169574000930879, 36677.978546496480703 ] ] ] } },
{ "type": "Feature", "properties": { "fid": 238, "class_name": "structure", "class_id": null, "dist_to_line": null, "risk_level": null, "area_m2": 50.376473235512094, "perimeter_m": 34.213543861972752, "compactness": 0.54080600095171083, "dist_bin": 2 }, "geometry": { "type": "Polygon", "coordinates": [ [ [ 435309.987418011180125, 36699.266490993803018 ], [ 435312.042420595127624, 36697.808276426556404 ], [ 435310.867501543136314, 36687.893308007711312 ], [ 435304.114948408969212, 36685.852373653186078 ], [ 435309.987418011180125, 36699.266490993803018 ] ] ] } },
{ "type": "Feature", "properties": { "fid": 239, "class_name": "structure", "class_id": null, "dist_to_line": null, "risk_level": null, "area_m2": 37.096956454712199, "perimeter_m": 27.965484165863234, "compactness": 0.59607850198522294, "dist_bin": 2 }, "geometry": { "type": "Polygon", "coordinates": [ [ [ 435292.071001257630996, 36566.581002257829823 ], [ 435288.254442270146683, 36567.164463507207984 ], [ 435292.365132271312177, 36575.912786310924275 ], [ 435296.475309467467014, 36575.912545395665802 ], [ 435292.071001257630996, 36566.581002257829823 ] ] ] } },
{ "type": "Feature", "properties": { "fid": 240, "class_name": "structure", "class_id": null, "dist_to_line": null, "risk_level": null, "area_m2": 126.84074706862884, "perimeter_m": 48.355334146284108, "compactness": 0.68167894141823682, "dist_bin": 2 }, "geometry": { "type": "Polygon", "coordinates": [ [ [ 435298.237053274002392, 36579.995105138237705 ], [ 435290.603986755711958, 36582.036884115223074 ], [ 435292.072334637399763, 36589.327267697364732 ], [ 435289.723730372847058, 36590.49388056385942 ], [ 435290.311172172427177, 36595.159746685458231 ], [ 435302.935082393989433, 36591.659581024345243 ], [ 435298.237053274002392, 36579.995105138237705 ] ] ] } },
{ "type": "Feature", "properties": { "fid": 241, "class_name": "structure", "class_id": null, "dist_to_line": null, "risk_level": null, "area_m2": 84.946069463028834, "perimeter_m": 42.059424083396607, "compactness": 0.60342946025308253, "dist_bin": 2 }, "geometry": { "type": "Polygon", "coordinates": [ [ [ 435304.990307716128882, 36593.992410754814046 ], [ 435299.999378410167992, 36593.992703402836923 ], [ 435300.880695010302588, 36603.616071435848426 ], [ 435303.229316296114121, 36602.741077354294248 ], [ 435303.229521544883028, 36606.240502660933998 ], [ 435311.156274368229788, 36605.948418973770458 ], [ 435304.990307716128882, 36593.992410754814046 ] ] ] } },
{ "type": "Feature", "properties": { "fid": 242, "class_name": "structure", "class_id": null, "dist_to_line": null, "risk_level": null, "area_m2": 79.591392093348986, "perimeter_m": 37.933231885804297, "compactness": 0.69508236970948822, "dist_bin": 2 }, "geometry": { "type": "Polygon", "coordinates": [ [ [ 435303.816467341035604, 36602.449424141654163 ], [ 435300.880677906097844, 36603.324452658933296 ], [ 435300.293355822621379, 36600.699918099766364 ], [ 435293.247355061699636, 36600.991950143390568 ], [ 435293.541281267942395, 36606.824308527728135 ], [ 435297.945179273549002, 36609.157000408260501 ], [ 435305.57834806968458, 36608.864933865101193 ], [ 435303.816467341035604, 36602.449424141654163 ] ] ] } },
{ "type": "Feature", "properties": { "fid": 243, "class_name": "structure", "class_id": null, "dist_to_line": null, "risk_level": null, "area_m2": 22.01832940919121, "perimeter_m": 20.247780153809142, "compactness": 0.67489994912852735, "dist_bin": 2 }, "geometry": { "type": "Polygon", "coordinates": [ [ [ 435285.319780984194949, 36587.286332149895316 ], [ 435285.319524488179013, 36582.912050315193483 ], [ 435289.72328579047462, 36582.911792114755372 ], [ 435290.310419767163694, 36582.328520114795538 ], [ 435292.072112349851523, 36585.536223489551048 ], [ 435285.319780984194949, 36587.286332149895316 ] ] ] } },
{ "type": "Feature", "properties": { "fid": 244, "class_name": "disturbance", "class_id": null, "dist_to_line": null, "risk_level": null, "area_m2": 212.12958243610046, "perimeter_m": 58.233284447028424, "compactness": 0.78608322719240409, "dist_bin": 2 }, "geometry": { "type": "Polygon", "coordinates": [ [ [ 435213.970113530755043, 36438.273290107012144 ], [ 435206.924417662783526, 36443.814460483721632 ], [ 435208.979745557531714, 36447.897004353486409 ], [ 435211.622139433398843, 36450.229800691544369 ], [ 435212.503045414341614, 36452.854318898818747 ], [ 435212.503181875566952, 36455.187269755952002 ], [ 435214.264806216466241, 36457.228498708704137 ], [ 435218.668653809756506, 36458.686335378981312 ], [ 435221.016934735816903, 36451.978964381371043 ], [ 435223.952571623842232, 36448.479366458224831 ], [ 435222.190572241204791, 36440.022522662133269 ], [ 435213.970113530755043, 36438.273290107012144 ] ] ] } },
{ "type": "Feature", "properties": { "fid": 245, "class_name": "structure", "class_id": null, "dist_to_line": null, "risk_level": null, "area_m2": 28.529578605230199, "perimeter_m": 27.155299427962802, "compactness": 0.48617881325266205, "dist_bin": 2 }, "geometry": { "type": "Polygon", "coordinates": [ [ [ 435042.787977199652232, 36051.596528653491987 ], [ 435039.852438247704413, 36056.845841676135024 ], [ 435047.779519931063987, 36062.094524525884481 ], [ 435042.787977199652232, 36051.596528653491987 ] ] ] } },
{ "type": "Feature", "properties": { "fid": 246, "class_name": "structure", "class_id": null, "dist_to_line": null, "risk_level": null, "area_m2": 55.516999471641611, "perimeter_m": 35.996862961794704, "compactness": 0.53840184609182484, "dist_bin": 2 }, "geometry": { "type": "Polygon", "coordinates": [ [ [ 434997.276908925618045, 35956.822969751818164 ], [ 434993.753946896467824, 35957.698030956686125 ], [ 434999.039225674176123, 35970.82058380098897 ], [ 435003.149322614539415, 35969.362250396545278 ], [ 434997.276908925618045, 35956.822969751818164 ] ] ] } },
{ "type": "Feature", "properties": { "fid": 247, "class_name": "disturbance", "class_id": null, "dist_to_line": null, "risk_level": null, "area_m2": 140.59163703257218, "perimeter_m": 49.427670232670607, "compactness": 0.72315113272562781, "dist_bin": 2 }, "geometry": { "type": "Polygon", "coordinates": [ [ [ 435021.941019821970258, 36009.021355646284064 ], [ 435018.124473785923328, 36009.896434009082441 ], [ 435016.069771984650288, 36016.603791559755336 ], [ 435021.648483463097364, 36027.10175432581309 ], [ 435030.162294575478882, 36024.768308310034627 ], [ 435021.941019821970258, 36009.021355646284064 ] ] ] } },
{ "type": "Feature", "properties": { "fid": 248, "class_name": "structure", "class_id": null, "dist_to_line": null, "risk_level": null, "area_m2": 54.831604583290755, "perimeter_m": 34.752143757714691, "compactness": 0.5705288613998093, "dist_bin": 2 }, "geometry": { "type": "Polygon", "coordinates": [ [ [ 434920.348637327610049, 35798.47823051661544 ], [ 434917.70642760663759, 35799.353240470365563 ], [ 434920.055726031481754, 35810.143013918423094 ], [ 434926.808219150057994, 35811.017481663890067 ], [ 434920.348637327610049, 35798.47823051661544 ] ] ] } },
{ "type": "Feature", "properties": { "fid": 249, "class_name": "disturbance", "class_id": null, "dist_to_line": null, "risk_level": null, "area_m2": 1921.8914218422779, "perimeter_m": 216.54639810872783, "compactness": 0.51503504799289568, "dist_bin": 2 }, "geometry": { "type": "Polygon", "coordinates": [ [ [ 434818.174353230453562, 35679.211866713252675 ], [ 434826.100984772201627, 35676.586837031980394 ], [ 434837.257130136888009, 35675.419717703043716 ], [ 434837.550345329160336, 35669.004077652141859 ], [ 434847.238601483230013, 35668.4202815313256 ], [ 434847.238165141781792, 35660.838181516010081 ], [ 434851.93541704089148, 35659.088195845070004 ], [ 434872.195132827910129, 35700.496959142787091 ], [ 434869.846557467943057, 35702.24680966133019 ], [ 434861.919573955237865, 35698.747835605347063 ], [ 434860.745303054747637, 35699.914380101930874 ], [ 434860.745454219693784, 35702.538953043222136 ], [ 434862.213494393741712, 35704.580202995508444 ], [ 434864.562338510178961, 35707.496259840729181 ], [ 434867.498452442931011, 35712.161998097129981 ], [ 434856.92972911830293, 35717.703372070594924 ], [ 434848.709597883804236, 35721.786514840088785 ], [ 434849.590502727543935, 35724.41103701236716 ], [ 434851.058694291568827, 35729.076859817650984 ], [ 434844.012800347991288, 35731.410219769182731 ], [ 434818.174353230453562, 35679.211866713252675 ] ] ] } },
{ "type": "Feature", "properties": { "fid": 250, "class_name": "structure", "class_id": null, "dist_to_line": null, "risk_level": null, "area_m2": 50.408712067021042, "perimeter_m": 32.108555362336638, "compactness": 0.61443215183830358, "dist_bin": 2 }, "geometry": { "type": "Polygon", "coordinates": [ [ [ 434702.194845599064138, 35442.715278709409176 ], [ 434703.956345211307053, 35442.569368066921015 ], [ 434704.249278112431057, 35431.19619633990078 ], [ 434697.056512290146202, 35432.217276258597849 ], [ 434702.194845599064138, 35442.715278709409176 ] ] ] } },
{ "type": "Feature", "properties": { "fid": 251, "class_name": "structure", "class_id": null, "dist_to_line": null, "risk_level": null, "area_m2": 31.581748573345976, "perimeter_m": 28.834977571710176, "compactness": 0.47731688735092564, "dist_bin": 2 }, "geometry": { "type": "Polygon", "coordinates": [ [ [ 434712.3234745755326, 35441.985649820140679 ], [ 434711.588844548445195, 35430.320917757082498 ], [ 434714.231114842521492, 35430.466576062091917 ], [ 434715.112537171167787, 35442.131299663305981 ], [ 434712.3234745755326, 35441.985649820140679 ] ] ] } },
{ "type": "Feature", "properties": { "fid": 252, "class_name": "structure", "class_id": null, "dist_to_line": null, "risk_level": null, "area_m2": 48.373931580114004, "perimeter_m": 27.746469762319549, "compactness": 0.78959752862209909, "dist_bin": 2 }, "geometry": { "type": "Polygon", "coordinates": [ [ [ 434706.010293248284142, 35422.593324347042653 ], [ 434706.597855172120035, 35429.446345626805851 ], [ 434706.597855172120035, 35429.446345626805851 ], [ 434713.79068773589097, 35429.591743229466374 ], [ 434713.056508917012252, 35425.800733666488668 ], [ 434711.294767094019335, 35421.718163579622342 ], [ 434706.010293248284142, 35422.593324347042653 ] ] ] } },
{ "type": "Feature", "properties": { "fid": 253, "class_name": "disturbance", "class_id": null, "dist_to_line": null, "risk_level": null, "area_m2": 567.55101875541004, "perimeter_m": 94.995692306274051, "compactness": 0.79032723348792056, "dist_bin": 2 }, "geometry": { "type": "Polygon", "coordinates": [ [ [ 434451.735760673240293, 34894.193299629965622 ], [ 434451.148409122310113, 34890.985517155648267 ], [ 434447.037922870717011, 34885.736596898655989 ], [ 434446.156903839786537, 34881.07073291062261 ], [ 434443.220823355426546, 34876.988224501328659 ], [ 434445.569403715315275, 34875.238373790620244 ], [ 434447.624184521147981, 34869.697484667027311 ], [ 434449.091729506500997, 34862.990150309851742 ], [ 434449.385165894695092, 34860.365557105200423 ], [ 434454.376076699409168, 34859.782035417818406 ], [ 434459.367185490787961, 34862.697949157263793 ], [ 434463.477341434743721, 34862.114477341980091 ], [ 434469.349534945969936, 34870.862733412825037 ], [ 434467.001350790669676, 34879.611454612801026 ], [ 434464.653067706269212, 34886.610458175498934 ], [ 434451.735760673240293, 34894.193299629965622 ] ] ] } },
{ "type": "Feature", "properties": { "fid": 254, "class_name": "disturbance", "class_id": null, "dist_to_line": null, "risk_level": null, "area_m2": 371.22842412139289, "perimeter_m": 77.971778650572176, "compactness": 0.7673194438246973, "dist_bin": 2 }, "geometry": { "type": "Polygon", "coordinates": [ [ [ 433930.856735067733098, 33842.34962072284543 ], [ 433939.663829814700875, 33833.892149727820652 ], [ 433944.948512835253496, 33836.516438219652628 ], [ 433950.233486388344318, 33844.389888623241859 ], [ 433954.931159910629503, 33849.930410549750377 ], [ 433941.133404211374, 33863.637319732297328 ], [ 433930.856735067733098, 33842.34962072284543 ] ] ] } },
{ "type": "Feature", "properties": { "fid": 255, "class_name": "agricultural_activity", "class_id": null, "dist_to_line": null, "risk_level": null, "area_m2": 419.97829423784424, "perimeter_m": 100.15865304484544, "compactness": 0.52608965082945758, "dist_bin": 2 }, "geometry": { "type": "Polygon", "coordinates": [ [ [ 433250.247312979772687, 32418.112428347518289 ], [ 433256.118519434472546, 32408.488628015362337 ], [ 433268.4495574911125, 32416.361728350027988 ], [ 433269.623714408488013, 32412.862216183631972 ], [ 433280.779642414476257, 32406.445961745506793 ], [ 433282.835182348848321, 32414.611233134994109 ], [ 433274.615084216755349, 32420.444088807995286 ], [ 433257.294223527132999, 32433.859572564299015 ], [ 433250.247312979772687, 32418.112428347518289 ] ] ] } },
{ "type": "Feature", "properties": { "fid": 256, "class_name": "agricultural_activity", "class_id": null, "dist_to_line": null, "risk_level": null, "area_m2": 505.31046736645658, "perimeter_m": 106.13862468777535, "compactness": 0.56366523122638457, "dist_bin": 2 }, "geometry": { "type": "Polygon", "coordinates": [ [ [ 433263.75386820116546, 32447.857023154119815 ], [ 433271.973465734045021, 32432.692302592226042 ], [ 433276.083827301685233, 32435.608289929852617 ], [ 433283.717034300265368, 32435.024639289415063 ], [ 433283.130675031745341, 32450.188950173946068 ], [ 433278.434768248407636, 32477.601553052685631 ], [ 433263.75386820116546, 32447.857023154119815 ] ] ] } },
{ "type": "Feature", "properties": { "fid": 257, "class_name": "disturbance", "class_id": null, "dist_to_line": null, "risk_level": null, "area_m2": 309.52205174873052, "perimeter_m": 90.606509553760645, "compactness": 0.4737864749613121, "dist_bin": 2 }, "geometry": { "type": "Polygon", "coordinates": [ [ [ 433229.10432014754042, 32328.585975762118323 ], [ 433229.98490707448218, 32325.378099762761849 ], [ 433235.416234996868297, 32325.086188632965786 ], [ 433236.003680061083287, 32330.189521375279583 ], [ 433240.260858250199817, 32333.542933058939525 ], [ 433239.380170017713681, 32334.855273763489095 ], [ 433242.462613920331933, 32330.918228118858678 ], [ 433244.077197345206514, 32328.293554579799093 ], [ 433247.747179818688892, 32331.209566448542319 ], [ 433246.426073421258479, 32331.792878667492914 ], [ 433249.949153702065814, 32332.667552755410725 ], [ 433249.802532111061737, 32335.875389391367207 ], [ 433250.83013810851844, 32336.896007255589211 ], [ 433253.766272165928967, 32341.999214244369796 ], [ 433254.206729304452892, 32343.457294675125013 ], [ 433252.739017000538297, 32347.540064290729788 ], [ 433250.096835479140282, 32349.289930359504069 ], [ 433248.041771615273319, 32350.019092256199656 ], [ 433242.903975457651541, 32349.290315044538147 ], [ 433229.10432014754042, 32328.585975762118323 ] ] ] } },
{ "type": "Feature", "properties": { "fid": 258, "class_name": "disturbance", "class_id": null, "dist_to_line": null, "risk_level": null, "area_m2": 282.59861282522616, "perimeter_m": 94.265877960946199, "compactness": 0.39964175385300499, "dist_bin": 2 }, "geometry": { "type": "Polygon", "coordinates": [ [ [ 433226.023857646272518, 32369.558863968304649 ], [ 433223.528078956529498, 32364.018202277053206 ], [ 433225.289369433070533, 32359.789606328955415 ], [ 433228.812285958672874, 32357.602261769094184 ], [ 433230.720681624661665, 32359.20607407281932 ], [ 433232.335413133143447, 32359.351798069972574 ], [ 433233.069308234611526, 32358.039465189332986 ], [ 433235.271141777455341, 32356.872864172106347 ], [ 433234.096734858117998, 32355.706443797414977 ], [ 433237.619588973582722, 32352.35261610845555 ], [ 433241.436419210629538, 32356.289292728648434 ], [ 433246.133937583013903, 32358.913628600294032 ], [ 433248.335919293400366, 32360.517425172303774 ], [ 433248.336005102668423, 32362.121339536726737 ], [ 433253.180324268585537, 32364.891477888555528 ], [ 433254.941934578004293, 32366.641108381158119 ], [ 433258.024697997199837, 32368.682288964213512 ], [ 433258.024783815664705, 32370.286203292609571 ], [ 433254.795328763138968, 32370.14056570059256 ], [ 433251.125307267182507, 32366.495502193731227 ], [ 433248.482961991219781, 32365.183350008897833 ], [ 433245.106807443546131, 32366.787445030320669 ], [ 433241.730613873165566, 32367.662488088819373 ], [ 433236.88655210781144, 32369.704092918982496 ], [ 433231.748631036723964, 32366.642349518057017 ], [ 433226.023857646272518, 32369.558863968304649 ] ] ] } },
{ "type": "Feature", "properties": { "fid": 259, "class_name": "disturbance", "class_id": null, "dist_to_line": null, "risk_level": null, "area_m2": 2766.1003009720007, "perimeter_m": 240.03496574457608, "compactness": 0.6032936699128445, "dist_bin": 2 }, "geometry": { "type": "Polygon", "coordinates": [ [ [ 433135.735977577860467, 32179.864325431019097 ], [ 433160.984733494929969, 32186.27863949193852 ], [ 433188.582301956601441, 32195.025795265370107 ], [ 433214.714627446897794, 32254.223434331408498 ], [ 433190.93383669067407, 32248.392286308499024 ], [ 433165.391543272766285, 32242.852853123025852 ], [ 433135.735977577860467, 32179.864325431019097 ] ] ] } },
{ "type": "Feature", "properties": { "fid": 260, "class_name": "agricultural_activity", "class_id": null, "dist_to_line": null, "risk_level": null, "area_m2": 1080.1038499608767, "perimeter_m": 149.97933295001846, "compactness": 0.6034100548711504, "dist_bin": 2 }, "geometry": { "type": "Polygon", "coordinates": [ [ [ 433118.265562306914944, 32141.662918221903965 ], [ 433119.14622785692336, 32139.913145890979649 ], [ 433122.669371329888236, 32141.954304674844025 ], [ 433126.779609615390655, 32142.537327670332161 ], [ 433133.531844517972786, 32137.871033824259939 ], [ 433137.935436176427174, 32134.079727772179467 ], [ 433145.862093573261518, 32130.871476142878237 ], [ 433146.155478122527711, 32127.080388873167976 ], [ 433137.934815578628331, 32122.414891758064186 ], [ 433136.760237990529276, 32118.040640683950187 ], [ 433137.93433477031067, 32113.374643773637217 ], [ 433140.282807529671118, 32109.29182623437373 ], [ 433143.805501229478978, 32102.875979065418505 ], [ 433122.667431791836862, 32105.501691079756711 ], [ 433101.529206585488282, 32105.211194399056694 ], [ 433118.265562306914944, 32141.662918221903965 ] ] ] } },
{ "type": "Feature", "properties": { "fid": 261, "class_name": "agricultural_activity", "class_id": null, "dist_to_line": null, "risk_level": null, "area_m2": 565.54021959620877, "perimeter_m": 100.53331383960354, "compactness": 0.70315871470052771, "dist_bin": 2 }, "geometry": { "type": "Polygon", "coordinates": [ [ [ 433090.958969259110745, 32083.923428703536047 ], [ 433125.895609350758605, 32081.588604394997674 ], [ 433126.77739106118679, 32100.835537934613967 ], [ 433098.593080369464587, 32100.253794842188654 ], [ 433090.958969259110745, 32083.923428703536047 ] ] ] } },
{ "type": "Feature", "properties": { "fid": 262, "class_name": "agricultural_activity", "class_id": null, "dist_to_line": null, "risk_level": null, "area_m2": 830.27597060137487, "perimeter_m": 145.20911148243852, "compactness": 0.49481698296712529, "dist_bin": 2 }, "geometry": { "type": "Polygon", "coordinates": [ [ [ 433045.448031221108977, 31988.565793002162536 ], [ 433052.200005863851402, 31978.941942670775461 ], [ 433050.731826950679533, 31974.276084871926287 ], [ 433050.144236946071032, 31966.40234957334178 ], [ 433051.318350342044141, 31962.027972634023172 ], [ 433050.730343370290939, 31946.280470710935333 ], [ 433018.141427431895863, 31930.534663239592192 ], [ 433045.448031221108977, 31988.565793002162536 ] ] ] } },
{ "type": "Feature", "properties": { "fid": 263, "class_name": "agricultural_activity", "class_id": null, "dist_to_line": null, "risk_level": null, "area_m2": 642.60498051123068, "perimeter_m": 122.97335950125876, "compactness": 0.53398846530770339, "dist_bin": 2 }, "geometry": { "type": "Polygon", "coordinates": [ [ [ 433062.179684423725121, 31936.364750954988267 ], [ 433057.482782188570127, 31945.405250106523454 ], [ 433059.538427004183177, 31955.611875521459297 ], [ 433058.951377994497307, 31957.944874450487987 ], [ 433058.365209999843501, 31976.900268969915487 ], [ 433086.843358797486871, 31982.147936803667108 ], [ 433062.179684423725121, 31936.364750954988267 ] ] ] } },
{ "type": "Feature", "properties": { "fid": 264, "class_name": "agricultural_activity", "class_id": null, "dist_to_line": null, "risk_level": null, "area_m2": 719.88393282574543, "perimeter_m": 124.42259445375886, "compactness": 0.58435106332492226, "dist_bin": 2 }, "geometry": { "type": "Polygon", "coordinates": [ [ [ 432979.383939439198002, 31853.257143399623601 ], [ 432989.071950412995648, 31846.840968406784668 ], [ 432988.191052599344403, 31844.216425623944815 ], [ 432984.961309734499082, 31838.675796551346139 ], [ 432985.548174298659433, 31832.843344709617668 ], [ 432996.410792895592749, 31831.384665661793406 ], [ 432996.997734582808334, 31827.01031909667654 ], [ 432999.346132910810411, 31821.469395357780741 ], [ 432999.93296690977877, 31815.053701523997006 ], [ 432985.546803605277091, 31806.889071768440772 ], [ 432969.400877457868773, 31831.969334778710618 ], [ 432979.383939439198002, 31853.257143399623601 ] ] ] } },
{ "type": "Feature", "properties": { "fid": 265, "class_name": "agricultural_activity", "class_id": null, "dist_to_line": null, "risk_level": null, "area_m2": 457.804342581323, "perimeter_m": 108.91580484244551, "compactness": 0.4849622810893231, "dist_bin": 2 }, "geometry": { "type": "Polygon", "coordinates": [ [ [ 432900.102115487447008, 31597.218004960988765 ], [ 432897.462074542592745, 31639.794829045880761 ], [ 432907.443983376724645, 31639.21106196877372 ], [ 432918.893778312427457, 31637.752354475756874 ], [ 432900.102115487447008, 31597.218004960988765 ] ] ] } },
{ "type": "Feature", "properties": { "fid": 266, "class_name": "structure", "class_id": null, "dist_to_line": null, "risk_level": null, "area_m2": 47.978004000135115, "perimeter_m": 28.011238145350983, "compactness": 0.76840012829930648, "dist_bin": 2 }, "geometry": { "type": "Polygon", "coordinates": [ [ [ 432871.915884920046665, 31560.475219831874711 ], [ 432872.503440474916715, 31567.765717942827905 ], [ 432878.375139578944072, 31567.182167490929714 ], [ 432878.374711145181209, 31559.016775173942733 ], [ 432871.915884920046665, 31560.475219831874711 ] ] ] } },
{ "type": "Feature", "properties": { "fid": 267, "class_name": "structure", "class_id": null, "dist_to_line": null, "risk_level": null, "area_m2": 14.393408062409435, "perimeter_m": 18.281808890376212, "compactness": 0.54117181855043972, "dist_bin": 2 }, "geometry": { "type": "Polygon", "coordinates": [ [ [ 432838.447024250461254, 31560.476976385783928 ], [ 432842.850837122299708, 31560.768366382224485 ], [ 432841.089654923067428, 31567.184124636798515 ], [ 432838.447024250461254, 31560.476976385783928 ] ] ] } },
{ "type": "Feature", "properties": { "fid": 268, "class_name": "agricultural_activity", "class_id": null, "dist_to_line": null, "risk_level": null, "area_m2": 1387.6352688524348, "perimeter_m": 165.6472353971366, "compactness": 0.63550183589061282, "dist_bin": 2 }, "geometry": { "type": "Polygon", "coordinates": [ [ [ 432837.566264734079596, 31560.477022622708319 ], [ 432846.080303954950068, 31561.05981803186296 ], [ 432851.658523988327943, 31562.517631077065744 ], [ 432864.576039026258513, 31556.976151023915008 ], [ 432849.013309042260516, 31506.526504202607612 ], [ 432836.095685765030794, 31510.026635383157554 ], [ 432840.499957393098157, 31519.066661256161751 ], [ 432820.536318832833786, 31523.733647100434609 ], [ 432837.566264734079596, 31560.477022622708319 ] ] ] } },
{ "type": "Feature", "properties": { "fid": 269, "class_name": "disturbance", "class_id": null, "dist_to_line": null, "risk_level": null, "area_m2": 925.71858064013941, "perimeter_m": 196.91575410427853, "compactness": 0.30000460350321817, "dist_bin": 2 }, "geometry": { "type": "Polygon", "coordinates": [ [ [ 432809.085251541633625, 31500.98779415152967 ], [ 432812.608228787430562, 31499.821124677135231 ], [ 432812.608152361703105, 31498.363018674848718 ], [ 432823.177282707882114, 31498.65408595329427 ], [ 432824.350895429670345, 31484.656206983276206 ], [ 432803.799364393344149, 31475.617026158124645 ], [ 432817.891564045392442, 31476.491151667192753 ], [ 432816.129769937950186, 31471.242062244517001 ], [ 432811.725605390092824, 31464.243383868149976 ], [ 432816.129372944356874, 31463.659910892507469 ], [ 432818.184448175947182, 31463.076560892404814 ], [ 432817.009888305619825, 31458.993925474042044 ], [ 432812.606029143673368, 31457.827671156595898 ], [ 432813.7802837213967, 31456.077882429133751 ], [ 432819.652060306048952, 31456.952438724965759 ], [ 432820.826192792388611, 31452.869680372408766 ], [ 432817.596511951240245, 31448.495531243650476 ], [ 432813.779642758250702, 31443.829791570999078 ], [ 432811.137348597869277, 31443.538308608094667 ], [ 432807.614569471450523, 31448.496053600385494 ], [ 432803.504525710537564, 31451.704102085477643 ], [ 432804.679131405777298, 31456.661601262090699 ], [ 432802.624392028083093, 31463.660617985209683 ], [ 432795.28469781629974, 31463.077759900559613 ], [ 432791.468255951011088, 31466.577414395836968 ], [ 432809.085251541633625, 31500.98779415152967 ] ] ] } },
{ "type": "Feature", "properties": { "fid": 270, "class_name": "structure", "class_id": null, "dist_to_line": null, "risk_level": null, "area_m2": 39.796028031363676, "perimeter_m": 28.295404837743558, "compactness": 0.62462270694904853, "dist_bin": 2 }, "geometry": { "type": "Polygon", "coordinates": [ [ [ 432783.684397773933597, 31393.672514424073597 ], [ 432786.913796699314844, 31392.651671324056224 ], [ 432787.794594503298867, 31393.380678388955857 ], [ 432790.877733553526923, 31402.566586160213774 ], [ 432787.35474049980985, 31403.441634019251069 ], [ 432783.684397773933597, 31393.672514424073597 ] ] ] } },
{ "type": "Feature", "properties": { "fid": 271, "class_name": "structure", "class_id": null, "dist_to_line": null, "risk_level": null, "area_m2": 45.06505148197175, "perimeter_m": 28.945616485510122, "compactness": 0.67590261750126801, "dist_bin": 2 }, "geometry": { "type": "Polygon", "coordinates": [ [ [ 432793.226342233130708, 31400.962546620496141 ], [ 432797.189745591953397, 31400.670718244029558 ], [ 432794.840534964867402, 31390.755719098600821 ], [ 432789.702846239029896, 31392.21409372470589 ], [ 432793.226342233130708, 31400.962546620496141 ] ] ] } },
{ "type": "Feature", "properties": { "fid": 272, "class_name": "structure", "class_id": null, "dist_to_line": null, "risk_level": null, "area_m2": 14.90745759388119, "perimeter_m": 15.566264470992543, "compactness": 0.77311595666739996, "dist_bin": 2 }, "geometry": { "type": "Polygon", "coordinates": [ [ [ 432788.821751319279429, 31385.798472541853698 ], [ 432789.115497869090177, 31388.860480191102397 ], [ 432793.225725051597692, 31389.151886676940194 ], [ 432792.638323389401194, 31384.7775988257672 ], [ 432788.821751319279429, 31385.798472541853698 ] ] ] } },
{ "type": "Feature", "properties": { "fid": 273, "class_name": "disturbance", "class_id": null, "dist_to_line": null, "risk_level": null, "area_m2": 208.68289803361586, "perimeter_m": 73.092021706603475, "compactness": 0.49085901802113757, "dist_bin": 2 }, "geometry": { "type": "Polygon", "coordinates": [ [ [ 432758.729531164572109, 31393.528008217581373 ], [ 432764.454987900389824, 31403.442831303975254 ], [ 432773.262577534012962, 31403.296560141050577 ], [ 432775.317256678303238, 31395.131057944072381 ], [ 432775.904201196564827, 31390.756708621625876 ], [ 432775.610416501411237, 31386.965647804827313 ], [ 432768.711048110912088, 31385.362091497176152 ], [ 432767.830425538821146, 31387.98672875172997 ], [ 432767.536968516884372, 31390.465524694915075 ], [ 432770.032690701656975, 31394.98552355850552 ], [ 432769.005145304137841, 31395.131387895897205 ], [ 432767.830730394576676, 31393.819153680375166 ], [ 432766.509506950445939, 31392.215305885980342 ], [ 432765.62865575205069, 31390.465624441261753 ], [ 432764.747835039626807, 31389.299185486335773 ], [ 432763.866983842803165, 31387.549504029495438 ], [ 432762.105494837916922, 31388.132838599180104 ], [ 432760.050625047413632, 31392.653075399175577 ], [ 432758.729531164572109, 31393.528008217581373 ] ] ] } },
{ "type": "Feature", "properties": { "fid": 274, "class_name": "disturbance", "class_id": null, "dist_to_line": null, "risk_level": null, "area_m2": 617.9311667303482, "perimeter_m": 131.5271268393715, "compactness": 0.44886867439651285, "dist_bin": 2 }, "geometry": { "type": "Polygon", "coordinates": [ [ [ 432746.836303628631867, 31336.662483734795387 ], [ 432749.47882658126764, 31341.32828609455828 ], [ 432750.066136789042503, 31343.952846836382378 ], [ 432751.827884744270705, 31348.327073841010133 ], [ 432756.231637997087091, 31347.451980138215731 ], [ 432759.461029631260317, 31346.285326504799741 ], [ 432761.809661480307113, 31345.11871886417066 ], [ 432768.268490368849598, 31343.660275458081742 ], [ 432772.085039923142176, 31342.201969998084678 ], [ 432771.791285943356343, 31338.994151505597983 ], [ 432768.56174215907231, 31337.244592474053206 ], [ 432766.506544722244143, 31335.494972153948765 ], [ 432765.919234597182367, 31332.870411451243854 ], [ 432765.919036813545972, 31329.079335061458551 ], [ 432763.863808949477971, 31326.746472173716029 ], [ 432758.87276074528927, 31325.288626212990494 ], [ 432754.468992188398261, 31325.872098487809126 ], [ 432754.175253452500328, 31322.955901125402306 ], [ 432750.945572646218352, 31318.581750544468377 ], [ 432748.596818968362641, 31317.41538797044268 ], [ 432748.00950886006467, 31314.790827143591741 ], [ 432747.128566526691429, 31311.291417795797315 ], [ 432746.247441730054561, 31304.292553118550131 ], [ 432740.962806714698672, 31302.834722280083952 ], [ 432738.026986209559254, 31303.709739210673433 ], [ 432736.559205225843471, 31306.626028567603498 ], [ 432740.082731305854395, 31315.957725721342285 ], [ 432742.431500237318687, 31317.41570957861768 ], [ 432746.836303628631867, 31336.662483734795387 ] ] ] } },
{ "type": "Feature", "properties": { "fid": 275, "class_name": "structure", "class_id": null, "dist_to_line": null, "risk_level": null, "area_m2": 101.18220236810703, "perimeter_m": 42.000839212638027, "compactness": 0.72077224717010546, "dist_bin": 2 }, "geometry": { "type": "Polygon", "coordinates": [ [ [ 432757.110039742197841, 31302.250637866429315 ], [ 432754.174340934143402, 31305.458624913546373 ], [ 432750.651377693749964, 31306.916914969140635 ], [ 432750.945192403160036, 31311.291218754373403 ], [ 432752.413338346639648, 31315.373840000454948 ], [ 432763.276027365471236, 31315.081652232736815 ], [ 432757.110039742197841, 31302.250637866429315 ] ] ] } },
{ "type": "Feature", "properties": { "fid": 276, "class_name": "disturbance", "class_id": null, "dist_to_line": null, "risk_level": null, "area_m2": 218.2143606817699, "perimeter_m": 62.392172228236163, "compactness": 0.70442211144701317, "dist_bin": 2 }, "geometry": { "type": "Polygon", "coordinates": [ [ [ 432723.346454190963414, 31280.672422861447558 ], [ 432714.244311327463947, 31262.300755403146468 ], [ 432725.694022866722662, 31259.092324699853634 ], [ 432732.741089363058563, 31278.04734164425463 ], [ 432723.346454190963414, 31280.672422861447558 ] ] ] } },
{ "type": "Feature", "properties": { "fid": 277, "class_name": "agricultural_activity", "class_id": null, "dist_to_line": null, "risk_level": null, "area_m2": 296.86406806398008, "perimeter_m": 71.900983823782127, "compactness": 0.72160217363303636, "dist_bin": 2 }, "geometry": { "type": "Polygon", "coordinates": [ [ [ 432660.511475459148642, 31137.781242808385286 ], [ 432658.455324003240094, 31117.65947581643195 ], [ 432668.143533515336458, 31114.742759481283429 ], [ 432668.143533515336458, 31114.742759481283429 ], [ 432677.833044418133795, 31136.905479365512292 ], [ 432660.511475459148642, 31137.781242808385286 ] ] ] } },
{ "type": "Feature", "properties": { "fid": 278, "class_name": "agricultural_activity", "class_id": null, "dist_to_line": null, "risk_level": null, "area_m2": 596.72677501115322, "perimeter_m": 103.80407915122851, "compactness": 0.69591556269250687, "dist_bin": 2 }, "geometry": { "type": "Polygon", "coordinates": [ [ [ 432677.833044418133795, 31136.905479365512292 ], [ 432652.291093558364082, 31138.656533801258774 ], [ 432667.852869780967012, 31171.025695316642668 ], [ 432678.71541004255414, 31167.817295986515091 ], [ 432677.833044418133795, 31136.905479365512292 ] ] ] } },
{ "type": "Feature", "properties": { "fid": 279, "class_name": "agricultural_activity", "class_id": null, "dist_to_line": null, "risk_level": null, "area_m2": 451.93595155578805, "perimeter_m": 91.015744561677664, "compactness": 0.68557299539029981, "dist_bin": 2 }, "geometry": { "type": "Polygon", "coordinates": [ [ [ 432625.573567925253883, 31116.786318612990726 ], [ 432638.784651870955713, 31110.66158392514626 ], [ 432652.584710543451365, 31139.239761270080635 ], [ 432638.199189715960529, 31143.614829005950014 ], [ 432625.573567925253883, 31116.786318612990726 ] ] ] } },
{ "type": "Feature", "properties": { "fid": 280, "class_name": "agricultural_activity", "class_id": null, "dist_to_line": null, "risk_level": null, "area_m2": 275.9165538747111, "perimeter_m": 86.419314938673139, "compactness": 0.46426504100318472, "dist_bin": 2 }, "geometry": { "type": "Polygon", "coordinates": [ [ [ 432647.883858377463184, 31072.458711939449131 ], [ 432647.298393882927485, 31105.411957435408112 ], [ 432664.032835687510669, 31105.411089249864744 ], [ 432647.883858377463184, 31072.458711939449131 ] ] ] } },
{ "type": "Feature", "properties": { "fid": 281, "class_name": "disturbance", "class_id": null, "dist_to_line": null, "risk_level": null, "area_m2": 145.21926015081408, "perimeter_m": 51.216758314739572, "compactness": 0.69568062755095705, "dist_bin": 2 }, "geometry": { "type": "Polygon", "coordinates": [ [ [ 432663.739264120813459, 31105.702725839870254 ], [ 432648.472725560422987, 31105.120275135021075 ], [ 432657.868165749532636, 31117.951127650620037 ], [ 432667.55636013491312, 31114.742789947555138 ], [ 432663.739264120813459, 31105.702725839870254 ] ] ] } },
{ "type": "Feature", "properties": { "fid": 282, "class_name": "agricultural_activity", "class_id": null, "dist_to_line": null, "risk_level": null, "area_m2": 644.44800248727552, "perimeter_m": 108.30344704097908, "compactness": 0.69041971962373017, "dist_bin": 2 }, "geometry": { "type": "Polygon", "coordinates": [ [ [ 432567.728322859795298, 30949.690247375277977 ], [ 432576.828638971084729, 30932.775733514492458 ], [ 432583.874932425562292, 30936.858069705027447 ], [ 432595.913345977605786, 30963.103376513266994 ], [ 432586.519353717449121, 30978.268176403740654 ], [ 432567.728322859795298, 30949.690247375277977 ] ] ] } },
{ "type": "Feature", "properties": { "fid": 283, "class_name": "agricultural_activity", "class_id": null, "dist_to_line": null, "risk_level": null, "area_m2": 326.33639029639016, "perimeter_m": 74.901089667249465, "compactness": 0.73096923300783401, "dist_bin": 2 }, "geometry": { "type": "Polygon", "coordinates": [ [ [ 432596.794121329381596, 30963.394952412883868 ], [ 432585.345142426493112, 30980.892829981901741 ], [ 432596.795674648252316, 30993.431958801094879 ], [ 432600.318715668225195, 30993.431776528726914 ], [ 432605.896351062634494, 30983.516359854129405 ], [ 432596.794121329381596, 30963.394952412883868 ] ] ] } },
{ "type": "Feature", "properties": { "fid": 284, "class_name": "disturbance", "class_id": null, "dist_to_line": null, "risk_level": null, "area_m2": 31.913980434439509, "perimeter_m": 25.833152001995444, "compactness": 0.6009468177926991, "dist_bin": 2 }, "geometry": { "type": "Polygon", "coordinates": [ [ [ 432582.700525084859692, 30935.691644615741097 ], [ 432575.654291866580024, 30932.775794173114264 ], [ 432575.947667771892156, 30928.693078821590461 ], [ 432578.296226444421336, 30926.068364548365935 ], [ 432582.700525084859692, 30935.691644615741097 ] ] ] } },
{ "type": "Feature", "properties": { "fid": 285, "class_name": "disturbance", "class_id": null, "dist_to_line": null, "risk_level": null, "area_m2": 53.461235053240671, "perimeter_m": 30.343928157995407, "compactness": 0.72963431128140466, "dist_bin": 2 }, "geometry": { "type": "Polygon", "coordinates": [ [ [ 432545.415727426530793, 30949.69140085581239 ], [ 432548.057842662616167, 30946.483428271130833 ], [ 432555.104136563662905, 30950.56576429888446 ], [ 432548.64558922604192, 30957.565013035422453 ], [ 432545.415727426530793, 30949.69140085581239 ] ] ] } },
{ "type": "Feature", "properties": { "fid": 286, "class_name": "agricultural_activity", "class_id": null, "dist_to_line": null, "risk_level": null, "area_m2": 749.78557370003546, "perimeter_m": 114.7144388198129, "compactness": 0.71599629384490149, "dist_bin": 2 }, "geometry": { "type": "Polygon", "coordinates": [ [ [ 432514.585873921692837, 30886.99437808325456 ], [ 432532.49384190433193, 30870.954272590093751 ], [ 432515.170775950071402, 30842.959503385773132 ], [ 432498.730319492402487, 30850.834131456638715 ], [ 432514.585873921692837, 30886.99437808325456 ] ] ] } },
{ "type": "Feature", "properties": { "fid": 287, "class_name": "agricultural_activity", "class_id": null, "dist_to_line": null, "risk_level": null, "area_m2": 468.8569618469337, "perimeter_m": 86.794172438680405, "compactness": 0.7821122709740006, "dist_bin": 2 }, "geometry": { "type": "Polygon", "coordinates": [ [ [ 432498.436747700383421, 30851.125768095782405 ], [ 432517.225853665557224, 30842.376154467314336 ], [ 432506.655660756339785, 30821.671573003884987 ], [ 432488.74731445661746, 30830.421141022179654 ], [ 432498.436747700383421, 30851.125768095782405 ] ] ] } },
{ "type": "Feature", "properties": { "fid": 288, "class_name": "agricultural_activity", "class_id": null, "dist_to_line": null, "risk_level": null, "area_m2": 509.93821081577335, "perimeter_m": 91.909713038128729, "compactness": 0.75858560910901363, "dist_bin": 2 }, "geometry": { "type": "Polygon", "coordinates": [ [ [ 432506.949232567101717, 30821.379936378554703 ], [ 432524.564021904137917, 30813.213627189394174 ], [ 432536.895990321761928, 30838.87568289650153 ], [ 432517.225883730396163, 30842.959397447131778 ], [ 432506.949232567101717, 30821.379936378554703 ] ] ] } },
{ "type": "Feature", "properties": { "fid": 289, "class_name": "structure", "class_id": null, "dist_to_line": null, "risk_level": null, "area_m2": 767.82039742049528, "perimeter_m": 157.41984405328165, "compactness": 0.38935930092581067, "dist_bin": 2 }, "geometry": { "type": "Polygon", "coordinates": [ [ [ 432446.461464023217559, 30648.74309722482576 ], [ 432436.479793408245314, 30654.284418962022755 ], [ 432465.84155154338805, 30714.065331048816006 ], [ 432476.410454440687317, 30709.69046505879669 ], [ 432446.461464023217559, 30648.74309722482576 ] ] ] } },
{ "type": "Feature", "properties": { "fid": 290, "class_name": "structure", "class_id": null, "dist_to_line": null, "risk_level": null, "area_m2": 165.4815267381764, "perimeter_m": 61.641683781686766, "compactness": 0.54728103230783953, "dist_bin": 2 }, "geometry": { "type": "Polygon", "coordinates": [ [ [ 432396.551089881220832, 30637.080793706212717 ], [ 432400.36752552393591, 30633.289517234770756 ], [ 432400.073430163087323, 30623.374398096173536 ], [ 432405.064348183688708, 30622.207655847145361 ], [ 432407.999978306237608, 30617.541559873799997 ], [ 432399.779424644832034, 30615.209008457484742 ], [ 432390.678648267523386, 30623.37487980016158 ], [ 432396.551089881220832, 30637.080793706212717 ] ] ] } },
{ "type": "Feature", "properties": { "fid": 291, "class_name": "structure", "class_id": null, "dist_to_line": null, "risk_level": null, "area_m2": 38.125444659555797, "perimeter_m": 28.762430413320892, "compactness": 0.57912674216536153, "dist_bin": 2 }, "geometry": { "type": "Polygon", "coordinates": [ [ [ 432356.619095529720653, 30555.720409847344854 ], [ 432358.967671855993103, 30553.387316579450271 ], [ 432364.839873925491702, 30562.427286476744484 ], [ 432361.904138667625375, 30565.052031421175343 ], [ 432356.619095529720653, 30555.720409847344854 ] ] ] } },
{ "type": "Feature", "properties": { "fid": 292, "class_name": "disturbance", "class_id": null, "dist_to_line": null, "risk_level": null, "area_m2": 213.88803125354752, "perimeter_m": 64.396250688436595, "compactness": 0.64814948794590099, "dist_bin": 2 }, "geometry": { "type": "Polygon", "coordinates": [ [ [ 432349.865863845101558, 30541.431295363701793 ], [ 432357.205374048789963, 30538.223081830863521 ], [ 432353.975589143228717, 30531.807571042940253 ], [ 432359.260109922615811, 30530.932435834602074 ], [ 432355.14934049063595, 30520.142645444542723 ], [ 432355.14934049063595, 30520.142645444542723 ], [ 432345.167442844889592, 30521.309642447893566 ], [ 432342.818955800379626, 30525.392465591292421 ], [ 432349.865863845101558, 30541.431295363701793 ] ] ] } },
{ "type": "Feature", "properties": { "fid": 293, "class_name": "disturbance", "class_id": null, "dist_to_line": null, "risk_level": null, "area_m2": 218.12890788706136, "perimeter_m": 59.251222693937706, "compactness": 0.78077959600242086, "dist_bin": 2 }, "geometry": { "type": "Polygon", "coordinates": [ [ [ 432346.339555354847107, 30477.566335146049823 ], [ 432353.386223929177504, 30488.939219632866298 ], [ 432366.303768171928823, 30483.397748663712264 ], [ 432359.256936193909496, 30468.817026110693405 ], [ 432346.339555354847107, 30477.566335146049823 ] ] ] } },
{ "type": "Feature", "properties": { "fid": 294, "class_name": "structure", "class_id": null, "dist_to_line": null, "risk_level": null, "area_m2": 21.258130393638567, "perimeter_m": 19.886370008231498, "compactness": 0.67549773829421533, "dist_bin": 2 }, "geometry": { "type": "Polygon", "coordinates": [ [ [ 432309.489492435008287, 30381.624684005982999 ], [ 432308.314854696625844, 30375.93812080540738 ], [ 432311.250702733115759, 30375.50053876173115 ], [ 432311.691202082089148, 30377.83348987174395 ], [ 432313.599525198340416, 30377.979203536728164 ], [ 432313.306086683296598, 30380.895435392190848 ], [ 432309.489492435008287, 30381.624684005982999 ] ] ] } },
{ "type": "Feature", "properties": { "fid": 295, "class_name": "structure", "class_id": null, "dist_to_line": null, "risk_level": null, "area_m2": 27.330376353395877, "perimeter_m": 21.822793832734163, "compactness": 0.72116522512432091, "dist_bin": 2 }, "geometry": { "type": "Polygon", "coordinates": [ [ [ 432307.140462015580852, 30375.063315526309452 ], [ 432307.286928853660356, 30368.647630759656749 ], [ 432310.222799187002238, 30368.647481288004201 ], [ 432312.718615610385314, 30375.063031475125172 ], [ 432307.140462015580852, 30375.063315526309452 ] ] ] } },
{ "type": "Feature", "properties": { "fid": 296, "class_name": "disturbance", "class_id": null, "dist_to_line": null, "risk_level": null, "area_m2": 110.17828060324246, "perimeter_m": 49.099449258011553, "compactness": 0.57431824503553663, "dist_bin": 2 }, "geometry": { "type": "Polygon", "coordinates": [ [ [ 432253.851413930824492, 30316.15844131486665 ], [ 432253.263839331804775, 30308.284684353755438 ], [ 432257.961173182004131, 30307.117958554885263 ], [ 432257.961247324477881, 30308.57606721997945 ], [ 432267.649605781538412, 30308.283952876929106 ], [ 432268.530826668196823, 30317.324181627889629 ], [ 432263.833389123843517, 30316.449555343901011 ], [ 432262.658937036816496, 30314.408262966331677 ], [ 432253.851413930824492, 30316.15844131486665 ] ] ] } },
{ "type": "Feature", "properties": { "fid": 297, "class_name": "disturbance", "class_id": null, "dist_to_line": null, "risk_level": null, "area_m2": 167.36638221958856, "perimeter_m": 61.45358974286286, "compactness": 0.55690815696185147, "dist_bin": 2 }, "geometry": { "type": "Polygon", "coordinates": [ [ [ 432272.348140823305584, 30330.738586767762172 ], [ 432268.237743936304469, 30327.239335204463714 ], [ 432270.58614375453908, 30321.406781255042006 ], [ 432273.228427310998086, 30321.406646866729716 ], [ 432273.815764589991886, 30324.614455945247755 ], [ 432279.39397803862812, 30325.78065910137957 ], [ 432280.568489430355839, 30328.988438266893354 ], [ 432284.385195311740972, 30330.446352709052007 ], [ 432282.623895515338518, 30334.820768046673038 ], [ 432284.385744258761406, 30341.236356128803891 ], [ 432278.51401804399211, 30341.528276638451644 ], [ 432274.990839817153756, 30338.903860469727078 ], [ 432274.696985663264059, 30333.654684473280213 ], [ 432272.348140823305584, 30330.738586767762172 ] ] ] } },
{ "type": "Feature", "properties": { "fid": 298, "class_name": "disturbance", "class_id": null, "dist_to_line": null, "risk_level": null, "area_m2": 29.386593107003137, "perimeter_m": 22.013681111085539, "compactness": 0.76203296963833989, "dist_bin": 2 }, "geometry": { "type": "Polygon", "coordinates": [ [ [ 432257.669262608280405, 30340.071228946202609 ], [ 432257.082281468552537, 30343.862341274092614 ], [ 432257.082326008123346, 30344.737206450830854 ], [ 432262.366907983436249, 30345.028559141825099 ], [ 432264.128163155808579, 30339.779278462683578 ], [ 432257.669262608280405, 30340.071228946202609 ] ] ] } },
{ "type": "Feature", "properties": { "fid": 299, "class_name": "agricultural_activity", "class_id": null, "dist_to_line": null, "risk_level": null, "area_m2": 718.85826593241654, "perimeter_m": 127.16639012671395, "compactness": 0.55860966901109377, "dist_bin": 2 }, "geometry": { "type": "Polygon", "coordinates": [ [ [ 431847.490317893039901, 29595.289562722158735 ], [ 431834.571524073602632, 29576.334771910595009 ], [ 431868.039458344923332, 29555.627933310737717 ], [ 431875.673240486823488, 29565.83432544529569 ], [ 431858.058547936263494, 29576.916843549035548 ], [ 431864.811553699837532, 29586.831657262497174 ], [ 431847.490317893039901, 29595.289562722158735 ] ] ] } },
{ "type": "Feature", "properties": { "fid": 300, "class_name": "agricultural_activity", "class_id": null, "dist_to_line": null, "risk_level": null, "area_m2": 774.59010733955074, "perimeter_m": 118.44298997890274, "compactness": 0.69384599486375576, "dist_bin": 2 }, "geometry": { "type": "Polygon", "coordinates": [ [ [ 431790.530306159693282, 29514.221458848594921 ], [ 431802.568279569561128, 29532.009808304770559 ], [ 431836.917081862571649, 29513.344280529283424 ], [ 431826.640765477786772, 29498.180442515313189 ], [ 431790.530306159693282, 29514.221458848594921 ] ] ] } },
{ "type": "Feature", "properties": { "fid": 301, "class_name": "disturbance", "class_id": null, "dist_to_line": null, "risk_level": null, "area_m2": 1036.88557600887, "perimeter_m": 171.7074182361944, "compactness": 0.44193925633079117, "dist_bin": 2 }, "geometry": { "type": "Polygon", "coordinates": [ [ [ 431512.775529770471621, 29092.549470019032015 ], [ 431518.647384534357116, 29094.590536757885275 ], [ 431518.353926353272982, 29097.215152425320412 ], [ 431522.757856959360652, 29099.547913908365445 ], [ 431521.877324159431737, 29104.213914981028211 ], [ 431515.418452389305457, 29105.38072321764048 ], [ 431511.895342401810922, 29104.214407722931355 ], [ 431511.308382963819895, 29108.588772029848769 ], [ 431511.895673558115959, 29110.921721867791348 ], [ 431516.299575435055885, 29112.671238529143011 ], [ 431519.822742987831589, 29115.004043363893288 ], [ 431522.465089835808612, 29116.170402280917187 ], [ 431526.575245534302667, 29114.71208760033187 ], [ 431530.391943106951658, 29115.878388536482817 ], [ 431535.089302929583937, 29115.003289595653769 ], [ 431537.144416737428401, 29115.003188139686245 ], [ 431544.190218905569054, 29108.878771231586143 ], [ 431540.96052410628181, 29104.212973174435319 ], [ 431545.657869520131499, 29103.046252032396296 ], [ 431548.593746359692886, 29103.046107178142847 ], [ 431545.951298936910462, 29099.838391822591802 ], [ 431539.198249861889053, 29089.048698269136366 ], [ 431533.619609104527626, 29079.425435911784007 ], [ 431528.040939620230347, 29069.218928620950464 ], [ 431522.462342041137163, 29060.470532879437087 ], [ 431518.939548311056569, 29065.719908994713478 ], [ 431522.169243089272641, 29070.385707513323723 ], [ 431518.352948056417517, 29077.384832276289671 ], [ 431512.775529770471621, 29092.549470019032015 ] ] ] } },
{ "type": "Feature", "properties": { "fid": 302, "class_name": "disturbance", "class_id": null, "dist_to_line": null, "risk_level": null, "area_m2": 400.6181943431402, "perimeter_m": 100.21498190879598, "compactness": 0.50127405667704883, "dist_bin": 2 }, "geometry": { "type": "Polygon", "coordinates": [ [ [ 430982.518656758707948, 28333.773475344311009 ], [ 430984.574056136305444, 28339.60583128840517 ], [ 430986.335641385638155, 28340.772237049859541 ], [ 430990.445832722063642, 28339.897169643314555 ], [ 430994.262520662334282, 28340.771853088983335 ], [ 430998.079321576398797, 28343.979518659041787 ], [ 431003.364034781290684, 28346.603867558500497 ], [ 431005.71285269263899, 28348.936735880055494 ], [ 431009.236037164577283, 28351.561170052413217 ], [ 431014.520608988939784, 28351.269291305306979 ], [ 431017.749838051036932, 28346.311548046567623 ], [ 431018.336943652480841, 28344.853405835354351 ], [ 431013.639180904312525, 28337.563064357382245 ], [ 431005.712259508261923, 28336.688579877678421 ], [ 430998.959633987687994, 28334.647547483917151 ], [ 430997.785210909554735, 28333.189490509561438 ], [ 430995.436421229678672, 28331.439867619679717 ], [ 430992.794029296608642, 28329.398636161105969 ], [ 430995.729811687138863, 28327.357134629666689 ], [ 430993.087447997415438, 28325.899148690801667 ], [ 430990.445197239285335, 28326.774144926584995 ], [ 430985.747871953470167, 28328.524109003672493 ], [ 430982.518656758707948, 28333.773475344311009 ] ] ] } },
{ "type": "Feature", "properties": { "fid": 303, "class_name": "structure", "class_id": null, "dist_to_line": null, "risk_level": null, "area_m2": 22.361300220383782, "perimeter_m": 21.182797590542378, "compactness": 0.62623924974869039, "dist_bin": 2 }, "geometry": { "type": "Polygon", "coordinates": [ [ [ 430991.912248695734888, 28308.401839101123187 ], [ 430991.618942781002261, 28314.234308812181553 ], [ 430997.784321621293202, 28314.817256017864565 ], [ 430997.784251067554578, 28313.359142159308249 ], [ 430991.912248695734888, 28308.401839101123187 ] ] ] } },
{ "type": "Feature", "properties": { "fid": 304, "class_name": "structure", "class_id": null, "dist_to_line": null, "risk_level": null, "area_m2": 10.966451782347576, "perimeter_m": 13.717080899142424, "compactness": 0.73240718732010901, "dist_bin": 2 }, "geometry": { "type": "Polygon", "coordinates": [ [ [ 430998.371864802436903, 28322.39941963869569 ], [ 430998.37173777539283, 28319.774814708656777 ], [ 431001.601207104511559, 28319.774658417969476 ], [ 431002.775714830320794, 28322.982452032094443 ], [ 430998.371864802436903, 28322.39941963869569 ] ] ] } },
{ "type": "Feature", "properties": { "fid": 305, "class_name": "structure", "class_id": null, "dist_to_line": null, "risk_level": null, "area_m2": 38.039882436758489, "perimeter_m": 28.330549682274025, "compactness": 0.59557852264754607, "dist_bin": 2 }, "geometry": { "type": "Polygon", "coordinates": [ [ [ 430941.414848618325777, 28303.446695492566505 ], [ 430945.818614442367107, 28302.2799911182301 ], [ 430950.516462469473481, 28311.320070455265522 ], [ 430947.287021078867838, 28311.903472409732785 ], [ 430941.414848618325777, 28303.446695492566505 ] ] ] } },
{ "type": "Feature", "properties": { "fid": 306, "class_name": "structure", "class_id": null, "dist_to_line": null, "risk_level": null, "area_m2": 17.991835107697625, "perimeter_m": 17.937528036905899, "compactness": 0.70268412232729727, "dist_bin": 2 }, "geometry": { "type": "Polygon", "coordinates": [ [ [ 430978.994145183998626, 28303.736499621310941 ], [ 430979.287606340134516, 28301.111880367276171 ], [ 430984.865766774863005, 28300.819987737733754 ], [ 430985.15952419815585, 28304.319446899837203 ], [ 430978.994145183998626, 28303.736499621310941 ] ] ] } },
{ "type": "Feature", "properties": { "fid": 307, "class_name": "structure", "class_id": null, "dist_to_line": null, "risk_level": null, "area_m2": 22.532630837689794, "perimeter_m": 22.759663509162486, "compactness": 0.54662575685105941, "dist_bin": 2 }, "geometry": { "type": "Polygon", "coordinates": [ [ [ 430988.095193903660402, 28299.944963183195796 ], [ 430986.627577723411378, 28306.652358114934032 ], [ 430993.086572985979728, 28307.818536734303052 ], [ 430988.095193903660402, 28299.944963183195796 ] ] ] } },
{ "type": "Feature", "properties": { "fid": 308, "class_name": "structure", "class_id": null, "dist_to_line": null, "risk_level": null, "area_m2": 18.248860418840195, "perimeter_m": 20.073841112567173, "compactness": 0.56909484117116116, "dist_bin": 2 }, "geometry": { "type": "Polygon", "coordinates": [ [ [ 430982.51672317867633, 28293.821154569599457 ], [ 430981.342666853917763, 28299.945289816234435 ], [ 430986.627267353527714, 28300.236656967739691 ], [ 430987.214443616336212, 28300.236628565482533 ], [ 430982.51672317867633, 28293.821154569599457 ] ] ] } },
{ "type": "Feature", "properties": { "fid": 309, "class_name": "structure", "class_id": null, "dist_to_line": null, "risk_level": null, "area_m2": 90.2163010268996, "perimeter_m": 39.58432762871206, "compactness": 0.72351632639208341, "dist_bin": 2 }, "geometry": { "type": "Polygon", "coordinates": [ [ [ 430665.420362775097601, 27856.402045982267737 ], [ 430671.879502472118475, 27860.484459398681793 ], [ 430671.879502472118475, 27860.484459398681793 ], [ 430676.869947051571216, 27848.819299696355301 ], [ 430670.998012106749229, 27845.320104115337017 ], [ 430665.420362775097601, 27856.402045982267737 ] ] ] } },
{ "type": "Feature", "properties": { "fid": 310, "class_name": "structure", "class_id": null, "dist_to_line": null, "risk_level": null, "area_m2": 16.728134084180056, "perimeter_m": 17.959788844738121, "compactness": 0.65171079132894627, "dist_bin": 2 }, "geometry": { "type": "Polygon", "coordinates": [ [ [ 430620.206787122006062, 27836.282218667154666 ], [ 430626.665697253833059, 27835.552852113531117 ], [ 430626.665578710613772, 27833.074056161898625 ], [ 430620.647030260879546, 27833.365967042918783 ], [ 430620.206787122006062, 27836.282218667154666 ] ] ] } },
{ "type": "Feature", "properties": { "fid": 311, "class_name": "structure", "class_id": null, "dist_to_line": null, "risk_level": null, "area_m2": 9.467157049499292, "perimeter_m": 14.86990261234819, "compactness": 0.53803830674322894, "dist_bin": 2 }, "geometry": { "type": "Polygon", "coordinates": [ [ [ 430622.84934785135556, 27841.822930314647238 ], [ 430623.142699118179735, 27836.865324353584583 ], [ 430619.326049787225202, 27836.865506907746749 ], [ 430622.84934785135556, 27841.822930314647238 ] ] ] } },
{ "type": "Feature", "properties": { "fid": 312, "class_name": "structure", "class_id": null, "dist_to_line": null, "risk_level": null, "area_m2": 36.926146657592653, "perimeter_m": 27.309652226260059, "compactness": 0.62217350785237302, "dist_bin": 2 }, "geometry": { "type": "Polygon", "coordinates": [ [ [ 430626.075754837598652, 27777.665703000038775 ], [ 430624.020635896828026, 27777.66580108400376 ], [ 430624.314572322182357, 27784.956363692159357 ], [ 430632.241487419814803, 27785.539231406732142 ], [ 430626.075754837598652, 27777.665703000038775 ] ] ] } },
{ "type": "Feature", "properties": { "fid": 313, "class_name": "structure", "class_id": null, "dist_to_line": null, "risk_level": null, "area_m2": 366.21980711187643, "perimeter_m": 126.4116180850034, "compactness": 0.28799020223162869, "dist_bin": 2 }, "geometry": { "type": "Polygon", "coordinates": [ [ [ 430638.407247825642116, 27793.996005741271802 ], [ 430635.765328136563767, 27801.86995440768078 ], [ 430662.483711893612053, 27840.3629196386064 ], [ 430673.053033191012219, 27843.278644663641899 ], [ 430638.407247825642116, 27793.996005741271802 ] ] ] } },
{ "type": "Feature", "properties": { "fid": 314, "class_name": "structure", "class_id": null, "dist_to_line": null, "risk_level": null, "area_m2": 79.121316346790991, "perimeter_m": 35.599540034995044, "compactness": 0.78453910318588249, "dist_bin": 2 }, "geometry": { "type": "Polygon", "coordinates": [ [ [ 430571.46460631483933, 27700.096565700005158 ], [ 430569.115843047620729, 27698.930185136581713 ], [ 430564.712418962968513, 27707.387465090429032 ], [ 430573.520281253324356, 27711.761392022846849 ], [ 430575.86871105193859, 27705.92881804321587 ], [ 430571.46460631483933, 27700.096565700005158 ] ] ] } },
{ "type": "Feature", "properties": { "fid": 315, "class_name": "structure", "class_id": null, "dist_to_line": null, "risk_level": null, "area_m2": 123.45839965771574, "perimeter_m": 44.375616546011585, "compactness": 0.78784667575450207, "dist_bin": 2 }, "geometry": { "type": "Polygon", "coordinates": [ [ [ 430530.946675816725474, 27642.94036187830352 ], [ 430527.129914415709209, 27640.607558272888127 ], [ 430523.020119352499023, 27649.939694313194195 ], [ 430522.726614105631597, 27651.689447130407643 ], [ 430533.296049650292844, 27656.938160723420879 ], [ 430535.937999218236655, 27649.647456639715529 ], [ 430535.937999218236655, 27649.647456639715529 ], [ 430530.946675816725474, 27642.94036187830352 ] ] ] } },
{ "type": "Feature", "properties": { "fid": 316, "class_name": "structure", "class_id": null, "dist_to_line": null, "risk_level": null, "area_m2": 61.814889453129581, "perimeter_m": 34.887268039830332, "compactness": 0.63821798290589327, "dist_bin": 2 }, "geometry": { "type": "Polygon", "coordinates": [ [ [ 430535.644424599362537, 27649.93909374031864 ], [ 430533.002516665088478, 27658.104667233186774 ], [ 430542.103995697339997, 27663.061827393328713 ], [ 430543.278196996659972, 27659.85391709005853 ], [ 430535.644424599362537, 27649.93909374031864 ] ] ] } },
{ "type": "Feature", "properties": { "fid": 317, "class_name": "structure", "class_id": null, "dist_to_line": null, "risk_level": null, "area_m2": 124.82922517697443, "perimeter_m": 46.095637475708202, "compactness": 0.73825515479149662, "dist_bin": 2 }, "geometry": { "type": "Polygon", "coordinates": [ [ [ 430484.264133970951661, 27601.532093096859171 ], [ 430494.246670423424803, 27612.613299031465431 ], [ 430499.824547369673382, 27606.197324351378484 ], [ 430491.309981462894939, 27595.699294928814197 ], [ 430484.264133970951661, 27601.532093096859171 ] ] ] } },
{ "type": "Feature", "properties": { "fid": 318, "class_name": "structure", "class_id": null, "dist_to_line": null, "risk_level": null, "area_m2": 280.67293034544855, "perimeter_m": 81.12227771719617, "compactness": 0.53595721374872796, "dist_bin": 2 }, "geometry": { "type": "Polygon", "coordinates": [ [ [ 430503.347443304082844, 27602.697679023418459 ], [ 430494.833847462432459, 27612.613271121583239 ], [ 430517.441105600097217, 27632.442570953120594 ], [ 430521.844808348861989, 27629.817753241732134 ], [ 430503.347443304082844, 27602.697679023418459 ] ] ] } },
{ "type": "Feature", "properties": { "fid": 319, "class_name": "structure", "class_id": null, "dist_to_line": null, "risk_level": null, "area_m2": 27.587512915983098, "perimeter_m": 22.35256033592578, "compactness": 0.69385362542296436, "dist_bin": 2 }, "geometry": { "type": "Polygon", "coordinates": [ [ [ 430459.893488439032808, 27542.625367178170563 ], [ 430456.37052266014507, 27544.666896671904396 ], [ 430461.068230023432989, 27550.790760875192063 ], [ 430463.710430101491511, 27548.749273166802595 ], [ 430459.893488439032808, 27542.625367178170563 ] ] ] } },
{ "type": "Feature", "properties": { "fid": 320, "class_name": "structure", "class_id": null, "dist_to_line": null, "risk_level": null, "area_m2": 69.911215277097654, "perimeter_m": 36.849678549309715, "compactness": 0.64697769475028521, "dist_bin": 2 }, "geometry": { "type": "Polygon", "coordinates": [ [ [ 430433.175187206943519, 27505.882110102014849 ], [ 430428.47790825960692, 27508.798564892378636 ], [ 430435.524476330028847, 27518.130173726382054 ], [ 430441.396178537921514, 27516.671779315212916 ], [ 430433.175187206943519, 27505.882110102014849 ] ] ] } },
{ "type": "Feature", "properties": { "fid": 321, "class_name": "structure", "class_id": null, "dist_to_line": null, "risk_level": null, "area_m2": 68.369086405349663, "perimeter_m": 34.955103242163801, "compactness": 0.70315077901864076, "dist_bin": 2 }, "geometry": { "type": "Polygon", "coordinates": [ [ [ 430347.148013309109956, 27385.154155419986637 ], [ 430341.863569340668619, 27388.362261203463277 ], [ 430348.910123869078234, 27397.402249954378931 ], [ 430353.900992852053605, 27394.485781321327522 ], [ 430353.900992852053605, 27394.485781321327522 ], [ 430347.148013309109956, 27385.154155419986637 ] ] ] } },
{ "type": "Feature", "properties": { "fid": 322, "class_name": "disturbance", "class_id": null, "dist_to_line": null, "risk_level": null, "area_m2": 83.019599290142651, "perimeter_m": 38.623283854328626, "compactness": 0.69934601590037682, "dist_bin": 2 }, "geometry": { "type": "Polygon", "coordinates": [ [ [ 430364.767760088026989, 27478.764391052227438 ], [ 430369.464998217939865, 27474.973066163278418 ], [ 430363.886331048910506, 27464.766516481075087 ], [ 430357.133917203173041, 27467.391445690736873 ], [ 430364.767760088026989, 27478.764391052227438 ] ] ] } },
{ "type": "Feature", "properties": { "fid": 323, "class_name": "structure", "class_id": null, "dist_to_line": null, "risk_level": null, "area_m2": 69.097327016043891, "perimeter_m": 33.953851226596512, "compactness": 0.7531700268767253, "dist_bin": 2 }, "geometry": { "type": "Polygon", "coordinates": [ [ [ 430237.635225166508462, 27295.922588979323336 ], [ 430237.047745204006787, 27289.506902855326189 ], [ 430247.323253872513305, 27287.465054938529647 ], [ 430247.030022637045477, 27295.04727589174945 ], [ 430237.635225166508462, 27295.922588979323336 ] ] ] } },
{ "type": "Feature", "properties": { "fid": 324, "class_name": "structure", "class_id": null, "dist_to_line": null, "risk_level": null, "area_m2": 58.430761092560715, "perimeter_m": 34.090827214538237, "compactness": 0.63179520898776631, "dist_bin": 2 }, "geometry": { "type": "Polygon", "coordinates": [ [ [ 430175.684168691164814, 27214.562584977738879 ], [ 430180.087986350990832, 27214.270754332006618 ], [ 430182.436435700161383, 27208.729799234326492 ], [ 430169.518406717281323, 27206.105796391057083 ], [ 430175.684168691164814, 27214.562584977738879 ] ] ] } },
{ "type": "Feature", "properties": { "fid": 325, "class_name": "disturbance", "class_id": null, "dist_to_line": null, "risk_level": null, "area_m2": 540.1842966875538, "perimeter_m": 105.39090451450244, "compactness": 0.61114681855250641, "dist_bin": 2 }, "geometry": { "type": "Polygon", "coordinates": [ [ [ 430193.297369049163535, 27169.360129554475861 ], [ 430189.77463273180183, 27176.359256700394326 ], [ 430191.830357079510577, 27189.190589712325163 ], [ 430191.537015098962002, 27194.439824673405383 ], [ 430196.234791689552367, 27202.021812073140609 ], [ 430200.345198773429729, 27205.521099481062265 ], [ 430208.85947815788677, 27209.895049880422448 ], [ 430212.676145533216186, 27210.186493765715568 ], [ 430218.547687234182376, 27205.228620152061922 ], [ 430193.297369049163535, 27169.360129554475861 ] ] ] } },
{ "type": "Feature", "properties": { "fid": 326, "class_name": "structure", "class_id": null, "dist_to_line": null, "risk_level": null, "area_m2": 31.61430376394128, "perimeter_m": 26.938107233772513, "compactness": 0.54746874594246675, "dist_bin": 2 }, "geometry": { "type": "Polygon", "coordinates": [ [ [ 430110.206201712717302, 27051.256535466967762 ], [ 430107.563847657176666, 27050.090165321169479 ], [ 430104.628136909392197, 27053.881407884338842 ], [ 430114.903936980583239, 27057.963655173105508 ], [ 430110.206201712717302, 27051.256535466967762 ] ] ] } },
{ "type": "Feature", "properties": { "fid": 327, "class_name": "structure", "class_id": null, "dist_to_line": null, "risk_level": null, "area_m2": 17.22079397744892, "perimeter_m": 16.890927748863433, "compactness": 0.75850077107134262, "dist_bin": 2 }, "geometry": { "type": "Polygon", "coordinates": [ [ [ 430110.20665240183007, 27060.880109813817398 ], [ 430111.087254969170317, 27057.380586990657321 ], [ 430115.784771732636727, 27059.421731234058825 ], [ 430114.610566695104353, 27062.629644314762118 ], [ 430110.20665240183007, 27060.880109813817398 ] ] ] } },
{ "type": "Feature", "properties": { "fid": 328, "class_name": "agricultural_activity", "class_id": null, "dist_to_line": null, "risk_level": null, "area_m2": 386.39678345839457, "perimeter_m": 78.704349678857213, "compactness": 0.78387334524107588, "dist_bin": 2 }, "geometry": { "type": "Polygon", "coordinates": [ [ [ 430069.103450470312964, 27044.551120381147484 ], [ 430069.689699670299888, 27024.720695582451299 ], [ 430089.653850384056568, 27027.052749156096979 ], [ 430088.480396032333374, 27046.299953775152972 ], [ 430069.103450470312964, 27044.551120381147484 ] ] ] } },
{ "type": "Feature", "properties": { "fid": 329, "class_name": "structure", "class_id": null, "dist_to_line": null, "risk_level": null, "area_m2": 64.299523612244229, "perimeter_m": 35.795294139352663, "compactness": 0.63061710773948532, "dist_bin": 2 }, "geometry": { "type": "Polygon", "coordinates": [ [ [ 430029.760781696299091, 27006.933530615813652 ], [ 430040.036364943254739, 27006.349802727036149 ], [ 430039.449692204070743, 27017.139900047874107 ], [ 430037.688158992445096, 27017.139982509350375 ], [ 430037.688158992445096, 27017.139982509350375 ], [ 430029.760781696299091, 27006.933530615813652 ] ] ] } },
{ "type": "Feature", "properties": { "fid": 330, "class_name": "structure", "class_id": null, "dist_to_line": null, "risk_level": null, "area_m2": 38.896710576365876, "perimeter_m": 30.085388602391596, "compactness": 0.54002204412178967, "dist_bin": 2 }, "geometry": { "type": "Polygon", "coordinates": [ [ [ 430025.059734241571277, 26929.361892819972127 ], [ 430023.885814266803209, 26938.693900654849131 ], [ 430032.106344010331668, 26939.56838747501024 ], [ 430025.059734241571277, 26929.361892819972127 ] ] ] } },
{ "type": "Feature", "properties": { "fid": 331, "class_name": "structure", "class_id": null, "dist_to_line": null, "risk_level": null, "area_m2": 54.232641177033656, "perimeter_m": 38.975207954354502, "compactness": 0.44863560488959453, "dist_bin": 2 }, "geometry": { "type": "Polygon", "coordinates": [ [ [ 430031.812768736854196, 26939.860024707450066 ], [ 430023.592266220482998, 26939.568784955346928 ], [ 430029.464329949929379, 26945.692604906653287 ], [ 430034.455381862586364, 26946.567242435074149 ], [ 430034.455463565536775, 26948.316983580338274 ], [ 430038.56573516438948, 26948.90003869854263 ], [ 430031.812768736854196, 26939.860024707450066 ] ] ] } },
{ "type": "Feature", "properties": { "fid": 332, "class_name": "structure", "class_id": null, "dist_to_line": null, "risk_level": null, "area_m2": 15.710771055584701, "perimeter_m": 17.400692394076099, "compactness": 0.65204009875283686, "dist_bin": 2 }, "geometry": { "type": "Polygon", "coordinates": [ [ [ 430011.700554968963843, 26910.40698613587665 ], [ 430010.526471446326468, 26916.239511771596881 ], [ 430014.343161182012409, 26916.968392556551407 ], [ 430014.783449297596235, 26914.927007229176525 ], [ 430011.700554968963843, 26910.40698613587665 ] ] ] } },
{ "type": "Feature", "properties": { "fid": 333, "class_name": "structure", "class_id": null, "dist_to_line": null, "risk_level": null, "area_m2": 2.8272810092094005, "perimeter_m": 8.1829082528469321, "compactness": 0.530595394842172, "dist_bin": 2 }, "geometry": { "type": "Polygon", "coordinates": [ [ [ 430014.930243747541681, 26914.927000381081598 ], [ 430014.196359929279424, 26916.822587635091622 ], [ 430016.838700845255516, 26917.697334978289291 ], [ 430014.930243747541681, 26914.927000381081598 ] ] ] } },
{ "type": "Feature", "properties": { "fid": 334, "class_name": "disturbance", "class_id": null, "dist_to_line": null, "risk_level": null, "area_m2": 222.19970423962513, "perimeter_m": 63.73773276623912, "compactness": 0.6873217996612071, "dist_bin": 2 }, "geometry": { "type": "Polygon", "coordinates": [ [ [ 429658.489384938729927, 26401.977458824832866 ], [ 429648.508023604750633, 26416.559109084453667 ], [ 429666.710915112285875, 26424.432114276878565 ], [ 429669.352989505860023, 26419.474387902675517 ], [ 429658.489384938729927, 26401.977458824832866 ] ] ] } },
{ "type": "Feature", "properties": { "fid": 335, "class_name": "structure", "class_id": null, "dist_to_line": null, "risk_level": null, "area_m2": 15.036048055560968, "perimeter_m": 17.364938742317527, "compactness": 0.62660961969264983, "dist_bin": 2 }, "geometry": { "type": "Polygon", "coordinates": [ [ [ 429676.6931885285303, 26429.680883329227072 ], [ 429675.225430641206913, 26433.763684161309357 ], [ 429679.629388969042338, 26436.38809563056202 ], [ 429680.216500166920014, 26434.929949591332843 ], [ 429676.6931885285303, 26429.680883329227072 ] ] ] } },
{ "type": "Feature", "properties": { "fid": 336, "class_name": "structure", "class_id": null, "dist_to_line": null, "risk_level": null, "area_m2": 35.812423268733255, "perimeter_m": 29.752290464054951, "compactness": 0.50839674609411145, "dist_bin": 2 }, "geometry": { "type": "Polygon", "coordinates": [ [ [ 429613.860972074093297, 26339.863632636075636 ], [ 429611.512539571034722, 26345.987841401456535 ], [ 429622.081885201623663, 26348.903594485949725 ], [ 429613.860972074093297, 26339.863632636075636 ] ] ] } },
{ "type": "Feature", "properties": { "fid": 337, "class_name": "disturbance", "class_id": null, "dist_to_line": null, "risk_level": null, "area_m2": 1285.477483622295, "perimeter_m": 172.49560967092103, "compactness": 0.54289800539240418, "dist_bin": 2 }, "geometry": { "type": "Polygon", "coordinates": [ [ [ 429523.431043124350253, 26243.048649873395334 ], [ 429523.136652621964458, 26225.551228202126367 ], [ 429528.714795619074721, 26224.384477197305387 ], [ 429531.357299377094023, 26228.758715000556549 ], [ 429537.229245141032152, 26232.257933172717458 ], [ 429538.11015982599929, 26235.465755875437026 ], [ 429541.339842127228621, 26239.839966654712043 ], [ 429543.395167340815533, 26244.21423115833386 ], [ 429545.743948279297911, 26245.672243126806279 ], [ 429548.092595659312792, 26244.214016047262703 ], [ 429552.203112501185387, 26250.046305866166222 ], [ 429553.671259181806818, 26254.420597132335388 ], [ 429554.552200638747308, 26258.211667469287931 ], [ 429552.497289579885546, 26262.877744001099927 ], [ 429551.616628696618136, 26265.210775548272068 ], [ 429551.323199813137762, 26268.710275780809752 ], [ 429551.323440422478598, 26273.959505933755281 ], [ 429550.149110113736242, 26274.54280756352091 ], [ 429548.093864958558697, 26271.918286690794048 ], [ 429545.157932212052401, 26271.043549573980272 ], [ 429543.983575150021352, 26271.043603407615592 ], [ 429540.75409321882762, 26271.043751454770245 ], [ 429538.405365704849828, 26270.752235225638287 ], [ 429538.405499405693263, 26273.66847426356253 ], [ 429538.405659866170026, 26277.16796110188443 ], [ 429536.644284746143967, 26280.667528720459813 ], [ 429535.176418658404145, 26282.417339467592683 ], [ 429527.836753799463622, 26283.875795671563537 ], [ 429518.147719186963513, 26271.044787974809879 ], [ 429515.79875087615801, 26265.504041279560624 ], [ 429516.972827246878296, 26259.37988518858765 ], [ 429522.844559387536719, 26258.21312038880933 ], [ 429524.018822945829015, 26256.171699167829502 ], [ 429525.486448636162095, 26249.172657958337368 ], [ 429526.660658794688061, 26245.964741097195656 ], [ 429523.431043124350253, 26243.048649873395334 ] ] ] } },
{ "type": "Feature", "properties": { "fid": 338, "class_name": "disturbance", "class_id": null, "dist_to_line": null, "risk_level": null, "area_m2": 331.86515038738435, "perimeter_m": 80.177505891903166, "compactness": 0.64873365404644334, "dist_bin": 2 }, "geometry": { "type": "Polygon", "coordinates": [ [ [ 428642.020310453372076, 25028.473313882896036 ], [ 428645.54315784201026, 25023.223915454265807 ], [ 428656.699486019846518, 25021.182050062157941 ], [ 428658.461386801500339, 25029.347460489159857 ], [ 428659.929413950012531, 25031.097143055791094 ], [ 428665.214110453787725, 25032.846656814246671 ], [ 428666.388779822969809, 25039.845594707421697 ], [ 428663.452880338241812, 25039.845724585880816 ], [ 428660.516980838379823, 25039.845854469684127 ], [ 428657.581274872820359, 25044.220353055068699 ], [ 428655.232723032590002, 25048.011576531374885 ], [ 428642.020310453372076, 25028.473313882896036 ] ] ] } },
{ "type": "Feature", "properties": { "fid": 339, "class_name": "agricultural_activity", "class_id": null, "dist_to_line": null, "risk_level": null, "area_m2": 313.35922113612651, "perimeter_m": 85.139876088287934, "compactness": 0.54323321417263315, "dist_bin": 2 }, "geometry": { "type": "Polygon", "coordinates": [ [ [ 428425.931567907624412, 24881.79565460626327 ], [ 428455.290384440857451, 24877.419989265879849 ], [ 428455.584913331898861, 24898.708580254136905 ], [ 428425.931567907624412, 24881.79565460626327 ] ] ] } },
{ "type": "Feature", "properties": { "fid": 340, "class_name": "agricultural_activity", "class_id": null, "dist_to_line": null, "risk_level": null, "area_m2": 494.52076477639639, "perimeter_m": 87.941476331747396, "compactness": 0.80353887371065225, "dist_bin": 2 }, "geometry": { "type": "Polygon", "coordinates": [ [ [ 428376.020000651828013, 24853.510255378529109 ], [ 428377.487514278327581, 24843.594948864854814 ], [ 428391.87326361448504, 24839.803193184878182 ], [ 428407.43388695793692, 24847.676375879833358 ], [ 428398.039800107246265, 24865.757524110642407 ], [ 428376.020000651828013, 24853.510255378529109 ] ] ] } },
{ "type": "Feature", "properties": { "fid": 341, "class_name": "agricultural_activity", "class_id": null, "dist_to_line": null, "risk_level": null, "area_m2": 456.43789202163498, "perimeter_m": 86.341016076587778, "compactness": 0.7694089690506315, "dist_bin": 2 }, "geometry": { "type": "Polygon", "coordinates": [ [ [ 428248.598627881612629, 24780.026420377933391 ], [ 428257.992949784500524, 24767.194514016162429 ], [ 428275.608618714730255, 24773.026235435692797 ], [ 428277.076775053807069, 24777.692168017045333 ], [ 428277.370609147299547, 24783.233026724898082 ], [ 428274.435207992966752, 24794.606524056216585 ], [ 428248.598627881612629, 24780.026420377933391 ] ] ] } },
{ "type": "Feature", "properties": { "fid": 342, "class_name": "agricultural_activity", "class_id": null, "dist_to_line": null, "risk_level": null, "area_m2": 561.77633254486136, "perimeter_m": 104.59171606518126, "compactness": 0.6453253495187854, "dist_bin": 2 }, "geometry": { "type": "Polygon", "coordinates": [ [ [ 428164.92236844857689, 24710.915008797393966 ], [ 428187.234882397577167, 24703.040156190243579 ], [ 428209.254676601965912, 24714.995808607749495 ], [ 428197.218104669125751, 24729.285956450439699 ], [ 428164.92236844857689, 24710.915008797393966 ] ] ] } },
{ "type": "Feature", "properties": { "fid": 343, "class_name": "agricultural_activity", "class_id": null, "dist_to_line": null, "risk_level": null, "area_m2": 458.19428168301238, "perimeter_m": 90.822820419143113, "compactness": 0.69802272215988936, "dist_bin": 2 }, "geometry": { "type": "Polygon", "coordinates": [ [ [ 428144.370510805980302, 24698.667666415829444 ], [ 428157.2878936684574, 24685.25235325320682 ], [ 428182.537220443598926, 24698.082739520785253 ], [ 428162.573569374100771, 24709.165362688450841 ], [ 428144.370510805980302, 24698.667666415829444 ] ] ] } },
{ "type": "Feature", "properties": { "fid": 344, "class_name": "structure", "class_id": null, "dist_to_line": null, "risk_level": null, "area_m2": 39.036082855600398, "perimeter_m": 32.882938681860978, "compactness": 0.45366455597014854, "dist_bin": 2 }, "geometry": { "type": "Polygon", "coordinates": [ [ [ 427804.97130167321302, 24499.940113467928313 ], [ 427804.97130167321302, 24499.940113467928313 ], [ 427812.017690670443699, 24504.897431744440837 ], [ 427814.21961934043793, 24504.897335278277751 ], [ 427816.274829414032865, 24506.646995908620738 ], [ 427817.449127482250333, 24505.188818909857218 ], [ 427814.21954907552572, 24503.293397163233749 ], [ 427814.659909258945845, 24502.710127648027992 ], [ 427807.466693133697845, 24497.023752987995977 ], [ 427804.97130167321302, 24499.940113467928313 ] ] ] } },
{ "type": "Feature", "properties": { "fid": 345, "class_name": "disturbance", "class_id": null, "dist_to_line": null, "risk_level": null, "area_m2": 29.718785892531741, "perimeter_m": 22.215205605989183, "compactness": 0.75672878276023636, "dist_bin": 2 }, "geometry": { "type": "Polygon", "coordinates": [ [ [ 427803.209279738424812, 24489.004248663099133 ], [ 427800.713920142385177, 24492.649671952232893 ], [ 427806.292305611888878, 24496.440554190030525 ], [ 427808.640857147867791, 24492.503512248626066 ], [ 427803.209279738424812, 24489.004248663099133 ] ] ] } },
{ "type": "Feature", "properties": { "fid": 346, "class_name": "agricultural_activity", "class_id": null, "dist_to_line": null, "risk_level": null, "area_m2": 427.95099627794116, "perimeter_m": 110.19243927516438, "compactness": 0.44289452529278261, "dist_bin": 2 }, "geometry": { "type": "Polygon", "coordinates": [ [ [ 427208.233794482774101, 24169.263091522843752 ], [ 427223.500875157595146, 24177.427939789133234 ], [ 427232.014946443261579, 24175.969441419943905 ], [ 427249.924432930652983, 24186.175552436710859 ], [ 427254.915197705267929, 24179.759574821979186 ], [ 427234.950537383439951, 24168.678676691361034 ], [ 427225.849017617118079, 24164.013065467843262 ], [ 427209.407903853105381, 24163.430530613321025 ], [ 427208.233794482774101, 24169.263091522843752 ] ] ] } },
{ "type": "Feature", "properties": { "fid": 347, "class_name": "agricultural_activity", "class_id": null, "dist_to_line": null, "risk_level": null, "area_m2": 625.8622108194977, "perimeter_m": 114.17404247403483, "compactness": 0.60332849558551505, "dist_bin": 2 }, "geometry": { "type": "Polygon", "coordinates": [ [ [ 427191.793417631008197, 24185.594835658081138 ], [ 427199.132604604994413, 24172.179743025633798 ], [ 427235.832428271591198, 24194.341679736848164 ], [ 427227.905996805173345, 24206.298669704763597 ], [ 427191.793417631008197, 24185.594835658081138 ] ] ] } },
{ "type": "Feature", "properties": { "fid": 348, "class_name": "structure", "class_id": null, "dist_to_line": null, "risk_level": null, "area_m2": 17.135193045192864, "perimeter_m": 16.870377827820551, "compactness": 0.75657022812546337, "dist_bin": 2 }, "geometry": { "type": "Polygon", "coordinates": [ [ [ 427221.151259054837283, 24157.014258492356021 ], [ 427218.802659138746094, 24159.930615596887947 ], [ 427223.206649074272718, 24162.846678626581706 ], [ 427224.674476379354019, 24159.930359897229209 ], [ 427221.151259054837283, 24157.014258492356021 ] ] ] } },
{ "type": "Feature", "properties": { "fid": 349, "class_name": "disturbance", "class_id": null, "dist_to_line": null, "risk_level": null, "area_m2": 1435.5420024377709, "perimeter_m": 219.00995078277475, "compactness": 0.37609544436875053, "dist_bin": 2 }, "geometry": { "type": "Polygon", "coordinates": [ [ [ 427148.634514576289803, 24161.683425924049516 ], [ 427153.331422477494925, 24149.143323858916119 ], [ 427143.936462765792385, 24147.977231108354317 ], [ 427145.110661214450374, 24144.186048123028741 ], [ 427151.276070192805491, 24144.185779542214732 ], [ 427150.982364965719171, 24141.561162635014625 ], [ 427149.514296135574114, 24138.936596866813488 ], [ 427153.330749293090776, 24133.687171255445719 ], [ 427156.853763938415796, 24131.93726473928109 ], [ 427153.33036843634909, 24124.938405568409507 ], [ 427158.908709826879203, 24127.562792471275316 ], [ 427162.431864092475735, 24129.020766719902895 ], [ 427162.725556543620769, 24131.35375808336903 ], [ 427167.423010896483902, 24131.353553606506466 ], [ 427172.707697769394144, 24132.519825634852168 ], [ 427175.350066571496427, 24133.686212667867949 ], [ 427177.40538052743068, 24137.768880342358898 ], [ 427181.222100162412971, 24138.643590713338199 ], [ 427184.158059805980884, 24139.809964927546389 ], [ 427185.332550307211932, 24142.72616884434683 ], [ 427182.396730340085924, 24144.767675205534033 ], [ 427180.048346171271987, 24152.641666126924974 ], [ 427185.332943978661206, 24151.766559436840907 ], [ 427188.562583398015704, 24154.974299284891458 ], [ 427192.672792202036362, 24153.515992765722331 ], [ 427193.259796159924008, 24149.433210219227476 ], [ 427195.021277939784341, 24147.975006025393668 ], [ 427196.489270422258414, 24148.849818600050639 ], [ 427198.544470051012468, 24150.307856594619807 ], [ 427197.957339092507027, 24151.474384145512886 ], [ 427196.783064485876821, 24153.515813757068827 ], [ 427196.489562516275328, 24155.557205014098145 ], [ 427193.847371652140282, 24158.473575068375794 ], [ 427194.434629628958646, 24160.223302466951282 ], [ 427196.489765759906732, 24160.223212938672077 ], [ 427195.609120182110928, 24163.139506258568872 ], [ 427190.911729692248628, 24164.597838411467819 ], [ 427185.62706845550565, 24164.01481769169186 ], [ 427182.397657723748125, 24166.056336933455896 ], [ 427182.104359201795887, 24172.76373624853295 ], [ 427184.159775078878738, 24179.17940762903163 ], [ 427182.985475146968383, 24180.63758632952522 ], [ 427148.634514576289803, 24161.683425924049516 ] ] ] } },
{ "type": "Feature", "properties": { "fid": 350, "class_name": "agricultural_activity", "class_id": null, "dist_to_line": null, "risk_level": null, "area_m2": 401.17731346482014, "perimeter_m": 82.685662620302239, "compactness": 0.73737058291381241, "dist_bin": 2 }, "geometry": { "type": "Polygon", "coordinates": [ [ [ 427087.564922630554065, 24100.153096603109589 ], [ 427091.08825509401504, 24105.693828928215225 ], [ 427091.381998368655331, 24109.193322860264743 ], [ 427093.437211117648985, 24110.942986741025379 ], [ 427098.428434798610397, 24115.025527226520353 ], [ 427101.951614890713245, 24117.066752701681253 ], [ 427103.713020823197439, 24113.858794937401399 ], [ 427104.006510195205919, 24111.52577774238307 ], [ 427105.180759683251381, 24108.901096659028553 ], [ 427105.474198313080706, 24105.401577257882309 ], [ 427106.648435144335963, 24102.485270633969776 ], [ 427108.703394042444415, 24098.402423493054812 ], [ 427109.877694341121241, 24096.944244648500899 ], [ 427103.712145183002576, 24093.73663175276306 ], [ 427099.308141587302089, 24090.52894218307847 ], [ 427094.904163325263653, 24087.90450368954771 ], [ 427091.67459953634534, 24086.446516339623486 ], [ 427088.15155893645715, 24087.613171827732003 ], [ 427088.445327480905689, 24091.695916951794061 ], [ 427087.564922630554065, 24100.153096603109589 ] ] ] } },
{ "type": "Feature", "properties": { "fid": 351, "class_name": "structure", "class_id": null, "dist_to_line": null, "risk_level": null, "area_m2": 93.043993966777634, "perimeter_m": 48.954670933197811, "compactness": 0.48787654228898442, "dist_bin": 2 }, "geometry": { "type": "Polygon", "coordinates": [ [ [ 426835.950546934618615, 23942.102931102657749 ], [ 426833.601982580672484, 23945.894167401274899 ], [ 426850.33714353304822, 23956.683592730369128 ], [ 426852.685682455834467, 23952.309105124677444 ], [ 426835.950546934618615, 23942.102931102657749 ] ] ] } },
{ "type": "Feature", "properties": { "fid": 352, "class_name": "structure", "class_id": null, "dist_to_line": null, "risk_level": null, "area_m2": 92.358634244796121, "perimeter_m": 40.038217297257212, "compactness": 0.72399889215062729, "dist_bin": 2 }, "geometry": { "type": "Polygon", "coordinates": [ [ [ 426666.544251879560761, 23845.290516490837035 ], [ 426661.846931413048878, 23848.498604070246074 ], [ 426668.893524769460782, 23857.830325297043601 ], [ 426677.113800623454154, 23851.414201061168569 ], [ 426666.544251879560761, 23845.290516490837035 ] ] ] } },
{ "type": "Feature", "properties": { "fid": 353, "class_name": "structure", "class_id": null, "dist_to_line": null, "risk_level": null, "area_m2": 20.690726280838135, "perimeter_m": 26.353832465490413, "compactness": 0.3743674126816261, "dist_bin": 2 }, "geometry": { "type": "Polygon", "coordinates": [ [ [ 426656.855514464201406, 23840.04167109334594 ], [ 426663.314862216531765, 23847.915288825250173 ], [ 426667.131472192180809, 23846.165368545527599 ], [ 426656.855514464201406, 23840.04167109334594 ] ] ] } },
{ "type": "Feature", "properties": { "fid": 354, "class_name": "disturbance", "class_id": null, "dist_to_line": null, "risk_level": null, "area_m2": 153.31708452685052, "perimeter_m": 62.541663971252966, "compactness": 0.49256273553605767, "dist_bin": 2 }, "geometry": { "type": "Polygon", "coordinates": [ [ [ 426609.000573596858885, 23849.959023295388761 ], [ 426603.128887812490575, 23853.167162320361967 ], [ 426600.780031409580261, 23850.251005539852486 ], [ 426600.779917623556685, 23847.626372776059725 ], [ 426603.715691031538881, 23844.418361027233914 ], [ 426601.660539668984711, 23844.126824241731811 ], [ 426596.669286215677857, 23839.461026723907707 ], [ 426597.549857770325616, 23834.794974691096286 ], [ 426602.540934276592452, 23835.378010167733009 ], [ 426602.834740347519983, 23840.335637125619542 ], [ 426606.651312811416574, 23837.71083897803328 ], [ 426610.17448355734814, 23839.460441485171032 ], [ 426610.174584652238991, 23841.793448357802845 ], [ 426611.936207931023091, 23843.543127169548825 ], [ 426612.817082762718201, 23845.876095855783205 ], [ 426609.000573596858885, 23849.959023295388761 ] ] ] } },
{ "type": "Feature", "properties": { "fid": 355, "class_name": "disturbance", "class_id": null, "dist_to_line": null, "risk_level": null, "area_m2": 527.07817196102314, "perimeter_m": 88.264820574545567, "compactness": 0.85017750484683385, "dist_bin": 2 }, "geometry": { "type": "Polygon", "coordinates": [ [ [ 426545.583154982887208, 23810.592277725620079 ], [ 426540.885504968289752, 23806.218092687802709 ], [ 426535.306891635642387, 23797.469557133761555 ], [ 426540.884873634553514, 23791.636797542931163 ], [ 426552.334858034271747, 23789.886546585094038 ], [ 426555.857764139887877, 23785.512005676351691 ], [ 426558.793676944507752, 23785.511878658711794 ], [ 426563.784854840312619, 23788.427921668178897 ], [ 426564.665868420386687, 23793.968775502071367 ], [ 426564.959623767295852, 23797.759899375487294 ], [ 426564.372756817261688, 23805.050572039999679 ], [ 426555.565283756004646, 23811.175097156763513 ], [ 426545.583154982887208, 23810.592277725620079 ] ] ] } },
{ "type": "Feature", "properties": { "fid": 356, "class_name": "disturbance", "class_id": null, "dist_to_line": null, "risk_level": null, "area_m2": 441.35933819267575, "perimeter_m": 128.8879471467508, "compactness": 0.33387013339888472, "dist_bin": 2 }, "geometry": { "type": "Polygon", "coordinates": [ [ [ 426575.530311325273942, 23830.129914856108371 ], [ 426571.420046265702695, 23830.421718856556254 ], [ 426568.777686957153492, 23829.546955719848484 ], [ 426568.190441234211903, 23828.088851749820606 ], [ 426568.190352775913198, 23826.04747056436463 ], [ 426564.079973920481279, 23823.714641581191245 ], [ 426562.318401024327613, 23823.131466133319918 ], [ 426559.088783309445716, 23820.506973063049372 ], [ 426554.684813108178787, 23818.174156734021381 ], [ 426556.446221796388272, 23814.966195608838461 ], [ 426561.437235568650067, 23814.091101748184883 ], [ 426564.666777458274737, 23814.965839534750558 ], [ 426566.721941617724951, 23815.549002295294486 ], [ 426566.428249303542543, 23813.216007917686511 ], [ 426565.547387083410285, 23811.174664849913825 ], [ 426567.602336570445914, 23806.800187547567475 ], [ 426569.363732695695944, 23803.300600639344339 ], [ 426571.125217201537453, 23801.842394953997427 ], [ 426578.465087266056798, 23803.88345844358264 ], [ 426580.226723221479915, 23805.924763364128012 ], [ 426576.11655912414426, 23808.549574236098124 ], [ 426576.410238774726167, 23810.590942701048334 ], [ 426578.171925267786719, 23813.798751120441011 ], [ 426580.814284525811672, 23814.673514340538532 ], [ 426584.337341787759215, 23813.798484153227037 ], [ 426586.392493238730822, 23814.090021045340109 ], [ 426587.273140758392401, 23811.173724149917689 ], [ 426590.209078601212241, 23811.756848798861029 ], [ 426591.67708539130399, 23812.923288743822923 ], [ 426593.438658183207735, 23813.506464227226388 ], [ 426593.732426209084224, 23817.589213725485024 ], [ 426590.209444791194983, 23820.213999140320084 ], [ 426590.209394274512306, 23819.047495647420874 ], [ 426588.741400100407191, 23818.172681595398899 ], [ 426585.805399111181032, 23816.131427603715565 ], [ 426583.163115651521366, 23817.006419656849175 ], [ 426579.933700178633444, 23819.047940667707735 ], [ 426577.878687653574161, 23821.964288475384819 ], [ 426575.530311325273942, 23830.129914856108371 ] ] ] } },
{ "type": "Feature", "properties": { "fid": 357, "class_name": "structure", "class_id": null, "dist_to_line": null, "risk_level": null, "area_m2": 22.404254107907036, "perimeter_m": 19.093862267737279, "compactness": 0.77224087064760083, "dist_bin": 2 }, "geometry": { "type": "Polygon", "coordinates": [ [ [ 426533.544523453107104, 23778.513949344433058 ], [ 426535.012694431934506, 23783.471526288292807 ], [ 426539.122896806336939, 23781.721592990215868 ], [ 426538.829128878540359, 23777.638842991615093 ], [ 426533.544523453107104, 23778.513949344433058 ] ] ] } },
{ "type": "Feature", "properties": { "fid": 358, "class_name": "agricultural_activity", "class_id": null, "dist_to_line": null, "risk_level": null, "area_m2": 646.29629118657613, "perimeter_m": 112.65597122060973, "compactness": 0.63993092128952522, "dist_bin": 2 }, "geometry": { "type": "Polygon", "coordinates": [ [ [ 426347.111202953150496, 23713.489424136529124 ], [ 426350.927336349035613, 23700.657714194960136 ], [ 426387.920457211905159, 23714.654163382274419 ], [ 426384.985047842084896, 23726.319330275317043 ], [ 426382.636606966028921, 23733.026829845530301 ], [ 426347.111202953150496, 23713.489424136529124 ] ] ] } },
{ "type": "Feature", "properties": { "fid": 359, "class_name": "agricultural_activity", "class_id": null, "dist_to_line": null, "risk_level": null, "area_m2": 422.93915192842542, "perimeter_m": 117.781974430934, "compactness": 0.38311582690936746, "dist_bin": 2 }, "geometry": { "type": "Polygon", "coordinates": [ [ [ 426353.569608566816896, 23699.491095892302837 ], [ 426367.074283781694248, 23687.242219613090128 ], [ 426370.01024815463461, 23688.408596844896238 ], [ 426367.07480039546499, 23699.198886150523322 ], [ 426384.6903343446902, 23700.364628944767901 ], [ 426391.442696844751481, 23694.823443190300168 ], [ 426397.314713466970716, 23699.197579507945193 ], [ 426393.498252308927476, 23704.44701235130924 ], [ 426390.856118914438412, 23708.821516506734042 ], [ 426375.589429837302305, 23710.280306458709674 ], [ 426353.569608566816896, 23699.491095892302837 ] ] ] } },
{ "type": "Feature", "properties": { "fid": 360, "class_name": "disturbance", "class_id": null, "dist_to_line": null, "risk_level": null, "area_m2": 366.00746628226079, "perimeter_m": 87.153980791106406, "compactness": 0.6055156215283829, "dist_bin": 2 }, "geometry": { "type": "Polygon", "coordinates": [ [ [ 426273.416691438411362, 23642.62747940079862 ], [ 426270.774443860340398, 23644.377349907710595 ], [ 426270.481003503547981, 23647.876875452850072 ], [ 426271.655495265964419, 23650.793085455770779 ], [ 426274.885165008017793, 23654.584084887421341 ], [ 426279.582791999157052, 23658.375020863280952 ], [ 426284.573897029506043, 23659.541309533677122 ], [ 426288.390724406344816, 23662.74903134377746 ], [ 426296.024240505648777, 23665.956588229979388 ], [ 426297.492147318378557, 23664.790020596868999 ], [ 426297.492109527811408, 23663.915142431873392 ], [ 426292.794394542695954, 23658.082824181616161 ], [ 426292.794293792976532, 23655.749815711562405 ], [ 426291.032606605207548, 23652.542005118539237 ], [ 426293.087658587493934, 23650.500533967333467 ], [ 426293.968344795168377, 23648.459113526554574 ], [ 426291.03231703734491, 23645.834605715641374 ], [ 426290.445121554890648, 23645.54300499976307 ], [ 426286.92202417505905, 23645.543157078260265 ], [ 426286.921835362445563, 23641.168766115744802 ], [ 426283.985870507603977, 23640.00238856514261 ], [ 426273.416691438411362, 23642.62747940079862 ] ] ] } },
{ "type": "Feature", "properties": { "fid": 361, "class_name": "disturbance", "class_id": null, "dist_to_line": null, "risk_level": null, "area_m2": 268.25135805081663, "perimeter_m": 71.30995640686956, "compactness": 0.66290523917822874, "dist_bin": 2 }, "geometry": { "type": "Polygon", "coordinates": [ [ [ 425819.513700771611184, 23401.763782151607302 ], [ 425818.926630134927109, 23404.388444585965772 ], [ 425822.156352473364677, 23409.345953710482718 ], [ 425825.092420365079306, 23412.845343649663846 ], [ 425830.377146866987459, 23414.594874443158915 ], [ 425832.725730236677919, 23411.095257280714577 ], [ 425833.312813384807669, 23408.762221266169945 ], [ 425835.661609946051612, 23410.220251999031461 ], [ 425836.248693098255899, 23407.887215997838211 ], [ 425839.771731187240221, 23406.428932814626023 ], [ 425838.009930085681845, 23400.596481662447331 ], [ 425838.890542355191428, 23396.80530132934291 ], [ 425838.596862902282737, 23394.763929530319729 ], [ 425833.605765819433145, 23393.889264954810642 ], [ 425829.789010579406749, 23392.431297212573554 ], [ 425828.908473486662842, 23397.972235716326395 ], [ 425819.513700771611184, 23401.763782151607302 ] ] ] } },
{ "type": "Feature", "properties": { "fid": 362, "class_name": "agricultural_activity", "class_id": null, "dist_to_line": null, "risk_level": null, "area_m2": 445.51492682588287, "perimeter_m": 89.461845816671243, "compactness": 0.69951400598462976, "dist_bin": 2 }, "geometry": { "type": "Polygon", "coordinates": [ [ [ 425711.176455398846883, 23358.02448081113107 ], [ 425722.331829371512868, 23332.06925038411282 ], [ 425739.066799887456, 23337.609433954501583 ], [ 425722.920365714118816, 23363.564878008321102 ], [ 425711.176455398846883, 23358.02448081113107 ] ] ] } },
{ "type": "Feature", "properties": { "fid": 363, "class_name": "agricultural_activity", "class_id": null, "dist_to_line": null, "risk_level": null, "area_m2": 452.58317938851542, "perimeter_m": 90.994879787410071, "compactness": 0.68686970501818212, "dist_bin": 2 }, "geometry": { "type": "Polygon", "coordinates": [ [ [ 425723.5075367820682, 23363.273226359884575 ], [ 425739.36035413359059, 23336.734542129055626 ], [ 425749.929984146961942, 23344.316374974932842 ], [ 425737.893910827348009, 23372.021400252768217 ], [ 425723.5075367820682, 23363.273226359884575 ] ] ] } },
{ "type": "Feature", "properties": { "fid": 364, "class_name": "structure", "class_id": null, "dist_to_line": null, "risk_level": null, "area_m2": 33.927703474670125, "perimeter_m": 26.202547305866446, "compactness": 0.62097955291770679, "dist_bin": 2 }, "geometry": { "type": "Polygon", "coordinates": [ [ [ 425691.796966671594419, 23301.44978530994922 ], [ 425690.035528258245904, 23304.074498812133243 ], [ 425698.256337043596432, 23309.615048532807123 ], [ 425699.724133558804169, 23305.823841923003783 ], [ 425691.796966671594419, 23301.44978530994922 ] ] ] } },
{ "type": "Feature", "properties": { "fid": 365, "class_name": "agricultural_activity", "class_id": null, "dist_to_line": null, "risk_level": null, "area_m2": 132.92627209358034, "perimeter_m": 48.729146949840583, "compactness": 0.70346593499133314, "dist_bin": 2 }, "geometry": { "type": "Polygon", "coordinates": [ [ [ 425717.340067887213081, 23315.738384979373222 ], [ 425713.817228866799269, 23321.862691022830404 ], [ 425724.093317626859061, 23330.611042691449256 ], [ 425732.607192142284475, 23323.903269801128772 ], [ 425717.340067887213081, 23315.738384979373222 ] ] ] } },
{ "type": "Feature", "properties": { "fid": 366, "class_name": "agricultural_activity", "class_id": null, "dist_to_line": null, "risk_level": null, "area_m2": 360.78150172620917, "perimeter_m": 81.41915867804525, "compactness": 0.68391307269687374, "dist_bin": 2 }, "geometry": { "type": "Polygon", "coordinates": [ [ [ 425321.568711076688487, 23095.577281833622692 ], [ 425320.981863345892634, 23103.451227069133893 ], [ 425313.055139347328804, 23109.575725993632659 ], [ 425328.909646734129637, 23122.114994983247016 ], [ 425342.12070324132219, 23108.407977158316498 ], [ 425321.568711076688487, 23095.577281833622692 ] ] ] } },
{ "type": "Feature", "properties": { "fid": 367, "class_name": "agricultural_activity", "class_id": null, "dist_to_line": null, "risk_level": null, "area_m2": 345.87390196297201, "perimeter_m": 75.106680538434233, "compactness": 0.77049623574974258, "dist_bin": 2 }, "geometry": { "type": "Polygon", "coordinates": [ [ [ 425353.866580244561192, 23159.73376563507918 ], [ 425363.848035419883672, 23143.985499681381043 ], [ 425380.583030506793875, 23149.817316488140932 ], [ 425369.13371546252165, 23167.898657850746531 ], [ 425353.866580244561192, 23159.73376563507918 ] ] ] } },
{ "type": "Feature", "properties": { "fid": 368, "class_name": "agricultural_activity", "class_id": null, "dist_to_line": null, "risk_level": null, "area_m2": 543.87110258097528, "perimeter_m": 94.584178800502713, "compactness": 0.76395689166458369, "dist_bin": 2 }, "geometry": { "type": "Polygon", "coordinates": [ [ [ 425277.529899747576565, 23095.57916351775566 ], [ 425286.630494448530953, 23077.789546272288135 ], [ 425309.237644942884799, 23090.911781717728445 ], [ 425301.60506112605799, 23109.867842158164422 ], [ 425277.529899747576565, 23095.57916351775566 ] ] ] } },
{ "type": "Feature", "properties": { "fid": 369, "class_name": "disturbance", "class_id": null, "dist_to_line": null, "risk_level": null, "area_m2": 865.41309213891327, "perimeter_m": 147.87996739505638, "compactness": 0.49729561838860215, "dist_bin": 2 }, "geometry": { "type": "Polygon", "coordinates": [ [ [ 425093.150432856287807, 23011.306907480960945 ], [ 425091.095399492885917, 23013.931636512799741 ], [ 425099.903389618499205, 23019.180542979309394 ], [ 425109.885760817211121, 23024.721025950631883 ], [ 425117.519344524189364, 23029.095101896418782 ], [ 425120.161487389123067, 23024.720587156749389 ], [ 425121.629323800094426, 23021.804256551258732 ], [ 425124.565245638776105, 23021.804131210970809 ], [ 425125.739539674250409, 23020.054320331943018 ], [ 425118.105893900501542, 23014.222110287704709 ], [ 425119.867372349253856, 23012.472274333365931 ], [ 425122.509627358638681, 23010.722400805989309 ], [ 425123.977501183224376, 23008.680950611567823 ], [ 425123.977501183224376, 23008.680950611567823 ], [ 425125.445325249340385, 23005.472993253890309 ], [ 425127.793876136420295, 23001.098491170017951 ], [ 425128.674466137599666, 22996.72405171324499 ], [ 425128.380724735674448, 22993.224542710198875 ], [ 425125.444778002449311, 22992.641414297577285 ], [ 425125.151359906536527, 22996.724201950088172 ], [ 425122.802597532805521, 22996.141048519253673 ], [ 425121.334487362473737, 22992.6415895510072 ], [ 425123.6830756754498, 22989.141967843985185 ], [ 425119.279230121173896, 22990.017035989778378 ], [ 425118.691871682647616, 22985.934285825576808 ], [ 425115.168715637875721, 22984.767928802892129 ], [ 425111.645882835960947, 22991.183868670996162 ], [ 425103.71921691740863, 22998.766503688140801 ], [ 425101.370442002778873, 22997.891723464734241 ], [ 425093.150432856287807, 23011.306907480960945 ] ] ] } },
{ "type": "Feature", "properties": { "fid": 370, "class_name": "disturbance", "class_id": null, "dist_to_line": null, "risk_level": null, "area_m2": 704.81361206052679, "perimeter_m": 123.55418948962628, "compactness": 0.58018860487798718, "dist_bin": 2 }, "geometry": { "type": "Polygon", "coordinates": [ [ [ 424870.601621861220337, 22873.668505344743608 ], [ 424871.482535436807666, 22876.876364333737001 ], [ 424874.124953431950416, 22878.917640515697713 ], [ 424875.593088955793064, 22883.000355315511115 ], [ 424879.409938382799737, 22886.499716181297117 ], [ 424883.226775372691918, 22889.707450055273512 ], [ 424881.171840151946526, 22894.665195622936153 ], [ 424888.8054768712027, 22900.205782353008544 ], [ 424892.03496766713215, 22899.622390906537476 ], [ 424892.915483827353455, 22893.498187708391924 ], [ 424895.264048626529984, 22889.415310575914191 ], [ 424898.786833824124187, 22881.832860251146485 ], [ 424901.135435942094773, 22878.624864002485992 ], [ 424898.786573217541445, 22875.708694576664129 ], [ 424886.455360176216345, 22867.83529176821321 ], [ 424888.216418104246259, 22856.17013901793689 ], [ 424881.463657857268117, 22852.962529684849869 ], [ 424870.601621861220337, 22873.668505344743608 ] ] ] } },
{ "type": "Feature", "properties": { "fid": 371, "class_name": "disturbance", "class_id": null, "dist_to_line": null, "risk_level": null, "area_m2": 666.00270124462622, "perimeter_m": 110.17531246650606, "compactness": 0.68947301455975896, "dist_bin": 2 }, "geometry": { "type": "Polygon", "coordinates": [ [ [ 423997.143683768517803, 22404.477299718146242 ], [ 423997.436858618282713, 22394.561952131785802 ], [ 424004.482916218752507, 22390.478870079539774 ], [ 424016.226705882931128, 22392.228140202507348 ], [ 424017.694633491919376, 22391.353195857220271 ], [ 424021.804749703616835, 22386.978610256548563 ], [ 424033.254884676309302, 22387.269755441702728 ], [ 424030.319385831651744, 22397.476841223207884 ], [ 424027.67729567468632, 22403.309502359865292 ], [ 424025.916021137149073, 22410.017008868173434 ], [ 424020.925052727397997, 22412.641866751921043 ], [ 424020.631656645447947, 22417.307918987262383 ], [ 423997.143683768517803, 22404.477299718146242 ] ] ] } },
{ "type": "Feature", "properties": { "fid": 372, "class_name": "disturbance", "class_id": null, "dist_to_line": null, "risk_level": null, "area_m2": 111.80723933903482, "perimeter_m": 48.622732418597138, "compactness": 0.5942936179749374, "dist_bin": 2 }, "geometry": { "type": "Polygon", "coordinates": [ [ [ 424004.482707318500616, 22385.521202511532465 ], [ 424004.776066799764521, 22379.980267553011799 ], [ 424005.656796375056729, 22378.813720434554853 ], [ 424004.482326501805801, 22376.480749852918962 ], [ 424003.307807509729173, 22372.981269230960606 ], [ 424006.830922360648401, 22372.981120878910588 ], [ 424007.711848434701096, 22376.480613844098116 ], [ 424012.115705107280519, 22375.605545881706348 ], [ 424016.225981129857246, 22375.022117805590824 ], [ 424015.932609285111539, 22380.271425156210171 ], [ 424015.345497187227011, 22382.021214880962361 ], [ 424010.648182806151453, 22386.104197760399984 ], [ 424004.482707318500616, 22385.521202511532465 ] ] ] } },
{ "type": "Feature", "properties": { "fid": 373, "class_name": "structure", "class_id": null, "dist_to_line": null, "risk_level": null, "area_m2": 110.17938624688213, "perimeter_m": 41.856329504821886, "compactness": 0.79029262733830841, "dist_bin": 2 }, "geometry": { "type": "Polygon", "coordinates": [ [ [ 423848.286568700219505, 22274.126047103472956 ], [ 423845.057143630809151, 22276.459203650421841 ], [ 423844.47008014889434, 22279.375504415413161 ], [ 423844.763734430656768, 22280.833630123113835 ], [ 423847.99336780491285, 22283.458142872470489 ], [ 423854.158906676340848, 22285.499276992693922 ], [ 423857.682047198526561, 22286.0823841325182 ], [ 423859.736953112704214, 22280.249745759771031 ], [ 423848.286568700219505, 22274.126047103472956 ] ] ] } },
{ "type": "Feature", "properties": { "fid": 374, "class_name": "structure", "class_id": null, "dist_to_line": null, "risk_level": null, "area_m2": 37.783124608547951, "perimeter_m": 25.120337004834468, "compactness": 0.75241390291857813, "dist_bin": 2 }, "geometry": { "type": "Polygon", "coordinates": [ [ [ 423529.730598215362988, 22096.538128162534122 ], [ 423527.969270849134773, 22102.079130311492918 ], [ 423535.015605555439834, 22104.411857834224065 ], [ 423536.189795294194482, 22100.037391568446765 ], [ 423529.730598215362988, 22096.538128162534122 ] ] ] } },
{ "type": "Feature", "properties": { "fid": 375, "class_name": "disturbance", "class_id": null, "dist_to_line": null, "risk_level": null, "area_m2": 124.48730112310295, "perimeter_m": 43.864031072291844, "compactness": 0.81305108657052361, "dist_bin": 2 }, "geometry": { "type": "Polygon", "coordinates": [ [ [ 423587.571205787535291, 22162.151957937272527 ], [ 423584.048075508442707, 22161.860477930855268 ], [ 423580.524749515461735, 22156.902953548822552 ], [ 423581.405345619190484, 22152.528500005744718 ], [ 423588.451557313208468, 22151.944949060198269 ], [ 423593.442751219728962, 22154.56938974437071 ], [ 423597.259535739431158, 22156.318996330643131 ], [ 423592.268720941036008, 22162.735016461403575 ], [ 423587.571205787535291, 22162.151957937272527 ] ] ] } },
{ "type": "Feature", "properties": { "fid": 376, "class_name": "agricultural_activity", "class_id": null, "dist_to_line": null, "risk_level": null, "area_m2": 825.57466464833124, "perimeter_m": 132.48194210702204, "compactness": 0.59108896123421228, "dist_bin": 2 }, "geometry": { "type": "Polygon", "coordinates": [ [ [ 423396.437711660866626, 22059.506969202400796 ], [ 423401.134594317059964, 22044.925378133033519 ], [ 423445.761797279003076, 22069.420252980347868 ], [ 423436.367484226473607, 22085.460178754881781 ], [ 423396.437711660866626, 22059.506969202400796 ] ] ] } },
{ "type": "Feature", "properties": { "fid": 377, "class_name": "disturbance", "class_id": null, "dist_to_line": null, "risk_level": null, "area_m2": 224.72833478596294, "perimeter_m": 61.145861408876968, "compactness": 0.75532448372335215, "dist_bin": 2 }, "geometry": { "type": "Polygon", "coordinates": [ [ [ 423474.24116068391595, 22088.958127200541639 ], [ 423482.167555854073726, 22074.084775509414612 ], [ 423493.324294126359746, 22078.750354206495103 ], [ 423490.97598755673971, 22089.249054524894746 ], [ 423486.865694457257632, 22089.540854404403944 ], [ 423484.8107493405696, 22094.498613661497075 ], [ 423474.24116068391595, 22088.958127200541639 ] ] ] } },
{ "type": "Feature", "properties": { "fid": 378, "class_name": "disturbance", "class_id": null, "dist_to_line": null, "risk_level": null, "area_m2": 305.82082345361778, "perimeter_m": 75.219795474912416, "compactness": 0.67922337107176201, "dist_bin": 2 }, "geometry": { "type": "Polygon", "coordinates": [ [ [ 423302.779063257272355, 22002.643441433709086 ], [ 423305.714643408486154, 21994.1861081557945 ], [ 423307.18224476033356, 21985.437208287043177 ], [ 423312.760141045146156, 21976.396508911555429 ], [ 423321.568221513356548, 21983.10358404397266 ], [ 423318.045515387842897, 21993.019081279115198 ], [ 423312.174221124092583, 22006.725840053986758 ], [ 423302.779063257272355, 22002.643441433709086 ] ] ] } },
{ "type": "Feature", "properties": { "fid": 379, "class_name": "disturbance", "class_id": null, "dist_to_line": null, "risk_level": null, "area_m2": 352.68567831488326, "perimeter_m": 85.094657979388955, "compactness": 0.61205872647200876, "dist_bin": 2 }, "geometry": { "type": "Polygon", "coordinates": [ [ [ 423070.834376794984564, 21861.796781480203208 ], [ 423079.054399954853579, 21847.506662238141871 ], [ 423103.12955216888804, 21859.170783839981596 ], [ 423106.946352482133079, 21861.212021535655367 ], [ 423095.496376427996438, 21865.295291495458514 ], [ 423089.918148646363989, 21866.462036177541449 ], [ 423070.834376794984564, 21861.796781480203208 ] ] ] } },
{ "type": "Feature", "properties": { "fid": 380, "class_name": "agricultural_activity", "class_id": null, "dist_to_line": null, "risk_level": null, "area_m2": 356.0698732705896, "perimeter_m": 82.102468356122003, "compactness": 0.66379299628290878, "dist_bin": 2 }, "geometry": { "type": "Polygon", "coordinates": [ [ [ 422978.936517680471297, 21787.727058865355502 ], [ 422971.303557687904686, 21799.100874701922294 ], [ 422992.442706728528719, 21809.015353017912275 ], [ 423001.544155463110656, 21810.181487076617486 ], [ 423002.13096664781915, 21801.14099002104922 ], [ 422978.936517680471297, 21787.727058865355502 ] ] ] } },
{ "type": "Feature", "properties": { "fid": 381, "class_name": "agricultural_activity", "class_id": null, "dist_to_line": null, "risk_level": null, "area_m2": 1190.4268505648797, "perimeter_m": 170.69156393958895, "compactness": 0.51343853770040626, "dist_bin": 2 }, "geometry": { "type": "Polygon", "coordinates": [ [ [ 422694.14472494169604, 21644.549404070934543 ], [ 422698.547990952502005, 21629.09291930573454 ], [ 422714.989482262753882, 21634.924805306978669 ], [ 422739.358124463469721, 21643.672646017355873 ], [ 422755.506093154719565, 21651.254313443940191 ], [ 422750.221623708959669, 21656.503841981630103 ], [ 422740.239328448427841, 21653.879600729080266 ], [ 422736.42280338134151, 21658.545812001455488 ], [ 422733.780592809431255, 21661.753833049209788 ], [ 422737.303814222104847, 21664.086713566503022 ], [ 422740.239908621821087, 21667.877759983206488 ], [ 422730.257903390098363, 21672.252598698582005 ], [ 422694.14472494169604, 21644.549404070934543 ] ] ] } },
{ "type": "Feature", "properties": { "fid": 382, "class_name": "agricultural_activity", "class_id": null, "dist_to_line": null, "risk_level": null, "area_m2": 916.82018498572143, "perimeter_m": 150.81965817113968, "compactness": 0.50649845626986922, "dist_bin": 2 }, "geometry": { "type": "Polygon", "coordinates": [ [ [ 422638.066563528671395, 21602.265613522686181 ], [ 422643.05727178970119, 21592.93329873548646 ], [ 422656.562875409726985, 21599.931821078153007 ], [ 422670.949163448589388, 21604.597279763504048 ], [ 422672.417011646670289, 21601.680935380150913 ], [ 422690.032999495044351, 21610.429057343069871 ], [ 422693.262603233801201, 21612.178693828314863 ], [ 422693.262977392296307, 21621.21917270396807 ], [ 422690.32724508701358, 21626.176976214988827 ], [ 422676.821726823807694, 21621.21985337300066 ], [ 422673.886139416834339, 21629.677197384957253 ], [ 422638.066563528671395, 21602.265613522686181 ] ] ] } },
{ "type": "Feature", "properties": { "fid": 383, "class_name": "structure", "class_id": null, "dist_to_line": null, "risk_level": null, "area_m2": 157.68690575844084, "perimeter_m": 51.44034189958461, "compactness": 0.74885511801463434, "dist_bin": 2 }, "geometry": { "type": "Polygon", "coordinates": [ [ [ 422628.375689743261319, 21547.148248170648003 ], [ 422624.559512314386666, 21560.271683711267542 ], [ 422638.065007830969989, 21564.645551628913381 ], [ 422639.826185119512957, 21555.313370386786119 ], [ 422628.375689743261319, 21547.148248170648003 ] ] ] } },
{ "type": "Feature", "properties": { "fid": 384, "class_name": "structure", "class_id": null, "dist_to_line": null, "risk_level": null, "area_m2": 92.530220160988392, "perimeter_m": 40.026744738405213, "compactness": 0.72575981246415722, "dist_bin": 2 }, "geometry": { "type": "Polygon", "coordinates": [ [ [ 422235.828964503365569, 21264.284716341047897 ], [ 422230.838128110801335, 21270.700751338128612 ], [ 422241.114231139770709, 21278.282675449900125 ], [ 422244.930738891009241, 21273.033203282710019 ], [ 422235.828964503365569, 21264.284716341047897 ] ] ] } },
{ "type": "Feature", "properties": { "fid": 385, "class_name": "structure", "class_id": null, "dist_to_line": null, "risk_level": null, "area_m2": 103.88225569849601, "perimeter_m": 41.106108945987387, "compactness": 0.77257116982325313, "dist_bin": 2 }, "geometry": { "type": "Polygon", "coordinates": [ [ [ 422256.087552080804016, 21278.865319237680524 ], [ 422249.335199498280417, 21286.447940822105011 ], [ 422259.317636447260156, 21292.280104567496892 ], [ 422264.602054437797051, 21285.572429188971 ], [ 422256.087552080804016, 21278.865319237680524 ] ] ] } },
{ "type": "Feature", "properties": { "fid": 386, "class_name": "structure", "class_id": null, "dist_to_line": null, "risk_level": null, "area_m2": 14.136565056582185, "perimeter_m": 15.135077343633576, "compactness": 0.7755047654688173, "dist_bin": 2 }, "geometry": { "type": "Polygon", "coordinates": [ [ [ 422227.315357762330677, 21279.449755596739124 ], [ 422229.370384790527169, 21276.241756076946331 ], [ 422232.306409147218801, 21278.28303639144724 ], [ 422231.132164349080995, 21281.490999792189541 ], [ 422227.315357762330677, 21279.449755596739124 ] ] ] } },
{ "type": "Feature", "properties": { "fid": 387, "class_name": "agricultural_activity", "class_id": null, "dist_to_line": null, "risk_level": null, "area_m2": 561.86429022840457, "perimeter_m": 94.655930806094062, "compactness": 0.78803523084668348, "dist_bin": 2 }, "geometry": { "type": "Polygon", "coordinates": [ [ [ 421975.405393559951335, 21128.396370133923483 ], [ 421987.148484624456614, 21111.773047816386679 ], [ 421997.71801965701161, 21115.272162536275573 ], [ 422007.700425500050187, 21120.229445173048589 ], [ 421995.664026666432619, 21143.851870363621856 ], [ 421975.405393559951335, 21128.396370133923483 ] ] ] } },
{ "type": "Feature", "properties": { "fid": 388, "class_name": "agricultural_activity", "class_id": null, "dist_to_line": null, "risk_level": null, "area_m2": 511.91508276050445, "perimeter_m": 93.232127693853101, "compactness": 0.74007647331902671, "dist_bin": 2 }, "geometry": { "type": "Polygon", "coordinates": [ [ [ 421868.53402132372139, 21053.45211061322334 ], [ 421876.460533220670186, 21040.328487377038982 ], [ 421903.178113080677576, 21052.57581293286421 ], [ 421891.141436165838968, 21069.490778477418644 ], [ 421868.53402132372139, 21053.45211061322334 ] ] ] } },
{ "type": "Feature", "properties": { "fid": 389, "class_name": "disturbance", "class_id": null, "dist_to_line": null, "risk_level": null, "area_m2": 273.22143961848997, "perimeter_m": 68.312120302007372, "compactness": 0.73574803115292231, "dist_bin": 2 }, "geometry": { "type": "Polygon", "coordinates": [ [ [ 421463.068060621386394, 20756.881824606356531 ], [ 421472.462545914750081, 20743.466503565035964 ], [ 421480.683276505325921, 20745.507576096770208 ], [ 421487.142486579949036, 20748.715236303749407 ], [ 421485.968131818866823, 20749.298542006567004 ], [ 421485.968273025820963, 20752.798091936718265 ], [ 421482.44534999912139, 20758.047559030062985 ], [ 421478.628726474184077, 20760.67237557185581 ], [ 421471.875980530283414, 20758.92287320088144 ], [ 421468.646604991576169, 20763.00581195731138 ], [ 421463.068060621386394, 20756.881824606356531 ] ] ] } },
{ "type": "Feature", "properties": { "fid": 390, "class_name": "structure", "class_id": null, "dist_to_line": null, "risk_level": null, "area_m2": 32.856792282080278, "perimeter_m": 23.309345113115654, "compactness": 0.75993226182570461, "dist_bin": 2 }, "geometry": { "type": "Polygon", "coordinates": [ [ [ 421513.861252097121906, 20789.833867657413066 ], [ 421517.971469752665143, 20787.209039324683545 ], [ 421521.788434566522483, 20793.041467812839983 ], [ 421517.678205191448797, 20795.374667020565539 ], [ 421513.861252097121906, 20789.833867657413066 ] ] ] } },
{ "type": "Feature", "properties": { "fid": 391, "class_name": "structure", "class_id": null, "dist_to_line": null, "risk_level": null, "area_m2": 18.645303700199293, "perimeter_m": 17.381392362545832, "compactness": 0.77555070873077503, "dist_bin": 2 }, "geometry": { "type": "Polygon", "coordinates": [ [ [ 421521.935526533343364, 20800.332190222758072 ], [ 421520.320626849832479, 20797.124335026859626 ], [ 421524.284064816369209, 20794.93695632399249 ], [ 421526.339397541829385, 20799.165495666031347 ], [ 421521.935526533343364, 20800.332190222758072 ] ] ] } },
{ "type": "Feature", "properties": { "fid": 392, "class_name": "agricultural_activity", "class_id": null, "dist_to_line": null, "risk_level": null, "area_m2": 297.57485796321998, "perimeter_m": 70.145874753259619, "compactness": 0.75997941335210228, "dist_bin": 2 }, "geometry": { "type": "Polygon", "coordinates": [ [ [ 421504.612405074760318, 20774.523711262972938 ], [ 421521.346835575881414, 20763.149499090075551 ], [ 421530.15514287725091, 20774.814308992132283 ], [ 421512.539935202745255, 20786.334371364431718 ], [ 421504.612405074760318, 20774.523711262972938 ] ] ] } },
{ "type": "Feature", "properties": { "fid": 393, "class_name": "agricultural_activity", "class_id": null, "dist_to_line": null, "risk_level": null, "area_m2": 325.67664814612363, "perimeter_m": 72.490617768913395, "compactness": 0.77881244370927816, "dist_bin": 2 }, "geometry": { "type": "Polygon", "coordinates": [ [ [ 421495.65718218870461, 20759.942615278472658 ], [ 421505.05278513621306, 20774.232064330735739 ], [ 421521.053241024375893, 20763.149510938204912 ], [ 421507.106923052982893, 20748.860245517818839 ], [ 421495.65718218870461, 20759.942615278472658 ] ] ] } },
{ "type": "Feature", "properties": { "fid": 394, "class_name": "structure", "class_id": null, "dist_to_line": null, "risk_level": null, "area_m2": 66.056356627406785, "perimeter_m": 33.162813059741332, "compactness": 0.75478238259801811, "dist_bin": 2 }, "geometry": { "type": "Polygon", "coordinates": [ [ [ 421463.946898070338648, 20708.617160412293742 ], [ 421459.983594280201942, 20714.158274509914918 ], [ 421467.617288680339698, 20719.990550485734275 ], [ 421471.874210443231277, 20715.032682977889635 ], [ 421463.946898070338648, 20708.617160412293742 ] ] ] } },
{ "type": "Feature", "properties": { "fid": 395, "class_name": "structure", "class_id": null, "dist_to_line": null, "risk_level": null, "area_m2": 46.500779621565016, "perimeter_m": 28.000942715275166, "compactness": 0.74528913848645928, "dist_bin": 2 }, "geometry": { "type": "Polygon", "coordinates": [ [ [ 421421.961648237309419, 20678.28941454309097 ], [ 421417.264275126217399, 20681.789154106620117 ], [ 421421.668388147896621, 20686.600858770070772 ], [ 421428.420900028198957, 20682.517778088513296 ], [ 421421.961648237309419, 20678.28941454309097 ] ] ] } },
{ "type": "Feature", "properties": { "fid": 396, "class_name": "structure", "class_id": null, "dist_to_line": null, "risk_level": null, "area_m2": 32.760481050834642, "perimeter_m": 23.19166818716608, "compactness": 0.76541356860791498, "dist_bin": 2 }, "geometry": { "type": "Polygon", "coordinates": [ [ [ 421408.749473542964552, 20667.937109073023748 ], [ 421404.639295370609034, 20671.582639664597082 ], [ 421408.309374941803981, 20675.227857204939937 ], [ 421413.593949166941456, 20672.019723196463019 ], [ 421408.749473542964552, 20667.937109073023748 ] ] ] } },
{ "type": "Feature", "properties": { "fid": 397, "class_name": "agricultural_activity", "class_id": null, "dist_to_line": null, "risk_level": null, "area_m2": 1006.7818330946138, "perimeter_m": 129.3293876727389, "compactness": 0.75639873110309241, "dist_bin": 2 }, "geometry": { "type": "Polygon", "coordinates": [ [ [ 420183.545043387566693, 19854.776588899665512 ], [ 420184.425280555500649, 19840.778312618644122 ], [ 420193.81999208254274, 19832.029043214846752 ], [ 420231.69467292871559, 19854.19143969590732 ], [ 420205.565343125083018, 19871.107005995258078 ], [ 420183.545043387566693, 19854.776588899665512 ] ] ] } },
{ "type": "Feature", "properties": { "fid": 398, "class_name": "agricultural_activity", "class_id": null, "dist_to_line": null, "risk_level": null, "area_m2": 1450.3280616097036, "perimeter_m": 153.60120008033061, "compactness": 0.7724793814603198, "dist_bin": 2 }, "geometry": { "type": "Polygon", "coordinates": [ [ [ 420077.260583057475742, 19780.998347240431031 ], [ 420094.874968518735841, 19746.585305889802839 ], [ 420124.528890465211589, 19766.414992996338697 ], [ 420108.382598860829603, 19803.744275780300086 ], [ 420077.260583057475742, 19780.998347240431031 ] ] ] } },
{ "type": "Feature", "properties": { "fid": 399, "class_name": "structure", "class_id": null, "dist_to_line": null, "risk_level": null, "area_m2": 26.688181027268001, "perimeter_m": 20.955368870220724, "compactness": 0.76372713086619604, "dist_bin": 2 }, "geometry": { "type": "Polygon", "coordinates": [ [ [ 420052.597918745363131, 19764.66802615276174 ], [ 420054.652950618241448, 19761.168384257412981 ], [ 420060.231322971172631, 19762.626316607067565 ], [ 420057.882741232286207, 19767.292490431635088 ], [ 420052.597918745363131, 19764.66802615276174 ] ] ] } },
{ "type": "Feature", "properties": { "fid": 400, "class_name": "structure", "class_id": null, "dist_to_line": null, "risk_level": null, "area_m2": 71.196964673770708, "perimeter_m": 34.050940052595578, "compactness": 0.77163715420791112, "dist_bin": 2 }, "geometry": { "type": "Polygon", "coordinates": [ [ [ 419867.334067928488366, 19636.066348732500046 ], [ 419872.03136003552936, 19629.941930506818608 ], [ 419879.665063226711936, 19635.482607758556696 ], [ 419875.554951213067397, 19641.315372779812606 ], [ 419867.334067928488366, 19636.066348732500046 ] ] ] } },
{ "type": "Feature", "properties": { "fid": 401, "class_name": "structure", "class_id": null, "dist_to_line": null, "risk_level": null, "area_m2": 37.140707032755017, "perimeter_m": 26.762179236499342, "compactness": 0.65165402336995881, "dist_bin": 2 }, "geometry": { "type": "Polygon", "coordinates": [ [ [ 419845.607385571172927, 19620.610791591327143 ], [ 419848.543228844879195, 19617.694374622504256 ], [ 419855.589741008065175, 19623.235075134056387 ], [ 419853.534696207789239, 19626.443088022340817 ], [ 419845.607385571172927, 19620.610791591327143 ] ] ] } },
{ "type": "Feature", "properties": { "fid": 402, "class_name": "structure", "class_id": null, "dist_to_line": null, "risk_level": null, "area_m2": 17.13527477059688, "perimeter_m": 16.309926487891325, "compactness": 0.80946286486205521, "dist_bin": 2 }, "geometry": { "type": "Polygon", "coordinates": [ [ [ 419867.333795227925293, 19629.067222754016257 ], [ 419868.801682707795408, 19626.734123577967694 ], [ 419872.031280517287087, 19627.900518778555124 ], [ 419873.205754070077091, 19630.233515005609661 ], [ 419871.150652555399574, 19631.983376547545049 ], [ 419867.333795227925293, 19629.067222754016257 ] ] ] } },
{ "type": "Feature", "properties": { "fid": 403, "class_name": "structure", "class_id": null, "dist_to_line": null, "risk_level": null, "area_m2": 183.09022041602293, "perimeter_m": 55.771981988950863, "compactness": 0.73967826028825689, "dist_bin": 2 }, "geometry": { "type": "Polygon", "coordinates": [ [ [ 419672.381191732070874, 19499.590941215374187 ], [ 419683.53745897411136, 19489.966706084756879 ], [ 419694.107382553629577, 19502.214771834223939 ], [ 419684.125306591391563, 19506.881245010372368 ], [ 419672.381191732070874, 19499.590941215374187 ] ] ] } },
{ "type": "Feature", "properties": { "fid": 404, "class_name": "structure", "class_id": null, "dist_to_line": null, "risk_level": null, "area_m2": 87.646853976970306, "perimeter_m": 36.935953889995844, "compactness": 0.80732343109154192, "dist_bin": 2 }, "geometry": { "type": "Polygon", "coordinates": [ [ [ 419647.424880392965861, 19482.385716072400101 ], [ 419654.470908763119951, 19475.386313445302221 ], [ 419658.581363214179873, 19478.302458079837379 ], [ 419659.755904723657295, 19482.385238033548376 ], [ 419655.939396579517052, 19488.509624224538129 ], [ 419647.424880392965861, 19482.385716072400101 ] ] ] } },
{ "type": "Feature", "properties": { "fid": 405, "class_name": "agricultural_activity", "class_id": null, "dist_to_line": null, "risk_level": null, "area_m2": 400.8794496178416, "perimeter_m": 85.52876834522408, "compactness": 0.68865106180150026, "dist_bin": 2 }, "geometry": { "type": "Polygon", "coordinates": [ [ [ 419684.418291594018228, 19491.133193438290618 ], [ 419677.371698452509008, 19483.551076768286293 ], [ 419676.490843226085417, 19481.801328622597794 ], [ 419682.655925749335438, 19470.719135327839467 ], [ 419700.27232880552765, 19487.633014447357709 ], [ 419704.383008963661268, 19496.381766047885321 ], [ 419694.694574134307913, 19502.214749058872258 ], [ 419684.418291594018228, 19491.133193438290618 ] ] ] } },
{ "type": "Feature", "properties": { "fid": 406, "class_name": "agricultural_activity", "class_id": null, "dist_to_line": null, "risk_level": null, "area_m2": 598.02061643546131, "perimeter_m": 96.253989358943954, "compactness": 0.81112641267507923, "dist_bin": 2 }, "geometry": { "type": "Polygon", "coordinates": [ [ [ 419589.290678756020498, 19424.936774935395079 ], [ 419572.848430542391725, 19402.190235889887845 ], [ 419590.170327802596148, 19395.482066350567038 ], [ 419606.024864825536497, 19404.813627901137806 ], [ 419606.318945331790019, 19417.353725100481824 ], [ 419589.290678756020498, 19424.936774935395079 ] ] ] } },
{ "type": "Feature", "properties": { "fid": 407, "class_name": "agricultural_activity", "class_id": null, "dist_to_line": null, "risk_level": null, "area_m2": 1020.9617502610781, "perimeter_m": 139.764325519642, "compactness": 0.65679020870615634, "dist_bin": 2 }, "geometry": { "type": "Polygon", "coordinates": [ [ [ 419465.096951506915502, 19356.116781017703033 ], [ 419482.124908458732534, 19340.368076026392373 ], [ 419520.587111116270535, 19369.821272429664532 ], [ 419504.439831406692974, 19382.65363769913165 ], [ 419465.096951506915502, 19356.116781017703033 ] ] ] } },
{ "type": "Feature", "properties": { "fid": 408, "class_name": "agricultural_activity", "class_id": null, "dist_to_line": null, "risk_level": null, "area_m2": 1052.0194615013606, "perimeter_m": 148.0871409494525, "compactness": 0.60283566901053043, "dist_bin": 2 }, "geometry": { "type": "Polygon", "coordinates": [ [ [ 419481.831323768303264, 19340.659717862741672 ], [ 419491.225797884457279, 19325.202938569367689 ], [ 419539.376787705288734, 19357.863697541979491 ], [ 419521.174336715310346, 19370.696141219028505 ], [ 419481.831323768303264, 19340.659717862741672 ] ] ] } },
{ "type": "Feature", "properties": { "fid": 409, "class_name": "structure", "class_id": null, "dist_to_line": null, "risk_level": null, "area_m2": 270.05178658964633, "perimeter_m": 83.650644591071611, "compactness": 0.48497386472188542, "dist_bin": 2 }, "geometry": { "type": "Polygon", "coordinates": [ [ [ 419366.152430048619863, 19286.712524324007973 ], [ 419377.308416113781277, 19269.505890274325793 ], [ 419381.125197878980543, 19270.380635171735776 ], [ 419378.483002145367209, 19274.755195581092266 ], [ 419378.776732846570667, 19278.25475126695892 ], [ 419378.776732846570667, 19278.25475126695892 ], [ 419380.831994698033668, 19280.587716803798685 ], [ 419386.116700316779315, 19280.004252215836459 ], [ 419389.052559313247912, 19277.379464024303161 ], [ 419389.052559313247912, 19277.379464024303161 ], [ 419380.832601180067286, 19296.33576808279031 ], [ 419366.152430048619863, 19286.712524324007973 ] ] ] } },
{ "type": "Feature", "properties": { "fid": 410, "class_name": "structure", "class_id": null, "dist_to_line": null, "risk_level": null, "area_m2": 39.967997295767418, "perimeter_m": 26.613204722073824, "compactness": 0.70913333589554872, "dist_bin": 2 }, "geometry": { "type": "Polygon", "coordinates": [ [ [ 419237.259254848468117, 19169.481962630412454 ], [ 419241.369745674426667, 19173.273003830170637 ], [ 419246.947825610695872, 19166.856915104413929 ], [ 419244.305360098020174, 19164.232340313221357 ], [ 419237.259254848468117, 19169.481962630412454 ] ] ] } },
{ "type": "Feature", "properties": { "fid": 411, "class_name": "structure", "class_id": null, "dist_to_line": null, "risk_level": null, "area_m2": 99.191794328170545, "perimeter_m": 38.798405421320865, "compactness": 0.82805246968535773, "dist_bin": 2 }, "geometry": { "type": "Polygon", "coordinates": [ [ [ 419087.081070024811197, 19071.499786074517033 ], [ 419091.191093782428652, 19063.042336418784544 ], [ 419099.705450514156837, 19064.791795848610491 ], [ 419099.412026998761576, 19069.312084054839943 ], [ 419094.127529409248382, 19075.436532270854514 ], [ 419087.081070024811197, 19071.499786074517033 ] ] ] } },
{ "type": "Feature", "properties": { "fid": 412, "class_name": "structure", "class_id": null, "dist_to_line": null, "risk_level": null, "area_m2": 18.870233492903935, "perimeter_m": 17.45743109066693, "compactness": 0.7780839646598583, "dist_bin": 2 }, "geometry": { "type": "Polygon", "coordinates": [ [ [ 419073.282159579219297, 19074.416621359265264 ], [ 419075.19038448180072, 19070.479532778543216 ], [ 419079.300787195446901, 19071.937529606475437 ], [ 419076.952173570287414, 19076.020450383257412 ], [ 419073.282159579219297, 19074.416621359265264 ] ] ] } },
{ "type": "Feature", "properties": { "fid": 413, "class_name": "structure", "class_id": null, "dist_to_line": null, "risk_level": null, "area_m2": 9.1887790834025509, "perimeter_m": 12.190743140784321, "compactness": 0.77697547890954388, "dist_bin": 2 }, "geometry": { "type": "Polygon", "coordinates": [ [ [ 419077.832934334292077, 19075.291339747338498 ], [ 419079.154016956395935, 19072.666612179262302 ], [ 419081.649618189781904, 19073.541409141806071 ], [ 419081.062542825588025, 19076.603554811008507 ], [ 419077.832934334292077, 19075.291339747338498 ] ] ] } },
{ "type": "Feature", "properties": { "fid": 414, "class_name": "structure", "class_id": null, "dist_to_line": null, "risk_level": null, "area_m2": 4.819284181779949, "perimeter_m": 9.436186846993099, "compactness": 0.6801415969310064, "dist_bin": 2 }, "geometry": { "type": "Polygon", "coordinates": [ [ [ 419081.502937139885034, 19076.603537974704523 ], [ 419082.824014175450429, 19073.832995035158092 ], [ 419084.145219410129357, 19074.416206098154362 ], [ 419082.824153529189061, 19077.478379812280764 ], [ 419081.502937139885034, 19076.603537974704523 ] ] ] } },
{ "type": "Feature", "properties": { "fid": 415, "class_name": "agricultural_activity", "class_id": null, "dist_to_line": null, "risk_level": null, "area_m2": 303.97967712232094, "perimeter_m": 72.102888129249322, "compactness": 0.73476606675780542, "dist_bin": 2 }, "geometry": { "type": "Polygon", "coordinates": [ [ [ 418969.639410378644243, 18988.681114799725037 ], [ 418969.051251611497719, 18963.309252162551275 ], [ 418972.574429293163121, 18963.892379812892614 ], [ 418984.905750760051887, 18971.18268193984477 ], [ 418981.08964324608678, 18988.097416795928439 ], [ 418969.639410378644243, 18988.681114799725037 ] ] ] } },
{ "type": "Feature", "properties": { "fid": 416, "class_name": "agricultural_activity", "class_id": null, "dist_to_line": null, "risk_level": null, "area_m2": 279.39053361809056, "perimeter_m": 71.653235941380245, "compactness": 0.6838328102156005, "dist_bin": 2 }, "geometry": { "type": "Polygon", "coordinates": [ [ [ 418985.199380343663506, 18972.057563324469811 ], [ 418981.676824696885888, 18987.805763570868294 ], [ 419003.109597145230509, 18994.220825607771985 ], [ 419005.458056227187626, 18986.055072624723834 ], [ 418985.199380343663506, 18972.057563324469811 ] ] ] } },
{ "type": "Feature", "properties": { "fid": 417, "class_name": "agricultural_activity", "class_id": null, "dist_to_line": null, "risk_level": null, "area_m2": 1092.8875522663584, "perimeter_m": 134.21864631492116, "compactness": 0.76235918095590904, "dist_bin": 2 }, "geometry": { "type": "Polygon", "coordinates": [ [ [ 418770.576600792701356, 18870.869791666358651 ], [ 418793.475926778628491, 18839.372776428597717 ], [ 418817.551384522754233, 18853.953412811413727 ], [ 418794.652060369495302, 18885.450426726485603 ], [ 418770.576600792701356, 18870.869791666358651 ] ] ] } },
{ "type": "Feature", "properties": { "fid": 418, "class_name": "agricultural_activity", "class_id": null, "dist_to_line": null, "risk_level": null, "area_m2": 935.58574868255528, "perimeter_m": 126.51027961670161, "compactness": 0.73458461878859471, "dist_bin": 2 }, "geometry": { "type": "Polygon", "coordinates": [ [ [ 418795.239275332423858, 18886.033666376828478 ], [ 418816.96419173059985, 18853.953435070208798 ], [ 418836.3421063371934, 18868.53424838583669 ], [ 418812.855635399639141, 18901.197807539214409 ], [ 418795.239275332423858, 18886.033666376828478 ] ] ] } },
{ "type": "Feature", "properties": { "fid": 419, "class_name": "agricultural_activity", "class_id": null, "dist_to_line": null, "risk_level": null, "area_m2": 1042.3385407191236, "perimeter_m": 131.17296872596191, "compactness": 0.76125466125189178, "dist_bin": 2 }, "geometry": { "type": "Polygon", "coordinates": [ [ [ 418749.437104514683597, 18856.289043963930453 ], [ 418770.574831594247371, 18824.208832333868486 ], [ 418794.650356624799315, 18840.53925586360856 ], [ 418770.57657865062356, 18870.286529680899548 ], [ 418749.437104514683597, 18856.289043963930453 ] ] ] } },
{ "type": "Feature", "properties": { "fid": 420, "class_name": "structure", "class_id": null, "dist_to_line": null, "risk_level": null, "area_m2": 52.862345209683554, "perimeter_m": 31.336615175770742, "compactness": 0.67647557705061101, "dist_bin": 2 }, "geometry": { "type": "Polygon", "coordinates": [ [ [ 418152.539481926825829, 18440.737049430616025 ], [ 418151.95213563402649, 18436.654231577529572 ], [ 418158.704743202717509, 18433.446033705484297 ], [ 418159.292372864612844, 18445.111268168300739 ], [ 418152.539481926825829, 18440.737049430616025 ] ] ] } },
{ "type": "Feature", "properties": { "fid": 421, "class_name": "structure", "class_id": null, "dist_to_line": null, "risk_level": null, "area_m2": 274.37870144054978, "perimeter_m": 64.23981717345734, "compactness": 0.83551003008225189, "dist_bin": 2 }, "geometry": { "type": "Polygon", "coordinates": [ [ [ 417671.907757468754426, 18079.423363611826062 ], [ 417671.026471588411368, 18066.008335709258972 ], [ 417685.999895486340392, 18065.13288898393148 ], [ 417692.752856010978576, 18071.25690674175712 ], [ 417690.991520124836825, 18077.964501540242054 ], [ 417686.881245717173442, 18080.297706911078421 ], [ 417671.907757468754426, 18079.423363611826062 ] ] ] } },
{ "type": "Feature", "properties": { "fid": 422, "class_name": "structure", "class_id": null, "dist_to_line": null, "risk_level": null, "area_m2": 115.74883880335256, "perimeter_m": 43.209299758704148, "compactness": 0.77906205177741206, "dist_bin": 2 }, "geometry": { "type": "Polygon", "coordinates": [ [ [ 417440.252769653161522, 17895.703820607024682 ], [ 417435.555596420483198, 17906.202741238372255 ], [ 417443.482895532157272, 17910.868561465951643 ], [ 417449.941716683271807, 17902.119367935185437 ], [ 417440.252769653161522, 17895.703820607024682 ] ] ] } },
{ "type": "Feature", "properties": { "fid": 423, "class_name": "structure", "class_id": null, "dist_to_line": null, "risk_level": null, "area_m2": 42.000211800084799, "perimeter_m": 27.224920630321279, "compactness": 0.71207887167293171, "dist_bin": 2 }, "geometry": { "type": "Polygon", "coordinates": [ [ [ 416206.231826567498501, 17076.11560714821826 ], [ 416208.874334333464503, 17079.615106499411922 ], [ 416215.92052813823102, 17075.021641037012159 ], [ 416213.498180353664793, 17070.428511095702561 ], [ 416206.231826567498501, 17076.11560714821826 ] ] ] } },
{ "type": "Feature", "properties": { "fid": 424, "class_name": "structure", "class_id": null, "dist_to_line": null, "risk_level": null, "area_m2": 59.229268266513827, "perimeter_m": 33.364832545883836, "compactness": 0.66860301746598205, "dist_bin": 2 }, "geometry": { "type": "Polygon", "coordinates": [ [ [ 416132.903480485081673, 17014.219145158494939 ], [ 416136.6467344625853, 17010.719419266195473 ], [ 416143.693401448312216, 17019.468154206981126 ], [ 416140.170361738651991, 17023.405321503018058 ], [ 416132.903480485081673, 17014.219145158494939 ] ] ] } },
{ "type": "Feature", "properties": { "fid": 425, "class_name": "structure", "class_id": null, "dist_to_line": null, "risk_level": null, "area_m2": 40.506213768327143, "perimeter_m": 26.946032560410845, "compactness": 0.70103847492039317, "dist_bin": 2 }, "geometry": { "type": "Polygon", "coordinates": [ [ [ 416169.456800872110762, 17023.841735425081424 ], [ 416170.998346171516459, 17028.216172619413555 ], [ 416170.998346171516459, 17028.216172619413555 ], [ 416178.484946155222133, 17023.841416353516252 ], [ 416176.943393204768654, 17019.24825461880755 ], [ 416169.456800872110762, 17023.841735425081424 ] ] ] } },
{ "type": "Feature", "properties": { "fid": 426, "class_name": "structure", "class_id": null, "dist_to_line": null, "risk_level": null, "area_m2": 169.18160862249351, "perimeter_m": 59.36428628210065, "compactness": 0.60327108854605738, "dist_bin": 2 }, "geometry": { "type": "Polygon", "coordinates": [ [ [ 416069.703821730741765, 16939.636279102734989 ], [ 416065.740290950867347, 16940.948766502096987 ], [ 416069.04374950134661, 16954.509577686607372 ], [ 416087.980754269170575, 16952.102939473836159 ], [ 416069.703821730741765, 16939.636279102734989 ] ] ] } },
{ "type": "Feature", "properties": { "fid": 427, "class_name": "structure", "class_id": null, "dist_to_line": null, "risk_level": null, "area_m2": 39.711063968745293, "perimeter_m": 25.599356578421169, "compactness": 0.76148839242460753, "dist_bin": 2 }, "geometry": { "type": "Polygon", "coordinates": [ [ [ 416049.446772785391659, 16974.63293571700342 ], [ 416055.171800730924588, 16970.695690131171432 ], [ 416058.474797023169231, 16971.133022878970223 ], [ 416058.474889632198028, 16973.757718554381427 ], [ 416054.731681156961713, 16978.569792749465705 ], [ 416049.446772785391659, 16974.63293571700342 ] ] ] } },
{ "type": "Feature", "properties": { "fid": 428, "class_name": "structure", "class_id": null, "dist_to_line": null, "risk_level": null, "area_m2": 64.096743702903041, "perimeter_m": 33.954344963415529, "compactness": 0.69864268703410415, "dist_bin": 2 }, "geometry": { "type": "Polygon", "coordinates": [ [ [ 415126.570720278949011, 16337.738210331530354 ], [ 415129.653674470609985, 16342.550057119298799 ], [ 415139.342199170670938, 16335.550520609154773 ], [ 415134.938079916173592, 16331.613619671426932 ], [ 415126.570720278949011, 16337.738210331530354 ] ] ] } },
{ "type": "Feature", "properties": { "fid": 429, "class_name": "structure", "class_id": null, "dist_to_line": null, "risk_level": null, "area_m2": 25.831493739133293, "perimeter_m": 21.083958634537339, "compactness": 0.7302222697438927, "dist_bin": 2 }, "geometry": { "type": "Polygon", "coordinates": [ [ [ 415040.691593991592526, 16296.183379902517117 ], [ 415042.89340655610431, 16290.933900451267618 ], [ 415046.416594584763516, 16290.93377969078756 ], [ 415045.095639030972961, 16297.933030205958858 ], [ 415040.691593991592526, 16296.183379902517117 ] ] ] } },
{ "type": "Feature", "properties": { "fid": 430, "class_name": "structure", "class_id": null, "dist_to_line": null, "risk_level": null, "area_m2": 138.74781662487658, "perimeter_m": 47.255939769370045, "compactness": 0.78077017122316072, "dist_bin": 2 }, "geometry": { "type": "Polygon", "coordinates": [ [ [ 414823.570117912255228, 16151.175978907331228 ], [ 414831.276790263073053, 16142.207980074135776 ], [ 414839.424486948817503, 16151.612889336482112 ], [ 414831.497585725737736, 16159.705994521873436 ], [ 414823.570117912255228, 16151.175978907331228 ] ] ] } },
{ "type": "Feature", "properties": { "fid": 431, "class_name": "structure", "class_id": null, "dist_to_line": null, "risk_level": null, "area_m2": 57.036471149345743, "perimeter_m": 31.064172554247975, "compactness": 0.74275046431634451, "dist_bin": 2 }, "geometry": { "type": "Polygon", "coordinates": [ [ [ 414862.325115485757124, 16148.54995568861159 ], [ 414866.729251403652597, 16152.924310901686113 ], [ 414873.555200241564307, 16146.143595527595608 ], [ 414869.371278681850526, 16142.206683312148016 ], [ 414862.325115485757124, 16148.54995568861159 ] ] ] } },
{ "type": "Feature", "properties": { "fid": 432, "class_name": "structure", "class_id": null, "dist_to_line": null, "risk_level": null, "area_m2": 125.71156482634251, "perimeter_m": 46.935368296914845, "compactness": 0.71710811359422866, "dist_bin": 2 }, "geometry": { "type": "Polygon", "coordinates": [ [ [ 414888.969735001854133, 16163.203640193014508 ], [ 414882.584177854587324, 16169.765615243775756 ], [ 414894.034878824895713, 16179.607860928417722 ], [ 414899.319483773957472, 16174.358274933238135 ], [ 414888.969735001854133, 16163.203640193014508 ] ] ] } },
{ "type": "Feature", "properties": { "fid": 433, "class_name": "structure", "class_id": null, "dist_to_line": null, "risk_level": null, "area_m2": 25.614593707547101, "perimeter_m": 27.028573603581947, "compactness": 0.44060668451533508, "dist_bin": 2 }, "geometry": { "type": "Polygon", "coordinates": [ [ [ 414893.373565227608196, 16158.610260012043 ], [ 414892.713019374583382, 16160.141359228297006 ], [ 414900.860647991299629, 16167.577739930762618 ], [ 414902.622160649101716, 16165.171702264902706 ], [ 414893.373565227608196, 16158.610260012043 ] ] ] } },
{ "type": "Feature", "properties": { "fid": 434, "class_name": "structure", "class_id": null, "dist_to_line": null, "risk_level": null, "area_m2": 63.301586062378647, "perimeter_m": 31.72462478499223, "compactness": 0.79037185576959978, "dist_bin": 2 }, "geometry": { "type": "Polygon", "coordinates": [ [ [ 414319.963135703117587, 15834.041176637663739 ], [ 414324.367084173427429, 15832.72867545607005 ], [ 414325.467810506699607, 15824.635793636962262 ], [ 414317.980986400216352, 15823.542417329834279 ], [ 414318.201494576060213, 15832.728882591876754 ], [ 414319.963135703117587, 15834.041176637663739 ] ] ] } },
{ "type": "Feature", "properties": { "fid": 435, "class_name": "structure", "class_id": null, "dist_to_line": null, "risk_level": null, "area_m2": 36.24117840397048, "perimeter_m": 26.788639576695537, "compactness": 0.63461576467742054, "dist_bin": 2 }, "geometry": { "type": "Polygon", "coordinates": [ [ [ 414274.158977535553277, 15755.520238919518306 ], [ 414273.278405765129719, 15762.300760932135745 ], [ 414281.646029250754509, 15763.394108736087219 ], [ 414281.645963380346075, 15761.425578678625243 ], [ 414274.158977535553277, 15755.520238919518306 ] ] ] } },
{ "type": "Feature", "properties": { "fid": 436, "class_name": "structure", "class_id": null, "dist_to_line": null, "risk_level": null, "area_m2": 447.66549520553235, "perimeter_m": 85.034174858304254, "compactness": 0.7779944195209838, "dist_bin": 2 }, "geometry": { "type": "Polygon", "coordinates": [ [ [ 414230.779826119949576, 15760.989829973939777 ], [ 414233.861904484045226, 15739.554619422986434 ], [ 414253.90007469500415, 15739.553949588658725 ], [ 414250.597855196392629, 15762.738971184786351 ], [ 414230.779826119949576, 15760.989829973939777 ] ] ] } },
{ "type": "Feature", "properties": { "fid": 437, "class_name": "structure", "class_id": null, "dist_to_line": null, "risk_level": null, "area_m2": 62.072703807987637, "perimeter_m": 36.108862630815068, "compactness": 0.59825027781013407, "dist_bin": 2 }, "geometry": { "type": "Polygon", "coordinates": [ [ [ 414223.07315968722105, 15770.614013914280804 ], [ 414223.293293421214912, 15768.645476241230426 ], [ 414233.642685581929982, 15768.863855164825509 ], [ 414234.744006395165343, 15778.487743930127181 ], [ 414223.07315968722105, 15770.614013914280804 ] ] ] } },
{ "type": "Feature", "properties": { "fid": 438, "class_name": "structure", "class_id": null, "dist_to_line": null, "risk_level": null, "area_m2": 172.91677834806251, "perimeter_m": 56.6635036765243, "compactness": 0.67676852120874098, "dist_bin": 2 }, "geometry": { "type": "Polygon", "coordinates": [ [ [ 414096.895149926829617, 15663.661400477323696 ], [ 414098.656063227157574, 15643.101130096723864 ], [ 414110.987474669120274, 15649.881214933320734 ], [ 414110.987664013460744, 15655.568081845491179 ], [ 414096.895149926829617, 15663.661400477323696 ] ] ] } },
{ "type": "Feature", "properties": { "fid": 439, "class_name": "structure", "class_id": null, "dist_to_line": null, "risk_level": null, "area_m2": 98.795819479795682, "perimeter_m": 42.188361199698072, "compactness": 0.6975303691577307, "dist_bin": 2 }, "geometry": { "type": "Polygon", "coordinates": [ [ [ 414083.243290493905079, 15679.410103111966237 ], [ 414083.683536780998111, 15674.816849535392976 ], [ 414095.574330595380161, 15675.035178629863367 ], [ 414094.914125388313551, 15686.846386061484736 ], [ 414083.243290493905079, 15679.410103111966237 ] ] ] } },
{ "type": "Feature", "properties": { "fid": 440, "class_name": "structure", "class_id": null, "dist_to_line": null, "risk_level": null, "area_m2": 53.205168259230504, "perimeter_m": 32.702052393924518, "compactness": 0.62519236398853173, "dist_bin": 2 }, "geometry": { "type": "Polygon", "coordinates": [ [ [ 414095.794946274254471, 15687.502533629933168 ], [ 414096.014883289695717, 15679.628402706124689 ], [ 414100.859241220750846, 15678.534612846226082 ], [ 414101.079878867953084, 15691.658144643752166 ], [ 414095.794946274254471, 15687.502533629933168 ] ] ] } },
{ "type": "Feature", "properties": { "fid": 441, "class_name": "structure", "class_id": null, "dist_to_line": null, "risk_level": null, "area_m2": 81.711364617513937, "perimeter_m": 36.402267875762718, "compactness": 0.77488177240995881, "dist_bin": 2 }, "geometry": { "type": "Polygon", "coordinates": [ [ [ 414034.797120160132181, 15612.700385402678876 ], [ 414035.237185398756992, 15602.638989047598443 ], [ 414038.099797087488696, 15603.076345337265593 ], [ 414044.705899447668344, 15606.357011190542835 ], [ 414044.926295456942171, 15612.262597365808688 ], [ 414034.797120160132181, 15612.700385402678876 ] ] ] } },
{ "type": "Feature", "properties": { "fid": 442, "class_name": "structure", "class_id": null, "dist_to_line": null, "risk_level": null, "area_m2": 56.62687033540351, "perimeter_m": 37.272516224382322, "compactness": 0.51221819183693729, "dist_bin": 2 }, "geometry": { "type": "Polygon", "coordinates": [ [ [ 413977.543553687282838, 15563.926453944264722 ], [ 413977.103429729409982, 15572.238045901867736 ], [ 413990.755796102224849, 15571.581415874250524 ], [ 413977.543553687282838, 15563.926453944264722 ] ] ] } },
{ "type": "Feature", "properties": { "fid": 443, "class_name": "structure", "class_id": null, "dist_to_line": null, "risk_level": null, "area_m2": 46.409936289386224, "perimeter_m": 27.323461168472988, "compactness": 0.78117693481483208, "dist_bin": 2 }, "geometry": { "type": "Polygon", "coordinates": [ [ [ 413958.387077168910764, 15591.267805201989177 ], [ 413958.607029976323247, 15583.8311231727821 ], [ 413965.213053569605108, 15584.705806710351681 ], [ 413964.552686594193801, 15591.705051816010382 ], [ 413958.387077168910764, 15591.267805201989177 ] ] ] } },
{ "type": "Feature", "properties": { "fid": 444, "class_name": "structure", "class_id": null, "dist_to_line": null, "risk_level": null, "area_m2": 299.35134640066599, "perimeter_m": 86.148637177242321, "compactness": 0.50686727977572521, "dist_bin": 2 }, "geometry": { "type": "Polygon", "coordinates": [ [ [ 413937.466308917733841, 15537.461968574270941 ], [ 413937.687161073030438, 15557.147277879017565 ], [ 413968.074715108959936, 15556.490093276179323 ], [ 413937.466308917733841, 15537.461968574270941 ] ] ] } },
{ "type": "Feature", "properties": { "fid": 445, "class_name": "structure", "class_id": null, "dist_to_line": null, "risk_level": null, "area_m2": 361.83367547019952, "perimeter_m": 87.725130750421144, "compactness": 0.59084123789466947, "dist_bin": 2 }, "geometry": { "type": "Polygon", "coordinates": [ [ [ 413904.656119720719289, 15524.995687197675579 ], [ 413905.317791958339512, 15557.367077154292929 ], [ 413916.547984012344386, 15557.366704657228183 ], [ 413915.445883282925934, 15524.120427040470531 ], [ 413904.656119720719289, 15524.995687197675579 ] ] ] } },
{ "type": "Feature", "properties": { "fid": 446, "class_name": "structure", "class_id": null, "dist_to_line": null, "risk_level": null, "area_m2": 168.09747425163368, "perimeter_m": 60.346496744646174, "compactness": 0.58005199565505028, "dist_bin": 2 }, "geometry": { "type": "Polygon", "coordinates": [ [ [ 413544.622760530677624, 15329.247919420235121 ], [ 413555.412361209862866, 15323.123239069302144 ], [ 413566.202729707059916, 15340.402233708244239 ], [ 413564.22102286334848, 15343.245735894934114 ], [ 413544.622760530677624, 15329.247919420235121 ] ] ] } },
{ "type": "Feature", "properties": { "fid": 447, "class_name": "structure", "class_id": null, "dist_to_line": null, "risk_level": null, "area_m2": 56.578719602272031, "perimeter_m": 30.328519919858579, "compactness": 0.77296627515087912, "dist_bin": 2 }, "geometry": { "type": "Polygon", "coordinates": [ [ [ 413561.137820344301872, 15330.997184888192351 ], [ 413567.743677593942266, 15326.622449474873065 ], [ 413570.826750681502745, 15334.933933648080711 ], [ 413563.780407339800149, 15336.683972406581233 ], [ 413561.137820344301872, 15330.997184888192351 ] ] ] } },
{ "type": "Feature", "properties": { "fid": 448, "class_name": "structure", "class_id": null, "dist_to_line": null, "risk_level": null, "area_m2": 23.927851872687825, "perimeter_m": 19.306660058870079, "compactness": 0.80667625954324651, "dist_bin": 2 }, "geometry": { "type": "Polygon", "coordinates": [ [ [ 413569.945771131955553, 15329.465814321762082 ], [ 413571.707507697574329, 15333.621549165567558 ], [ 413575.891257862851489, 15332.090330365539558 ], [ 413575.230514264490921, 15327.715833499285509 ], [ 413574.569899848895147, 15327.278403316213371 ], [ 413569.945771131955553, 15329.465814321762082 ] ] ] } },
{ "type": "Feature", "properties": { "fid": 449, "class_name": "disturbance", "class_id": null, "dist_to_line": null, "risk_level": null, "area_m2": 60.024496132683453, "perimeter_m": 35.596162688280181, "compactness": 0.595294707084287, "dist_bin": 2 }, "geometry": { "type": "Polygon", "coordinates": [ [ [ 413581.616616292740218, 15336.902112817810121 ], [ 413580.735658294404857, 15332.090171395417201 ], [ 413583.818422658892814, 15330.996440621865986 ], [ 413584.038450467924122, 15325.747011239272979 ], [ 413587.121222009067424, 15324.872006438654353 ], [ 413588.002273202640936, 15332.527384799075662 ], [ 413588.663009626674466, 15336.683155613882263 ], [ 413581.616616292740218, 15336.902112817810121 ] ] ] } },
{ "type": "Feature", "properties": { "fid": 450, "class_name": "structure", "class_id": null, "dist_to_line": null, "risk_level": null, "area_m2": 163.157698588926, "perimeter_m": 57.246149312664173, "compactness": 0.62564053225620997, "dist_bin": 2 }, "geometry": { "type": "Polygon", "coordinates": [ [ [ 413437.161777993023861, 15226.887682377147939 ], [ 413428.35322458378505, 15210.046067517454503 ], [ 413431.656176155549474, 15208.514877776551657 ], [ 413449.052354576939251, 15219.888062407457255 ], [ 413437.161777993023861, 15226.887682377147939 ] ] ] } },
{ "type": "Feature", "properties": { "fid": 451, "class_name": "structure", "class_id": null, "dist_to_line": null, "risk_level": null, "area_m2": 250.04993247131642, "perimeter_m": 64.555594222475719, "compactness": 0.75399564850826717, "dist_bin": 2 }, "geometry": { "type": "Polygon", "coordinates": [ [ [ 413437.822435399924871, 15228.637468812685256 ], [ 413448.612018622108735, 15221.856610734121205 ], [ 413457.42060762696201, 15239.791854581848384 ], [ 413445.309788643207867, 15245.479126070989878 ], [ 413437.822435399924871, 15228.637468812685256 ] ] ] } },
{ "type": "Feature", "properties": { "fid": 452, "class_name": "structure", "class_id": null, "dist_to_line": null, "risk_level": null, "area_m2": 25.180917841651535, "perimeter_m": 20.626308557029574, "compactness": 0.74376955899733677, "dist_bin": 2 }, "geometry": { "type": "Polygon", "coordinates": [ [ [ 413430.556718533160165, 15255.759730324831253 ], [ 413434.079812757496256, 15252.478725098015275 ], [ 413438.263757588167209, 15256.853108244984469 ], [ 413435.84163527173223, 15259.259173451830065 ], [ 413430.556718533160165, 15255.759730324831253 ] ] ] } },
{ "type": "Feature", "properties": { "fid": 453, "class_name": "structure", "class_id": null, "dist_to_line": null, "risk_level": null, "area_m2": 26.144749662620598, "perimeter_m": 20.774045934634305, "compactness": 0.76129359623442672, "dist_bin": 2 }, "geometry": { "type": "Polygon", "coordinates": [ [ [ 413425.7119945580489, 15245.917218609532938 ], [ 413429.895917971618474, 15249.635423885712953 ], [ 413433.639205197687261, 15246.135685494196878 ], [ 413430.996703966869973, 15243.073607839764009 ], [ 413425.7119945580489, 15245.917218609532938 ] ] ] } },
{ "type": "Feature", "properties": { "fid": 454, "class_name": "structure", "class_id": null, "dist_to_line": null, "risk_level": null, "area_m2": 36.843599567349884, "perimeter_m": 25.679004047997836, "compactness": 0.70212682556560135, "dist_bin": 2 }, "geometry": { "type": "Polygon", "coordinates": [ [ [ 413406.113599281408824, 15227.982326148932771 ], [ 413411.398523319046944, 15231.700495773591683 ], [ 413416.242739935405552, 15226.013461284157529 ], [ 413413.380074292537756, 15224.045020642897725 ], [ 413406.113599281408824, 15227.982326148932771 ] ] ] } },
{ "type": "Feature", "properties": { "fid": 455, "class_name": "structure", "class_id": null, "dist_to_line": null, "risk_level": null, "area_m2": 87.711438290425576, "perimeter_m": 37.518077715526672, "compactness": 0.78304178792773482, "dist_bin": 2 }, "geometry": { "type": "Polygon", "coordinates": [ [ [ 413367.577914365858305, 15207.642063744937332 ], [ 413376.826433898007963, 15211.141378482867367 ], [ 413379.908964492438827, 15202.829688791196531 ], [ 413370.660445058951154, 15199.330373889953989 ], [ 413367.577914365858305, 15207.642063744937332 ] ] ] } },
{ "type": "Feature", "properties": { "fid": 456, "class_name": "structure", "class_id": null, "dist_to_line": null, "risk_level": null, "area_m2": 127.22979653905622, "perimeter_m": 45.75988583021465, "compactness": 0.76353479355558118, "dist_bin": 2 }, "geometry": { "type": "Polygon", "coordinates": [ [ [ 413397.965838100470137, 15217.046291280350488 ], [ 413394.882729616365395, 15207.641172977508177 ], [ 413407.654172161477618, 15202.610058057951392 ], [ 413408.094950467639137, 15214.202522519775812 ], [ 413397.965838100470137, 15217.046291280350488 ] ] ] } },
{ "type": "Feature", "properties": { "fid": 457, "class_name": "structure", "class_id": null, "dist_to_line": null, "risk_level": null, "area_m2": 62.265504008646531, "perimeter_m": 32.495384074337245, "compactness": 0.74099285963696215, "dist_bin": 2 }, "geometry": { "type": "Polygon", "coordinates": [ [ [ 413382.770703737915028, 15176.363745939863293 ], [ 413378.807236792345066, 15180.519669580729897 ], [ 413386.514469118905254, 15187.518651489339391 ], [ 413390.477893201285042, 15182.050371725023069 ], [ 413382.770703737915028, 15176.363745939863293 ] ] ] } },
{ "type": "Feature", "properties": { "fid": 458, "class_name": "structure", "class_id": null, "dist_to_line": null, "risk_level": null, "area_m2": 332.62899654585635, "perimeter_m": 76.21723248761441, "compactness": 0.71955437719278481, "dist_bin": 2 }, "geometry": { "type": "Polygon", "coordinates": [ [ [ 412155.12904028268531, 14420.265999644798285 ], [ 412172.083978150039911, 14403.642241429079149 ], [ 412182.433660630718805, 14411.516076885771326 ], [ 412165.478785203478765, 14430.108374886951424 ], [ 412155.12904028268531, 14420.265999644798285 ] ] ] } },
{ "type": "Feature", "properties": { "fid": 459, "class_name": "structure", "class_id": null, "dist_to_line": null, "risk_level": null, "area_m2": 190.48327055282425, "perimeter_m": 53.270992106282044, "compactness": 0.84350008968660728, "dist_bin": 2 }, "geometry": { "type": "Polygon", "coordinates": [ [ [ 412172.304206325497944, 14404.5171411819083 ], [ 412172.303898044745438, 14394.674441335415395 ], [ 412177.368467647931539, 14393.143196137587438 ], [ 412187.938323208887596, 14400.142118269424827 ], [ 412185.736630850820802, 14410.203613425228468 ], [ 412180.892214193649124, 14410.203765248734271 ], [ 412172.304206325497944, 14404.5171411819083 ] ] ] } },
{ "type": "Feature", "properties": { "fid": 460, "class_name": "structure", "class_id": null, "dist_to_line": null, "risk_level": null, "area_m2": 112.96469328612147, "perimeter_m": 49.970268626206419, "compactness": 0.56849836935844633, "dist_bin": 2 }, "geometry": { "type": "Polygon", "coordinates": [ [ [ 412104.700760186708067, 14346.775411975409952 ], [ 412102.278811035037506, 14355.087102233981568 ], [ 412120.996035878662951, 14360.117231300460844 ], [ 412118.133241050178185, 14354.211700075451517 ], [ 412104.700760186708067, 14346.775411975409952 ] ] ] } },
{ "type": "Feature", "properties": { "fid": 461, "class_name": "structure", "class_id": null, "dist_to_line": null, "risk_level": null, "area_m2": 174.09782208714751, "perimeter_m": 52.922328545049119, "compactness": 0.78113358916578479, "dist_bin": 2 }, "geometry": { "type": "Polygon", "coordinates": [ [ [ 409618.138013691757806, 12746.64041455575898 ], [ 409622.982161041931249, 12736.141331669203282 ], [ 409635.754027533228509, 12741.171711799141121 ], [ 409630.249330229009502, 12753.639365343933605 ], [ 409618.138013691757806, 12746.64041455575898 ] ] ] } },
{ "type": "Feature", "properties": { "fid": 462, "class_name": "structure", "class_id": null, "dist_to_line": null, "risk_level": null, "area_m2": 204.96572449715313, "perimeter_m": 63.842418304604465, "compactness": 0.63193505466800248, "dist_bin": 2 }, "geometry": { "type": "Polygon", "coordinates": [ [ [ 407955.138582302606665, 11674.041904206400432 ], [ 407958.220796670007985, 11650.419100228162279 ], [ 407967.029080268228427, 11656.543275609150442 ], [ 407963.946767259389162, 11676.447687756028245 ], [ 407955.138582302606665, 11674.041904206400432 ] ] ] } },
{ "type": "Feature", "properties": { "fid": 463, "class_name": "disturbance", "class_id": null, "dist_to_line": null, "risk_level": null, "area_m2": 1975.0300356304888, "perimeter_m": 226.44598072152652, "compactness": 0.48401000091450602, "dist_bin": 2 }, "geometry": { "type": "Polygon", "coordinates": [ [ [ 407908.01442846795544, 11647.576957779552686 ], [ 407919.465126423281617, 11652.826147864325321 ], [ 407926.511786572169513, 11658.950370468226538 ], [ 407923.869512942386791, 11665.074850591268842 ], [ 407921.887767029751558, 11668.13710825436101 ], [ 407919.025238068308681, 11672.293034015701778 ], [ 407926.512217178882565, 11675.136310723702991 ], [ 407931.797165805182885, 11677.979645981637077 ], [ 407931.797171629325021, 11678.198374900677663 ], [ 407938.183112070371863, 11680.166765107487663 ], [ 407943.688193698355462, 11680.385347423047278 ], [ 407951.615485263057053, 11679.728949607080722 ], [ 407954.698385868454352, 11681.916156601058901 ], [ 407953.817480585246813, 11678.416517529796693 ], [ 407955.35875622567255, 11672.948253808568552 ], [ 407958.661208528850693, 11650.637817439826904 ], [ 407897.003312642569654, 11611.268246332538183 ], [ 407899.205522855452728, 11618.04878512914911 ], [ 407902.068342319049407, 11624.82930633018259 ], [ 407904.931167661852669, 11631.828556367301644 ], [ 407902.729206766467541, 11634.453362023283262 ], [ 407901.408052292419598, 11636.859415389091737 ], [ 407899.866741233330686, 11641.015306112925828 ], [ 407898.765813084901311, 11644.296269413316622 ], [ 407908.01442846795544, 11647.576957779552686 ] ] ] } },
{ "type": "Feature", "properties": { "fid": 464, "class_name": "disturbance", "class_id": null, "dist_to_line": null, "risk_level": null, "area_m2": 2061.8047887682023, "perimeter_m": 198.65476781066008, "compactness": 0.65653732664259878, "dist_bin": 2 }, "geometry": { "type": "Polygon", "coordinates": [ [ [ 403948.67795562883839, 8884.017836605526099 ], [ 403949.998928374436218, 8871.768866992850235 ], [ 403941.63090784533415, 8861.2699504761149 ], [ 403935.905460893001873, 8856.020524534105789 ], [ 403938.107301471056417, 8845.958847121113649 ], [ 403939.42826614837395, 8833.272414997603846 ], [ 403940.749396516825072, 8828.460302842473538 ], [ 403958.366073017299641, 8840.708874452038799 ], [ 403967.174438704911154, 8848.145546450037727 ], [ 403983.029481986712199, 8860.831615801222142 ], [ 403989.195292625285219, 8863.893721040098171 ], [ 403989.635887546464801, 8872.64295501689412 ], [ 403989.19569874467561, 8883.142056207894711 ], [ 403981.7087213510531, 8883.142214352639712 ], [ 403979.506817064189818, 8890.141655615951095 ], [ 403978.626144213427324, 8897.141068988925326 ], [ 403965.41386781539768, 8898.891197288081457 ], [ 403948.67795562883839, 8884.017836605526099 ] ] ] } },
{ "type": "Feature", "properties": { "fid": 465, "class_name": "agricultural_activity", "class_id": null, "dist_to_line": null, "risk_level": null, "area_m2": 2233.8551661773672, "perimeter_m": 219.78198053451334, "compactness": 0.58113992174812434, "dist_bin": 2 }, "geometry": { "type": "Polygon", "coordinates": [ [ [ 403445.720510939368978, 8480.250377045706045 ], [ 403463.776805333152879, 8452.689857758941798 ], [ 403526.756595944811124, 8502.996793884723957 ], [ 403518.389197094133124, 8523.120247503262362 ], [ 403445.720510939368978, 8480.250377045706045 ] ] ] } },
{ "type": "Feature", "properties": { "fid": 466, "class_name": "disturbance", "class_id": null, "dist_to_line": null, "risk_level": null, "area_m2": 484.63196427776802, "perimeter_m": 85.738000678281395, "compactness": 0.82846700189367428, "dist_bin": 2 }, "geometry": { "type": "Polygon", "coordinates": [ [ [ 401827.622726601664908, 7195.887607986402145 ], [ 401824.09952318132855, 7201.574709223053105 ], [ 401823.218781724688597, 7206.38683507837959 ], [ 401824.540135363582522, 7212.948780672322755 ], [ 401827.182627919479273, 7213.823663491088155 ], [ 401831.146382070262916, 7216.010916851121692 ], [ 401834.229287446883973, 7216.885791911760862 ], [ 401836.871779946261086, 7217.760674688594918 ], [ 401847.441688362741843, 7217.760489232236068 ], [ 401850.524562918930314, 7216.885506035168873 ], [ 401850.964891374285799, 7212.073388210537814 ], [ 401850.083958370261826, 7205.948899870504647 ], [ 401851.40511264023371, 7201.136766625410019 ], [ 401851.40511264023371, 7201.136766625410019 ], [ 401827.622726601664908, 7195.887607986402145 ] ] ] } },
{ "type": "Feature", "properties": { "fid": 467, "class_name": "disturbance", "class_id": null, "dist_to_line": null, "risk_level": null, "area_m2": 553.74117367295912, "perimeter_m": 96.228011922705193, "compactness": 0.75147347234743067, "dist_bin": 2 }, "geometry": { "type": "Polygon", "coordinates": [ [ [ 401429.043153003440239, 6861.671321379030815 ], [ 401420.234937793400604, 6864.733724205633735 ], [ 401414.950036463851575, 6868.233533142250963 ], [ 401417.152249942068011, 6876.982797066768399 ], [ 401414.950271445792168, 6882.232414571106347 ], [ 401414.950433273450471, 6891.856645534325253 ], [ 401422.877939474070445, 6895.793697463130229 ], [ 401429.924456925073173, 6890.106533484742613 ], [ 401433.447667845874093, 6884.419428913301999 ], [ 401436.530458164401352, 6878.294866809790619 ], [ 401435.209108105220366, 6871.732913647506393 ], [ 401439.613197202561423, 6869.108049663221209 ], [ 401429.043153003440239, 6861.671321379030815 ] ] ] } },
{ "type": "Feature", "properties": { "fid": 468, "class_name": "disturbance", "class_id": null, "dist_to_line": null, "risk_level": null, "area_m2": 374.558506117246, "perimeter_m": 86.082556580602898, "compactness": 0.63518350999919615, "dist_bin": 2 }, "geometry": { "type": "Polygon", "coordinates": [ [ [ 401121.631421887723263, 6673.566371105081998 ], [ 401134.843710210523568, 6666.129244099043717 ], [ 401155.103073754173238, 6686.689784312316078 ], [ 401145.854487742937636, 6692.814450548826244 ], [ 401121.631421887723263, 6673.566371105081998 ] ] ] } },
{ "type": "Feature", "properties": { "fid": 469, "class_name": "structure", "class_id": null, "dist_to_line": null, "risk_level": null, "area_m2": 112.38680288269825, "perimeter_m": 45.035348775709949, "compactness": 0.69633483187670187, "dist_bin": 2 }, "geometry": { "type": "Polygon", "coordinates": [ [ [ 401033.988003633043263, 6606.635587174942884 ], [ 401037.070815013954416, 6601.385951633745208 ], [ 401033.106949664710555, 6592.636706297757883 ], [ 401020.775441779696848, 6597.449025919078849 ], [ 401033.988003633043263, 6606.635587174942884 ] ] ] } },
{ "type": "Feature", "properties": { "fid": 470, "class_name": "structure", "class_id": null, "dist_to_line": null, "risk_level": null, "area_m2": 413.40230753310243, "perimeter_m": 95.540826907122948, "compactness": 0.56912120699063873, "dist_bin": 2 }, "geometry": { "type": "Polygon", "coordinates": [ [ [ 400937.53615793568315, 6530.955604733664586 ], [ 400937.536087866523303, 6526.580948927518875 ], [ 400952.510173365997616, 6527.455640314757147 ], [ 400964.841796263062861, 6529.642770637488866 ], [ 400967.925093258440029, 6554.578257449464218 ], [ 400937.53615793568315, 6530.955604733664586 ] ] ] } },
{ "type": "Feature", "properties": { "fid": 471, "class_name": "structure", "class_id": null, "dist_to_line": null, "risk_level": null, "area_m2": 92.916740101307369, "perimeter_m": 41.066406960937513, "compactness": 0.69235752274780971, "dist_bin": 2 }, "geometry": { "type": "Polygon", "coordinates": [ [ [ 400706.756422025791835, 6354.223109491681498 ], [ 400708.95843803853495, 6350.723348377557159 ], [ 400721.290074627206195, 6353.347950767512884 ], [ 400717.766912096121814, 6362.972254031959892 ], [ 400706.756422025791835, 6354.223109491681498 ] ] ] } },
{ "type": "Feature", "properties": { "fid": 472, "class_name": "structure", "class_id": null, "dist_to_line": null, "risk_level": null, "area_m2": 152.67640859589847, "perimeter_m": 55.000244913728324, "compactness": 0.63423842900513616, "dist_bin": 2 }, "geometry": { "type": "Polygon", "coordinates": [ [ [ 400732.741156430798583, 6373.471199261939546 ], [ 400735.823993504862301, 6369.533958685179641 ], [ 400751.67898318474181, 6374.783299938181699 ], [ 400749.477097989642061, 6386.594910849036751 ], [ 400732.741156430798583, 6373.471199261939546 ] ] ] } },
{ "type": "Feature", "properties": { "fid": 473, "class_name": "disturbance", "class_id": null, "dist_to_line": null, "risk_level": null, "area_m2": 244.53291773104866, "perimeter_m": 80.887693757907073, "compactness": 0.46965860906853313, "dist_bin": 2 }, "geometry": { "type": "Polygon", "coordinates": [ [ [ 400593.568708298902493, 6272.856209531818422 ], [ 400608.542793050175533, 6272.855978309633429 ], [ 400616.470229199563619, 6271.54345808207654 ], [ 400622.19595249107806, 6293.416666530879411 ], [ 400593.568708298902493, 6272.856209531818422 ] ] ] } },
{ "type": "Feature", "properties": { "fid": 474, "class_name": "disturbance", "class_id": null, "dist_to_line": null, "risk_level": null, "area_m2": 533.69289070103605, "perimeter_m": 94.66625243044534, "compactness": 0.74836059517863995, "dist_bin": 2 }, "geometry": { "type": "Polygon", "coordinates": [ [ [ 400561.417370381823275, 6201.549747292825487 ], [ 400556.132445466064382, 6204.612090097609325 ], [ 400557.45399638498202, 6224.73550640112262 ], [ 400580.35569408396259, 6234.796873022248292 ], [ 400581.236234317708295, 6215.985822172580811 ], [ 400561.417370381823275, 6201.549747292825487 ] ] ] } },
{ "type": "Feature", "properties": { "fid": 475, "class_name": "disturbance", "class_id": null, "dist_to_line": null, "risk_level": null, "area_m2": 410.51088709192845, "perimeter_m": 96.542471653658922, "compactness": 0.55347462776290635, "dist_bin": 2 }, "geometry": { "type": "Polygon", "coordinates": [ [ [ 399147.670623442623764, 5192.771268508025059 ], [ 399143.266566506470554, 5200.645742559091559 ], [ 399149.872879110043868, 5206.332735542959199 ], [ 399154.717505291453563, 5210.269880896057657 ], [ 399163.085481405141763, 5215.956850614526047 ], [ 399170.132278239470907, 5226.893448243422426 ], [ 399174.976761659549084, 5219.893903876808508 ], [ 399168.370312741259113, 5203.707689563309941 ], [ 399147.670623442623764, 5192.771268508025059 ] ] ] } },
{ "type": "Feature", "properties": { "fid": 476, "class_name": "structure", "class_id": null, "dist_to_line": null, "risk_level": null, "area_m2": 105.63981465703546, "perimeter_m": 41.641843289233577, "compactness": 0.76555712659267217, "dist_bin": 2 }, "geometry": { "type": "Polygon", "coordinates": [ [ [ 397303.189765938790515, 3920.633612404860742 ], [ 397300.98764093616046, 3917.133876755971414 ], [ 397309.355544126941822, 3913.196566167233414 ], [ 397315.081030572531745, 3918.446145414072362 ], [ 397312.438609789067414, 3927.195565505075137 ], [ 397303.189765938790515, 3920.633612404860742 ] ] ] } },
{ "type": "Feature", "properties": { "fid": 477, "class_name": "structure", "class_id": null, "dist_to_line": null, "risk_level": null, "area_m2": 100.43491688716676, "perimeter_m": 43.01978705428867, "compactness": 0.68195870264354908, "dist_bin": 2 }, "geometry": { "type": "Polygon", "coordinates": [ [ [ 397319.484859159099869, 3883.011057364898079 ], [ 397314.199890597315971, 3887.823276113998872 ], [ 397325.210414330009371, 3895.260151737416891 ], [ 397331.816636633302551, 3890.447919962448395 ], [ 397319.484859159099869, 3883.011057364898079 ] ] ] } },
{ "type": "Feature", "properties": { "fid": 478, "class_name": "disturbance", "class_id": null, "dist_to_line": null, "risk_level": null, "area_m2": 1926.4814888325036, "perimeter_m": 186.32426786631322, "compactness": 0.69732599875350065, "dist_bin": 2 }, "geometry": { "type": "Polygon", "coordinates": [ [ [ 395539.299933112575673, 2519.429485107777055 ], [ 395523.004433204536326, 2525.991667489862721 ], [ 395518.60022091481369, 2524.241809278030814 ], [ 395511.553499439673033, 2524.241855304751425 ], [ 395508.910941746202298, 2518.554739681766478 ], [ 395501.864171690773219, 2511.117765545451675 ], [ 395496.138693199376576, 2508.492972103068496 ], [ 395489.091940093785524, 2503.680828237892456 ], [ 395486.449385367450304, 2498.431183926567428 ], [ 395489.09183836041484, 2487.931844034872029 ], [ 395489.091813027393073, 2483.994597981756215 ], [ 395486.889681498345453, 2479.182422490265708 ], [ 395488.210908222361468, 2473.932752592957058 ], [ 395488.651305953157134, 2470.432975496552444 ], [ 395490.412952913786285, 2465.183302840434408 ], [ 395497.019235160551034, 2462.120958264272758 ], [ 395499.221319011296146, 2459.49611359535993 ], [ 395506.268049094767775, 2460.808484038660026 ], [ 395539.299933112575673, 2519.429485107777055 ] ] ] } },
{ "type": "Feature", "properties": { "fid": 479, "class_name": "structure", "class_id": null, "dist_to_line": null, "risk_level": null, "area_m2": 293.49764928730565, "perimeter_m": 80.303644892515791, "compactness": 0.57193144581242428, "dist_bin": 2 }, "geometry": { "type": "Polygon", "coordinates": [ [ [ 395224.396689585410058, 2052.648821911351206 ], [ 395212.064961553434841, 2060.96085765151156 ], [ 395229.681875466834754, 2078.897119042411759 ], [ 395240.692353052843828, 2072.772450601300079 ], [ 395238.930669030232821, 2072.334987997525332 ], [ 395234.526460114342626, 2071.460067512430669 ], [ 395224.396689585410058, 2052.648821911351206 ] ] ] } },
{ "type": "Feature", "properties": { "fid": 480, "class_name": "agricultural_activity", "class_id": null, "dist_to_line": null, "risk_level": null, "area_m2": 1179.0026320156758, "perimeter_m": 145.62642209942612, "compactness": 0.69862525275297926, "dist_bin": 2 }, "geometry": { "type": "Polygon", "coordinates": [ [ [ 394070.488165480317548, 460.251737217731545 ], [ 394092.068819214880932, 449.314875964393082 ], [ 394118.053747151861899, 486.062609106934758 ], [ 394099.115633914887439, 502.686622434886146 ], [ 394070.488165480317548, 460.251737217731545 ] ] ] } },
{ "type": "Feature", "properties": { "fid": 481, "class_name": "agricultural_activity", "class_id": null, "dist_to_line": null, "risk_level": null, "area_m2": 1029.4103884387678, "perimeter_m": 130.52666941626882, "compactness": 0.7592763938731738, "dist_bin": 2 }, "geometry": { "type": "Polygon", "coordinates": [ [ [ 394099.996477991051506, 503.124094672263141 ], [ 394117.613325981423259, 486.500083046787267 ], [ 394144.038667900371365, 516.248237013378343 ], [ 394119.375076090916991, 533.747205447390002 ], [ 394099.996477991051506, 503.124094672263141 ] ] ] } },
{ "type": "Feature", "properties": { "fid": 482, "class_name": "agricultural_activity", "class_id": null, "dist_to_line": null, "risk_level": null, "area_m2": 982.66280083162928, "perimeter_m": 130.05753190619706, "compactness": 0.73003446488204304, "dist_bin": 2 }, "geometry": { "type": "Polygon", "coordinates": [ [ [ 393939.242269528156612, 270.825833978931655 ], [ 393973.154745920677669, 254.639288685363056 ], [ 393962.584606520598754, 233.203091438898213 ], [ 393923.387065718416125, 250.702059546729288 ], [ 393939.242269528156612, 270.825833978931655 ] ] ] } },
{ "type": "Feature", "properties": { "fid": 483, "class_name": "agricultural_activity", "class_id": null, "dist_to_line": null, "risk_level": null, "area_m2": 150.94162912536808, "perimeter_m": 79.540990699067407, "compactness": 0.29980364264086962, "dist_bin": 2 }, "geometry": { "type": "Polygon", "coordinates": [ [ [ 393959.942122619773727, 301.011494919691472 ], [ 393962.584653392608743, 300.136545716316675 ], [ 393944.086910171899945, 269.950883375561205 ], [ 393938.801848840434104, 272.575728630950493 ], [ 393959.942122619773727, 301.011494919691472 ] ] ] } },
{ "type": "Feature", "properties": { "fid": 484, "class_name": "agricultural_activity", "class_id": null, "dist_to_line": null, "risk_level": null, "area_m2": 1012.349923696625, "perimeter_m": 143.82074244198131, "compactness": 0.61503165037977481, "dist_bin": 2 }, "geometry": { "type": "Polygon", "coordinates": [ [ [ 393860.406670676602516, 156.645260919809459 ], [ 393877.142703681078274, 147.458307257030469 ], [ 393848.515258115483448, 105.460844229982172 ], [ 393829.57711200270569, 112.897902560759803 ], [ 393860.406670676602516, 156.645260919809459 ] ] ] } },
{ "type": "Feature", "properties": { "fid": 485, "class_name": "agricultural_activity", "class_id": null, "dist_to_line": null, "risk_level": null, "area_m2": 423.13776396364574, "perimeter_m": 83.248005509803662, "compactness": 0.76726250638210347, "dist_bin": 2 }, "geometry": { "type": "Polygon", "coordinates": [ [ [ 393829.57711200270569, 112.897902560759803 ], [ 393848.955680277664214, 105.898317796179384 ], [ 393835.302591996034607, 87.086952324783354 ], [ 393818.12613383680582, 97.148851904717603 ], [ 393829.57711200270569, 112.897902560759803 ] ] ] } },
{ "type": "Feature", "properties": { "fid": 486, "class_name": "agricultural_activity", "class_id": null, "dist_to_line": null, "risk_level": null, "area_m2": 701.02075938192706, "perimeter_m": 110.12282274759929, "compactness": 0.72641712331426278, "dist_bin": 2 }, "geometry": { "type": "Polygon", "coordinates": [ [ [ 393842.789769210794475, 96.711371909445262 ], [ 393860.406648295116611, 86.649472902347028 ], [ 393879.785224419669248, 114.647782271727152 ], [ 393863.489613480051048, 126.022102642757162 ], [ 393842.789769210794475, 96.711371909445262 ] ] ] } },
{ "type": "Feature", "properties": { "fid": 487, "class_name": "agricultural_activity", "class_id": null, "dist_to_line": null, "risk_level": null, "area_m2": 420.14982343676559, "perimeter_m": 83.395847581669614, "compactness": 0.75914580334360826, "dist_bin": 2 }, "geometry": { "type": "Polygon", "coordinates": [ [ [ 393789.498686312872451, 26.71558438485927 ], [ 393795.66459508886328, 13.153897712168241 ], [ 393817.245277904672548, 21.903371462241832 ], [ 393820.328232902684249, 28.902950825194594 ], [ 393813.721902501594741, 37.652425904896532 ], [ 393789.498686312872451, 26.71558438485927 ] ] ] } },
{ "type": "Feature", "properties": { "fid": 488, "class_name": "agricultural_activity", "class_id": null, "dist_to_line": null, "risk_level": null, "area_m2": 1670.3822134487405, "perimeter_m": 169.42319264417088, "compactness": 0.73127377347034539, "dist_bin": 2 }, "geometry": { "type": "Polygon", "coordinates": [ [ [ 393717.26945573091507, -49.404858679434795 ], [ 393733.565083594934549, -88.340026639236086 ], [ 393738.409727080841549, -86.590130250900017 ], [ 393762.632939413946588, -52.904643083008878 ], [ 393740.171406308480073, -17.906741127998448 ], [ 393717.26945573091507, -49.404858679434795 ] ] ] } },
{ "type": "Feature", "properties": { "fid": 489, "class_name": "agricultural_activity", "class_id": null, "dist_to_line": null, "risk_level": null, "area_m2": 970.42170271229077, "perimeter_m": 138.0617867637169, "compactness": 0.63976928411064959, "dist_bin": 2 }, "geometry": { "type": "Polygon", "coordinates": [ [ [ 393690.403708043741062, -88.340036675546742 ], [ 393703.175957056286279, -106.713935660368023 ], [ 393727.839591948140878, -72.59097017343683 ], [ 393717.269455674220808, -48.967384839550462 ], [ 393690.403708043741062, -88.340036675546742 ] ] ] } },
{ "type": "Feature", "properties": { "fid": 490, "class_name": "agricultural_activity", "class_id": null, "dist_to_line": null, "risk_level": null, "area_m2": 955.38539923542703, "perimeter_m": 127.27087452178962, "compactness": 0.74119146089236287, "dist_bin": 2 }, "geometry": { "type": "Polygon", "coordinates": [ [ [ 393645.040244252537377, -170.585144752793468 ], [ 393666.620924330258276, -144.33670117167469 ], [ 393682.035713720018975, -170.585128133641177 ], [ 393662.65714717132505, -195.958623190031574 ], [ 393645.040244252537377, -170.585144752793468 ] ] ] } },
{ "type": "Feature", "properties": { "fid": 491, "class_name": "agricultural_activity", "class_id": null, "dist_to_line": null, "risk_level": null, "area_m2": 807.81726182547936, "perimeter_m": 116.56275096116289, "compactness": 0.74714245673105284, "dist_bin": 2 }, "geometry": { "type": "Polygon", "coordinates": [ [ [ 393645.040244449395686, -171.022618675732616 ], [ 393663.537992135738023, -196.833570538632102 ], [ 393649.004068642447237, -217.394852232757302 ], [ 393628.30420759570552, -192.021375440921474 ], [ 393645.040244449395686, -171.022618675732616 ] ] ] } },
{ "type": "Feature", "properties": { "fid": 492, "class_name": "agricultural_activity", "class_id": null, "dist_to_line": null, "risk_level": null, "area_m2": 796.92556367792668, "perimeter_m": 115.95707713391336, "compactness": 0.74478874089549318, "dist_bin": 2 }, "geometry": { "type": "Polygon", "coordinates": [ [ [ 393614.210704319062643, -211.707710698703238 ], [ 393633.148879663844127, -239.268558137574587 ], [ 393649.444490663823672, -216.95737806281744 ], [ 393628.304208261833992, -193.333797267468611 ], [ 393614.210704319062643, -211.707710698703238 ] ] ] } },
{ "type": "Feature", "properties": { "fid": 493, "class_name": "structure", "class_id": null, "dist_to_line": null, "risk_level": null, "area_m2": 93.109583296834671, "perimeter_m": 49.012059206476366, "compactness": 0.48707781381703813, "dist_bin": 2 }, "geometry": { "type": "Polygon", "coordinates": [ [ [ 393561.580332822632045, -345.793526847408657 ], [ 393550.349562733666971, -346.449748132105412 ], [ 393549.468733507324941, -363.07376217517799 ], [ 393561.580332822632045, -345.793526847408657 ] ] ] } },
{ "type": "Feature", "properties": { "fid": 494, "class_name": "agricultural_activity", "class_id": null, "dist_to_line": null, "risk_level": null, "area_m2": 330.41372487891022, "perimeter_m": 73.316823601213358, "compactness": 0.77243271732993579, "dist_bin": 2 }, "geometry": { "type": "Polygon", "coordinates": [ [ [ 393220.033328307501506, -805.579445595630659 ], [ 393209.022795215481892, -822.422234337252007 ], [ 393223.11634161073016, -830.515480206936218 ], [ 393234.347083899716381, -813.016479798942328 ], [ 393220.033328307501506, -805.579445595630659 ] ] ] } },
{ "type": "Feature", "properties": { "fid": 495, "class_name": "agricultural_activity", "class_id": null, "dist_to_line": null, "risk_level": null, "area_m2": 420.53534421301083, "perimeter_m": 84.450840007098549, "compactness": 0.74097647314665027, "dist_bin": 2 }, "geometry": { "type": "Polygon", "coordinates": [ [ [ 393219.813116924546193, -805.57944606474075 ], [ 393233.906662558787502, -813.67269233700506 ], [ 393248.000148966442794, -794.205052197991222 ], [ 393235.888500294298865, -783.049480630369658 ], [ 393219.813116924546193, -805.57944606474075 ] ] ] } },
{ "type": "Feature", "properties": { "fid": 496, "class_name": "agricultural_activity", "class_id": null, "dist_to_line": null, "risk_level": null, "area_m2": 269.9310483004756, "perimeter_m": 66.856531322790431, "compactness": 0.75888334944806846, "dist_bin": 2 }, "geometry": { "type": "Polygon", "coordinates": [ [ [ 393165.200873491237871, -887.606026197259553 ], [ 393158.374346435884945, -898.980378731891051 ], [ 393175.1104327426292, -906.854879231463883 ], [ 393183.478433921118267, -893.293151152192877 ], [ 393165.200873491237871, -887.606026197259553 ] ] ] } },
{ "type": "Feature", "properties": { "fid": 497, "class_name": "agricultural_activity", "class_id": null, "dist_to_line": null, "risk_level": null, "area_m2": 360.24546286575787, "perimeter_m": 76.066744308137515, "compactness": 0.7823817771006627, "dist_bin": 2 }, "geometry": { "type": "Polygon", "coordinates": [ [ [ 393126.664005712373182, -942.071694126640182 ], [ 393143.179888938437216, -952.352303650812473 ], [ 393153.970210476545617, -937.040669466875443 ], [ 393136.57348348305095, -927.197536225450563 ], [ 393126.664005712373182, -942.071694126640182 ] ] ] } },
{ "type": "Feature", "properties": { "fid": 498, "class_name": "agricultural_activity", "class_id": null, "dist_to_line": null, "risk_level": null, "area_m2": 397.69169326989686, "perimeter_m": 79.885940589892385, "compactness": 0.78309721204845328, "dist_bin": 2 }, "geometry": { "type": "Polygon", "coordinates": [ [ [ 393126.443794274993706, -942.071694675713502 ], [ 393142.739465530961752, -952.13356751157653 ], [ 393130.407670978049282, -970.070053600885672 ], [ 393115.213051495840773, -958.258280300461138 ], [ 393126.443794274993706, -942.071694675713502 ] ] ] } },
{ "type": "Feature", "properties": { "fid": 499, "class_name": "structure", "class_id": null, "dist_to_line": null, "risk_level": null, "area_m2": 110.07365896007832, "perimeter_m": 42.12384800933674, "compactness": 0.77953782489029511, "dist_bin": 2 }, "geometry": { "type": "Polygon", "coordinates": [ [ [ 392814.84562611556612, -1322.894352743604941 ], [ 392810.661643156781793, -1333.612501968035986 ], [ 392820.791387596458662, -1336.456052744734052 ], [ 392823.433889084495604, -1325.737909203412073 ], [ 392814.84562611556612, -1322.894352743604941 ] ] ] } },
{ "type": "Feature", "properties": { "fid": 500, "class_name": "structure", "class_id": null, "dist_to_line": null, "risk_level": null, "area_m2": 40.988451749636624, "perimeter_m": 26.019547481933564, "compactness": 0.76080244488550841, "dist_bin": 2 }, "geometry": { "type": "Polygon", "coordinates": [ [ [ 392826.737073268683162, -1328.581484171699003 ], [ 392825.195613641757518, -1334.706137674314732 ], [ 392830.040277584281284, -1337.112232221638578 ], [ 392832.682789012091234, -1329.237675486217768 ], [ 392826.737073268683162, -1328.581484171699003 ] ] ] } },
{ "type": "Feature", "properties": { "fid": 501, "class_name": "structure", "class_id": null, "dist_to_line": null, "risk_level": null, "area_m2": 62.820031925874218, "perimeter_m": 33.145372781406607, "compactness": 0.71855861583830016, "dist_bin": 2 }, "geometry": { "type": "Polygon", "coordinates": [ [ [ 392806.477528831339441, -1306.926548867082374 ], [ 392803.174380359705538, -1314.363633419836106 ], [ 392807.358409597421996, -1316.769730676733161 ], [ 392808.899882542900741, -1314.363613442584438 ], [ 392811.982848274288699, -1315.238552441057891 ], [ 392814.184945405460894, -1309.770108815622734 ], [ 392806.477528831339441, -1306.926548867082374 ] ] ] } },
{ "type": "Feature", "properties": { "fid": 502, "class_name": "structure", "class_id": null, "dist_to_line": null, "risk_level": null, "area_m2": 119.80873147614784, "perimeter_m": 45.970090999295415, "compactness": 0.71243887147814011, "dist_bin": 2 }, "geometry": { "type": "Polygon", "coordinates": [ [ [ 392630.308988790784497, -1519.540052954717112 ], [ 392627.446262057404965, -1525.883453309807237 ], [ 392640.438783869612962, -1533.320476848278531 ], [ 392644.182349257462192, -1525.008435270970949 ], [ 392630.308988790784497, -1519.540052954717112 ] ] ] } },
{ "type": "Feature", "properties": { "fid": 503, "class_name": "structure", "class_id": null, "dist_to_line": null, "risk_level": null, "area_m2": 44.458324918791732, "perimeter_m": 27.497027037843729, "compactness": 0.73890988774162214, "dist_bin": 2 }, "geometry": { "type": "Polygon", "coordinates": [ [ [ 392645.944049188692588, -1526.539590863741296 ], [ 392641.760056848754175, -1533.976684069886687 ], [ 392645.94408926583128, -1536.382779875219285 ], [ 392650.788718426250853, -1529.38315910266715 ], [ 392645.944049188692588, -1526.539590863741296 ] ] ] } },
{ "type": "Feature", "properties": { "fid": 504, "class_name": "structure", "class_id": null, "dist_to_line": null, "risk_level": null, "area_m2": 141.01380966592751, "perimeter_m": 57.021242886679268, "compactness": 0.5450020691003038, "dist_bin": 2 }, "geometry": { "type": "Polygon", "coordinates": [ [ [ 392456.562600398319773, -1684.031463243666622 ], [ 392459.865798373532016, -1688.624938880685249 ], [ 392478.363528285059147, -1674.625647390938184 ], [ 392471.977367192215752, -1670.469660829410259 ], [ 392456.562600398319773, -1684.031463243666622 ] ] ] } },
{ "type": "Feature", "properties": { "fid": 505, "class_name": "structure", "class_id": null, "dist_to_line": null, "risk_level": null, "area_m2": 87.326416151245212, "perimeter_m": 44.238514152507562, "compactness": 0.5607308333099813, "dist_bin": 2 }, "geometry": { "type": "Polygon", "coordinates": [ [ [ 392079.781646785326302, -2020.670723837228024 ], [ 392076.478447256260552, -2017.170935900209315 ], [ 392090.13153610995505, -2006.452707494435572 ], [ 392093.214529259770643, -2011.046185841838678 ], [ 392079.781646785326302, -2020.670723837228024 ] ] ] } },
{ "type": "Feature", "properties": { "fid": 506, "class_name": "structure", "class_id": null, "dist_to_line": null, "risk_level": null, "area_m2": 42.868022577758893, "perimeter_m": 26.658750553640381, "compactness": 0.75799044808219695, "dist_bin": 2 }, "geometry": { "type": "Polygon", "coordinates": [ [ [ 392069.43166650144849, -2018.04592535344409 ], [ 392066.568938219454139, -2023.295649598150248 ], [ 392071.193408993538469, -2026.576692549304653 ], [ 392076.478476778313052, -2022.639382425138592 ], [ 392069.43166650144849, -2018.04592535344409 ] ] ] } },
{ "type": "Feature", "properties": { "fid": 507, "class_name": "structure", "class_id": null, "dist_to_line": null, "risk_level": null, "area_m2": 22.168923213802373, "perimeter_m": 19.541709129861456, "compactness": 0.72950684917250541, "dist_bin": 2 }, "geometry": { "type": "Polygon", "coordinates": [ [ [ 392063.485986084444448, -2026.357996431196852 ], [ 392060.623257877072319, -2031.607720821633166 ], [ 392063.265808445983566, -2032.701395813902309 ], [ 392067.670034011942334, -2029.857779625695912 ], [ 392063.485986084444448, -2026.357996431196852 ] ] ] } },
{ "type": "Feature", "properties": { "fid": 508, "class_name": "structure", "class_id": null, "dist_to_line": null, "risk_level": null, "area_m2": 76.410574544180008, "perimeter_m": 36.64322629319372, "compactness": 0.71511505314927415, "dist_bin": 2 }, "geometry": { "type": "Polygon", "coordinates": [ [ [ 392035.078689774265513, -2037.295044574237409 ], [ 392033.317020664340816, -2042.326025549054975 ], [ 392037.280843861401081, -2043.41969332246299 ], [ 392036.840430487471167, -2045.388336683881107 ], [ 392041.464892243326176, -2046.919476562797399 ], [ 392043.00632771855453, -2037.951215033643393 ], [ 392040.143548260850366, -2033.795210872372309 ], [ 392035.078689774265513, -2037.295044574237409 ] ] ] } },
{ "type": "Feature", "properties": { "fid": 509, "class_name": "structure", "class_id": null, "dist_to_line": null, "risk_level": null, "area_m2": 49.542747131742544, "perimeter_m": 33.487426791047284, "compactness": 0.55517051669906736, "dist_bin": 2 }, "geometry": { "type": "Polygon", "coordinates": [ [ [ 392041.905321160447784, -2047.79442567619617 ], [ 392043.006364725879394, -2044.732089324063281 ], [ 392047.63077268312918, -2036.42002469391673 ], [ 392053.136087268125266, -2038.82611134162039 ], [ 392051.814829236536752, -2041.450973045464252 ], [ 392041.905321160447784, -2047.79442567619617 ] ] ] } },
{ "type": "Feature", "properties": { "fid": 510, "class_name": "structure", "class_id": null, "dist_to_line": null, "risk_level": null, "area_m2": 41.735474280140352, "perimeter_m": 30.250612392833727, "compactness": 0.57312173029614299, "dist_bin": 2 }, "geometry": { "type": "Polygon", "coordinates": [ [ [ 392031.3351887469762, -2056.325261144587785 ], [ 392030.013907908112742, -2054.794103194879426 ], [ 392033.757473506499082, -2047.575732400961215 ], [ 392041.244689759158064, -2048.669380818296759 ], [ 392031.3351887469762, -2056.325261144587785 ] ] ] } },
{ "type": "Feature", "properties": { "fid": 511, "class_name": "structure", "class_id": null, "dist_to_line": null, "risk_level": null, "area_m2": 49.54279736415856, "perimeter_m": 30.375400229623978, "compactness": 0.67475540313773408, "dist_bin": 2 }, "geometry": { "type": "Polygon", "coordinates": [ [ [ 391889.739343116059899, -2152.570746694022546 ], [ 391888.638320229249075, -2159.132892121375335 ], [ 391892.82235617126571, -2160.007819802482118 ], [ 391899.869110817788169, -2154.101854057339551 ], [ 391889.739343116059899, -2152.570746694022546 ] ] ] } },
{ "type": "Feature", "properties": { "fid": 512, "class_name": "structure", "class_id": null, "dist_to_line": null, "risk_level": null, "area_m2": 28.795537234288076, "perimeter_m": 21.12830544018145, "compactness": 0.81059835177706641, "dist_bin": 2 }, "geometry": { "type": "Polygon", "coordinates": [ [ [ 391645.965536567382514, -2339.374499644173738 ], [ 391640.240014132112265, -2338.937059360881449 ], [ 391639.579410226549953, -2344.186778223899182 ], [ 391642.442174214869738, -2344.842974549809242 ], [ 391645.965553053887561, -2341.999356957561304 ], [ 391645.965536567382514, -2339.374499644173738 ] ] ] } },
{ "type": "Feature", "properties": { "fid": 513, "class_name": "structure", "class_id": null, "dist_to_line": null, "risk_level": null, "area_m2": 17.373711156747049, "perimeter_m": 19.394855520551396, "compactness": 0.58040261906786139, "dist_bin": 2 }, "geometry": { "type": "Polygon", "coordinates": [ [ [ 391641.120900436071679, -2344.842982863691304 ], [ 391635.175162870145869, -2343.968067814469123 ], [ 391635.175162870145869, -2343.968067814469123 ], [ 391635.615624667261727, -2349.873994161091105 ], [ 391641.120900436071679, -2344.842982863691304 ] ] ] } },
{ "type": "Feature", "properties": { "fid": 514, "class_name": "structure", "class_id": null, "dist_to_line": null, "risk_level": null, "area_m2": 31.807615864463514, "perimeter_m": 28.327993556296562, "compactness": 0.49809175396989697, "dist_bin": 2 }, "geometry": { "type": "Polygon", "coordinates": [ [ [ 391625.265689249092247, -2356.654941197771677 ], [ 391620.42100742040202, -2354.905066846884438 ], [ 391620.421025404357351, -2357.748662462107859 ], [ 391617.338048914971296, -2357.092467593925448 ], [ 391615.796595987165347, -2362.342192392478864 ], [ 391617.778509560390376, -2362.779656077132586 ], [ 391625.265689249092247, -2356.654941197771677 ] ] ] } },
{ "type": "Feature", "properties": { "fid": 515, "class_name": "structure", "class_id": null, "dist_to_line": null, "risk_level": null, "area_m2": 137.42339098814955, "perimeter_m": 52.115015867285372, "compactness": 0.63583550631806052, "dist_bin": 2 }, "geometry": { "type": "Polygon", "coordinates": [ [ [ 391595.316641071345657, -2329.094125116338091 ], [ 391599.280475198116619, -2331.062743564941684 ], [ 391591.132733268430457, -2349.21806031129745 ], [ 391584.526341361226514, -2345.718291652028711 ], [ 391590.692204137449153, -2332.593964304867768 ], [ 391590.692204137449153, -2332.593964304867768 ], [ 391595.316641071345657, -2329.094125116338091 ] ] ] } },
{ "type": "Feature", "properties": { "fid": 516, "class_name": "structure", "class_id": null, "dist_to_line": null, "risk_level": null, "area_m2": 54.892281228843785, "perimeter_m": 39.388613349014804, "compactness": 0.44461054587958082, "dist_bin": 2 }, "geometry": { "type": "Polygon", "coordinates": [ [ [ 391590.692201398022007, -2332.156488020860252 ], [ 391583.645492038514931, -2345.718297199637618 ], [ 391577.259313740767539, -2342.437265174955883 ], [ 391590.692201398022007, -2332.156488020860252 ] ] ] } },
{ "type": "Feature", "properties": { "fid": 517, "class_name": "structure", "class_id": null, "dist_to_line": null, "risk_level": null, "area_m2": 19.807451264907286, "perimeter_m": 19.85925108109074, "compactness": 0.63112113892033472, "dist_bin": 2 }, "geometry": { "type": "Polygon", "coordinates": [ [ [ 391594.436115338234231, -2380.278855273039426 ], [ 391593.114834404550493, -2379.185173016377121 ], [ 391595.757350192114245, -2374.154178952855091 ], [ 391600.381817318790127, -2375.466578293322073 ], [ 391594.436115338234231, -2380.278855273039426 ] ] ] } },
{ "type": "Feature", "properties": { "fid": 518, "class_name": "structure", "class_id": null, "dist_to_line": null, "risk_level": null, "area_m2": 34.771487464559186, "perimeter_m": 27.865370415749847, "compactness": 0.56273443627469311, "dist_bin": 2 }, "geometry": { "type": "Polygon", "coordinates": [ [ [ 391578.580897734500468, -2391.215864021182369 ], [ 391578.140467451652512, -2390.340914254384188 ], [ 391581.223391050240025, -2382.685059326709052 ], [ 391588.049985871068202, -2384.653658941587764 ], [ 391578.580897734500468, -2391.215864021182369 ] ] ] } },
{ "type": "Feature", "properties": { "fid": 519, "class_name": "structure", "class_id": null, "dist_to_line": null, "risk_level": null, "area_m2": 35.904037953489933, "perimeter_m": 24.608946639649943, "compactness": 0.7450185893486615, "dist_bin": 2 }, "geometry": { "type": "Polygon", "coordinates": [ [ [ 391143.223149263823871, -2723.263559651817559 ], [ 391139.479509596363641, -2719.763772699311176 ], [ 391145.425210992747452, -2714.514007532893629 ], [ 391148.067789236083627, -2718.232540949649774 ], [ 391143.223149263823871, -2723.263559651817559 ] ] ] } },
{ "type": "Feature", "properties": { "fid": 520, "class_name": "structure", "class_id": null, "dist_to_line": null, "risk_level": null, "area_m2": 19.277346571583621, "perimeter_m": 17.611076695245494, "compactness": 0.78106162827948733, "dist_bin": 2 }, "geometry": { "type": "Polygon", "coordinates": [ [ [ 389168.813040531240404, -4783.80480472212912 ], [ 389167.932240215595812, -4787.960867434105239 ], [ 389172.336529112188146, -4789.054507212356839 ], [ 389172.776893340749666, -4784.242231739534873 ], [ 389168.813040531240404, -4783.80480472212912 ] ] ] } },
{ "type": "Feature", "properties": { "fid": 521, "class_name": "structure", "class_id": null, "dist_to_line": null, "risk_level": null, "area_m2": 56.38622773688985, "perimeter_m": 32.245076561429578, "compactness": 0.68148465332893382, "dist_bin": 2 }, "geometry": { "type": "Polygon", "coordinates": [ [ [ 389126.312583820195869, -4843.958741404037937 ], [ 389122.12849052780075, -4841.552661893919321 ], [ 389127.633703611616511, -4831.70930864577349 ], [ 389132.038022140215617, -4834.990343532601401 ], [ 389126.312583820195869, -4843.958741404037937 ] ] ] } },
{ "type": "Feature", "properties": { "fid": 522, "class_name": "structure", "class_id": null, "dist_to_line": null, "risk_level": null, "area_m2": 20.168888956744922, "perimeter_m": 19.06523228234547, "compactness": 0.69728068808552179, "dist_bin": 2 }, "geometry": { "type": "Polygon", "coordinates": [ [ [ 389064.652830231992994, -4851.615447534431951 ], [ 389067.075213972711936, -4854.021550769364694 ], [ 389071.699650983850006, -4850.084176480780116 ], [ 389069.937908656254876, -4847.678064449754856 ], [ 389064.652830231992994, -4851.615447534431951 ] ] ] } },
{ "type": "Feature", "properties": { "fid": 523, "class_name": "structure", "class_id": null, "dist_to_line": null, "risk_level": null, "area_m2": 61.012782622314262, "perimeter_m": 32.107970573483215, "compactness": 0.74371233368359513, "dist_bin": 2 }, "geometry": { "type": "Polygon", "coordinates": [ [ [ 389070.158177812234499, -4851.834113747867377 ], [ 389066.414622218580917, -4857.740132663217992 ], [ 389071.699808554316405, -4861.896114341044267 ], [ 389077.865680614137091, -4853.36518812542181 ], [ 389070.158177812234499, -4851.834113747867377 ] ] ] } },
{ "type": "Feature", "properties": { "fid": 524, "class_name": "structure", "class_id": null, "dist_to_line": null, "risk_level": null, "area_m2": 39.614928289725867, "perimeter_m": 26.661074217438717, "compactness": 0.70034728668824942, "dist_bin": 2 }, "geometry": { "type": "Polygon", "coordinates": [ [ [ 389066.414692316378932, -4862.989882896827112 ], [ 389063.772173637931701, -4866.489751714054364 ], [ 389070.819087948533706, -4871.958147257424571 ], [ 389073.461603597679641, -4868.239538884150534 ], [ 389066.414692316378932, -4862.989882896827112 ] ] ] } },
{ "type": "Feature", "properties": { "fid": 525, "class_name": "structure", "class_id": null, "dist_to_line": null, "risk_level": null, "area_m2": 92.940832167536428, "perimeter_m": 39.188687205545357, "compactness": 0.76049259640306155, "dist_bin": 2 }, "geometry": { "type": "Polygon", "coordinates": [ [ [ 389067.956414226267952, -4879.832810875601353 ], [ 389062.891576349444222, -4885.738847831055864 ], [ 389069.93852917093318, -4894.050857673119935 ], [ 389076.324652434559539, -4888.363542571015387 ], [ 389067.956414226267952, -4879.832810875601353 ] ] ] } },
{ "type": "Feature", "properties": { "fid": 526, "class_name": "structure", "class_id": null, "dist_to_line": null, "risk_level": null, "area_m2": 114.43510340989087, "perimeter_m": 45.126584208414492, "compactness": 0.70616177868406615, "dist_bin": 2 }, "geometry": { "type": "Polygon", "coordinates": [ [ [ 388990.882514980214182, -4948.955569801797537 ], [ 389000.351641152403317, -4943.924429474782301 ], [ 389004.976250451058149, -4952.673951735903756 ], [ 388993.084775400871877, -4957.923864864500501 ], [ 388990.442137929610908, -4952.674149612139445 ], [ 388992.644261338398792, -4951.580421454192219 ], [ 388990.882514980214182, -4948.955569801797537 ] ] ] } },
{ "type": "Feature", "properties": { "fid": 527, "class_name": "structure", "class_id": null, "dist_to_line": null, "risk_level": null, "area_m2": 117.66402789435779, "perimeter_m": 48.296219500107185, "compactness": 0.63390956061295378, "dist_bin": 2 }, "geometry": { "type": "Polygon", "coordinates": [ [ [ 388376.714238167973235, -5543.061784386360159 ], [ 388376.053689509630203, -5549.186514233368143 ], [ 388386.623973656038288, -5549.40509207872401 ], [ 388387.504575760103762, -5532.780839831124467 ], [ 388376.714238167973235, -5543.061784386360159 ] ] ] } },
{ "type": "Feature", "properties": { "fid": 528, "class_name": "structure", "class_id": null, "dist_to_line": null, "risk_level": null, "area_m2": 64.579070249503275, "perimeter_m": 32.360505899707292, "compactness": 0.77494529764920217, "dist_bin": 2 }, "geometry": { "type": "Polygon", "coordinates": [ [ [ 388376.053790231933817, -5555.74871393210924 ], [ 388375.833717256784439, -5564.935796888156801 ], [ 388383.100792051875032, -5565.373165070473078 ], [ 388383.320875099685509, -5556.842302255807226 ], [ 388383.320875099685509, -5556.842302255807226 ], [ 388376.053790231933817, -5555.74871393210924 ] ] ] } },
{ "type": "Feature", "properties": { "fid": 529, "class_name": "structure", "class_id": null, "dist_to_line": null, "risk_level": null, "area_m2": 37.373911572475208, "perimeter_m": 26.19671707016823, "compactness": 0.68436009579243262, "dist_bin": 2 }, "geometry": { "type": "Polygon", "coordinates": [ [ [ 388357.556615102454089, -5608.684078109151415 ], [ 388357.116342881286982, -5618.746124919604881 ], [ 388358.657835452642757, -5618.308620975998565 ], [ 388362.18121839518426, -5615.464946292919194 ], [ 388361.300266587524675, -5609.340240049662498 ], [ 388357.556615102454089, -5608.684078109151415 ] ] ] } },
{ "type": "Feature", "properties": { "fid": 530, "class_name": "structure", "class_id": null, "dist_to_line": null, "risk_level": null, "area_m2": 111.27839850090368, "perimeter_m": 43.449640118420525, "compactness": 0.74071026527919337, "dist_bin": 2 }, "geometry": { "type": "Polygon", "coordinates": [ [ [ 388157.604985139390919, -5793.303840890683205 ], [ 388158.485989917186089, -5802.490911552891703 ], [ 388170.37755197630031, -5801.834500129741173 ], [ 388170.377474685781635, -5797.022217776905563 ], [ 388168.615760249609593, -5797.022246060433645 ], [ 388167.294383153319359, -5791.335024439948029 ], [ 388157.604985139390919, -5793.303840890683205 ] ] ] } },
{ "type": "Feature", "properties": { "fid": 531, "class_name": "structure", "class_id": null, "dist_to_line": null, "risk_level": null, "area_m2": 19.494209825763392, "perimeter_m": 18.089691681177303, "compactness": 0.74860577070462142, "dist_bin": 2 }, "geometry": { "type": "Polygon", "coordinates": [ [ [ 388152.980558299459517, -5797.897457566458797 ], [ 388156.283765977947041, -5797.459924288709772 ], [ 388157.605136187339667, -5802.709665824030708 ], [ 388153.861503417952918, -5803.365946343425094 ], [ 388152.980558299459517, -5797.897457566458797 ] ] ] } },
{ "type": "Feature", "properties": { "fid": 532, "class_name": "structure", "class_id": null, "dist_to_line": null, "risk_level": null, "area_m2": 111.30249448122595, "perimeter_m": 42.436098914607285, "compactness": 0.776683100568623, "dist_bin": 2 }, "geometry": { "type": "Polygon", "coordinates": [ [ [ 387871.771138446754776, -6063.233943789903606 ], [ 387880.579695356951561, -6061.921353843743418 ], [ 387883.002246171643492, -6073.295807255351065 ], [ 387872.872406207723543, -6074.827160031377389 ], [ 387871.771138446754776, -6063.233943789903606 ] ] ] } },
{ "type": "Feature", "properties": { "fid": 533, "class_name": "structure", "class_id": null, "dist_to_line": null, "risk_level": null, "area_m2": 37.446209632561477, "perimeter_m": 30.429937526505579, "compactness": 0.50817770409102347, "dist_bin": 2 }, "geometry": { "type": "Polygon", "coordinates": [ [ [ 387877.056958315777592, -6103.044585015162738 ], [ 387877.277032026846427, -6094.732450825225897 ], [ 387886.305810516292695, -6093.857336956350991 ], [ 387877.056958315777592, -6103.044585015162738 ] ] ] } },
{ "type": "Feature", "properties": { "fid": 534, "class_name": "structure", "class_id": null, "dist_to_line": null, "risk_level": null, "area_m2": 122.1700684259531, "perimeter_m": 46.067450548670138, "compactness": 0.72341302594133483, "dist_bin": 2 }, "geometry": { "type": "Polygon", "coordinates": [ [ [ 387668.296388459566515, -6266.447204445636999 ], [ 387668.736962646187749, -6274.759331827979622 ], [ 387669.177418565901462, -6276.290506911313059 ], [ 387679.527492906432599, -6275.634105042512601 ], [ 387679.527382229629438, -6269.290633741527017 ], [ 387681.729524294147268, -6269.071854951271234 ], [ 387680.628371285332832, -6264.478325978006069 ], [ 387668.296388459566515, -6266.447204445636999 ] ] ] } },
{ "type": "Feature", "properties": { "fid": 535, "class_name": "structure", "class_id": null, "dist_to_line": null, "risk_level": null, "area_m2": 93.109517043492815, "perimeter_m": 40.250623444340668, "compactness": 0.72220204668839605, "dist_bin": 2 }, "geometry": { "type": "Polygon", "coordinates": [ [ [ 387606.857407484436408, -6317.633537163736946 ], [ 387610.38104946364183, -6329.445458430308463 ], [ 387600.69164035510039, -6331.414293055055168 ], [ 387598.04898380197119, -6326.820790442668113 ], [ 387606.857407484436408, -6317.633537163736946 ] ] ] } },
{ "type": "Feature", "properties": { "fid": 536, "class_name": "disturbance", "class_id": null, "dist_to_line": null, "risk_level": null, "area_m2": 257.68969035861483, "perimeter_m": 74.871153150655189, "compactness": 0.57766740554137652, "dist_bin": 2 }, "geometry": { "type": "Polygon", "coordinates": [ [ [ 387277.643440405663569, -6705.903946722137334 ], [ 387272.578307203366421, -6695.623232262533747 ], [ 387268.834544839803129, -6689.717305351842697 ], [ 387295.920893879025243, -6685.77946858262203 ], [ 387297.242207224015146, -6687.091887576912086 ], [ 387277.643440405663569, -6705.903946722137334 ] ] ] } },
{ "type": "Feature", "properties": { "fid": 537, "class_name": "structure", "class_id": null, "dist_to_line": null, "risk_level": null, "area_m2": 96.001109783226639, "perimeter_m": 48.191526012321901, "compactness": 0.51945120752687357, "dist_bin": 2 }, "geometry": { "type": "Polygon", "coordinates": [ [ [ 387186.255994957929943, -6796.901778499123793 ], [ 387178.328284385264851, -6798.214373107100982 ], [ 387177.006870534387417, -6791.65217786748326 ], [ 387196.385704628541134, -6787.71447817234548 ], [ 387186.255994957929943, -6796.901778499123793 ] ] ] } },
{ "type": "Feature", "properties": { "fid": 538, "class_name": "disturbance", "class_id": null, "dist_to_line": null, "risk_level": null, "area_m2": 387.47424588563626, "perimeter_m": 80.682455950180042, "compactness": 0.74798775221502267, "dist_bin": 2 }, "geometry": { "type": "Polygon", "coordinates": [ [ [ 387064.699409807100892, -6903.649571369359364 ], [ 387057.652531549625564, -6903.649707435714845 ], [ 387057.212228427291848, -6910.211938351229037 ], [ 387047.963234333437867, -6911.962043142002585 ], [ 387044.439888139197137, -6916.774407866812908 ], [ 387045.761279481288511, -6922.024160388193195 ], [ 387053.248731922009028, -6929.46120087595682 ], [ 387058.09343534213258, -6928.148662501880608 ], [ 387070.425209618115332, -6914.5864977652991 ], [ 387064.699409807100892, -6903.649571369359364 ] ] ] } },
{ "type": "Feature", "properties": { "fid": 539, "class_name": "disturbance", "class_id": null, "dist_to_line": null, "risk_level": null, "area_m2": 569.35583667085393, "perimeter_m": 126.66806066435029, "compactness": 0.44592251250420251, "dist_bin": 2 }, "geometry": { "type": "Polygon", "coordinates": [ [ [ 387039.154213807894848, -6890.088137626023126 ], [ 387051.486192326876335, -6887.025529427250149 ], [ 387061.616181141289417, -6892.275112174370406 ], [ 387064.2589799198322, -6903.649579873256698 ], [ 387040.035360650043003, -6904.962492184618895 ], [ 387033.869367114442866, -6906.275055859070562 ], [ 387033.428979458636604, -6908.462471984252261 ], [ 387012.728899301670026, -6915.025095315149883 ], [ 387039.154213807894848, -6890.088137626023126 ] ] ] } },
{ "type": "Feature", "properties": { "fid": 540, "class_name": "disturbance", "class_id": null, "dist_to_line": null, "risk_level": null, "area_m2": 678.75455713174597, "perimeter_m": 168.28073851978843, "compactness": 0.30119919295336678, "dist_bin": 2 }, "geometry": { "type": "Polygon", "coordinates": [ [ [ 386807.492563554085791, -7122.395439325499865 ], [ 386818.063185143051669, -7137.269608485645222 ], [ 386754.201577027095482, -7175.769288919543214 ], [ 386807.492563554085791, -7122.395439325499865 ] ] ] } },
{ "type": "Feature", "properties": { "fid": 541, "class_name": "structure", "class_id": null, "dist_to_line": null, "risk_level": null, "area_m2": 52.916252726292441, "perimeter_m": 30.045734018315983, "compactness": 0.7366027050077818, "dist_bin": 2 }, "geometry": { "type": "Polygon", "coordinates": [ [ [ 386687.698723998910282, -7280.328807207881255 ], [ 386691.662713110796176, -7286.01599110524694 ], [ 386699.590378264605533, -7282.078491895601474 ], [ 386695.626416106999386, -7277.703753798813523 ], [ 386695.626416106999386, -7277.703753798813523 ], [ 386687.698723998910282, -7280.328807207881255 ] ] ] } },
{ "type": "Feature", "properties": { "fid": 542, "class_name": "agricultural_activity", "class_id": null, "dist_to_line": null, "risk_level": null, "area_m2": 480.00530010089278, "perimeter_m": 88.220798709581175, "compactness": 0.77502181331892561, "dist_bin": 2 }, "geometry": { "type": "Polygon", "coordinates": [ [ [ 386566.142251366574783, -7392.764182271145728 ], [ 386579.795886461331975, -7406.763324082110557 ], [ 386597.853188877226785, -7390.138631688164423 ], [ 386584.199555133469403, -7376.139489862527626 ], [ 386566.142251366574783, -7392.764182271145728 ] ] ] } },
{ "type": "Feature", "properties": { "fid": 543, "class_name": "agricultural_activity", "class_id": null, "dist_to_line": null, "risk_level": null, "area_m2": 532.24683359838673, "perimeter_m": 95.086138615875115, "compactness": 0.73975605357856966, "dist_bin": 2 }, "geometry": { "type": "Polygon", "coordinates": [ [ [ 386538.83556154940743, -7392.764749427099559 ], [ 386560.41706469428027, -7412.450994122348675 ], [ 386573.629732789471745, -7400.638703677715966 ], [ 386552.488643439603038, -7380.077485615951446 ], [ 386538.83556154940743, -7392.764749427099559 ] ] ] } },
{ "type": "Feature", "properties": { "fid": 544, "class_name": "structure", "class_id": null, "dist_to_line": null, "risk_level": null, "area_m2": 45.976407694901809, "perimeter_m": 27.307037541761567, "compactness": 0.7748109049055586, "dist_bin": 2 }, "geometry": { "type": "Polygon", "coordinates": [ [ [ 386278.987299231230281, -7667.509101528930842 ], [ 386279.427871791296639, -7674.07132786175589 ], [ 386286.474773913738318, -7674.508657949164444 ], [ 386286.474641598644666, -7668.38390461769086 ], [ 386278.987299231230281, -7667.509101528930842 ] ] ] } },
{ "type": "Feature", "properties": { "fid": 545, "class_name": "agricultural_activity", "class_id": null, "dist_to_line": null, "risk_level": null, "area_m2": 526.849122585656, "perimeter_m": 111.39332491396947, "compactness": 0.53355327606305381, "dist_bin": 2 }, "geometry": { "type": "Polygon", "coordinates": [ [ [ 386195.308202186250128, -7794.380830792388224 ], [ 386182.976002537820023, -7788.256346728308017 ], [ 386155.229537756880745, -7819.31821566230883 ], [ 386164.038310772972181, -7826.317741789690444 ], [ 386195.308202186250128, -7794.380830792388224 ] ] ] } },
{ "type": "Feature", "properties": { "fid": 546, "class_name": "agricultural_activity", "class_id": null, "dist_to_line": null, "risk_level": null, "area_m2": 1452.4495801159064, "perimeter_m": 192.72339272711883, "compactness": 0.49140782134466693, "dist_bin": 2 }, "geometry": { "type": "Polygon", "coordinates": [ [ [ 386112.507888638356235, -7826.31887897244178 ], [ 386093.130506000830792, -7897.628971118273512 ], [ 386149.06399716285523, -7841.629960985907019 ], [ 386112.507888638356235, -7826.31887897244178 ] ] ] } },
{ "type": "Feature", "properties": { "fid": 547, "class_name": "structure", "class_id": null, "dist_to_line": null, "risk_level": null, "area_m2": 181.39950593698813, "perimeter_m": 59.761685686575639, "compactness": 0.63826390623363749, "dist_bin": 2 }, "geometry": { "type": "Polygon", "coordinates": [ [ [ 385507.148888335679658, -8430.05923858587812 ], [ 385512.874615322216414, -8434.871417721811667 ], [ 385510.232328855257947, -8447.558495868626778 ], [ 385497.459820226999, -8447.996285093220649 ], [ 385501.423611222824547, -8444.058840577812589 ], [ 385496.57878921169322, -8440.996573542541228 ], [ 385507.148888335679658, -8430.05923858587812 ] ] ] } },
{ "type": "Feature", "properties": { "fid": 548, "class_name": "structure", "class_id": null, "dist_to_line": null, "risk_level": null, "area_m2": 54.21745302141062, "perimeter_m": 29.535187541419774, "compactness": 0.78103322687150767, "dist_bin": 2 }, "geometry": { "type": "Polygon", "coordinates": [ [ [ 385412.900046276510693, -8577.274652838103066 ], [ 385406.293468150310218, -8573.118721428989375 ], [ 385409.596568344044499, -8567.431357030180152 ], [ 385416.643567496386822, -8571.149794425577056 ], [ 385412.900046276510693, -8577.274652838103066 ] ] ] } },
{ "type": "Feature", "properties": { "fid": 549, "class_name": "structure", "class_id": null, "dist_to_line": null, "risk_level": null, "area_m2": 38.626912525363878, "perimeter_m": 25.607884388811989, "compactness": 0.74020575818541179, "dist_bin": 2 }, "geometry": { "type": "Polygon", "coordinates": [ [ [ 385405.632836411125027, -8573.774962589992356 ], [ 385403.210562629043125, -8577.931113779670341 ], [ 385408.7160453851684, -8581.430846861314421 ], [ 385413.120267497841269, -8577.493389169230795 ], [ 385405.632836411125027, -8573.774962589992356 ] ] ] } },
{ "type": "Feature", "properties": { "fid": 550, "class_name": "structure", "class_id": null, "dist_to_line": null, "risk_level": null, "area_m2": 51.663186565365322, "perimeter_m": 31.085079472299029, "compactness": 0.67187284674993208, "dist_bin": 2 }, "geometry": { "type": "Polygon", "coordinates": [ [ [ 385378.326431130873971, -8588.868805244641408 ], [ 385381.409384662169032, -8586.025087847165196 ], [ 385389.337365574785508, -8594.555821150292104 ], [ 385382.730925527634099, -8596.087174276035512 ], [ 385378.326431130873971, -8588.868805244641408 ] ] ] } },
{ "type": "Feature", "properties": { "fid": 551, "class_name": "structure", "class_id": null, "dist_to_line": null, "risk_level": null, "area_m2": 28.241273753346832, "perimeter_m": 27.980710250985197, "compactness": 0.45329056143399293, "dist_bin": 2 }, "geometry": { "type": "Polygon", "coordinates": [ [ [ 385392.640801746689249, -8602.649183578610973 ], [ 385391.319484928098973, -8601.774249025576864 ], [ 385397.265116953058168, -8593.680660967838776 ], [ 385401.449235157226212, -8594.336784013856231 ], [ 385392.640801746689249, -8602.649183578610973 ] ] ] } },
{ "type": "Feature", "properties": { "fid": 552, "class_name": "structure", "class_id": null, "dist_to_line": null, "risk_level": null, "area_m2": 112.72403932073939, "perimeter_m": 42.574083038611235, "compactness": 0.78151227004475043, "dist_bin": 2 }, "geometry": { "type": "Polygon", "coordinates": [ [ [ 385345.515214783896226, -8628.024375287626754 ], [ 385352.342085674463306, -8635.242685021112266 ], [ 385360.930313977762125, -8627.367772507754125 ], [ 385353.222590395016596, -8620.586967784092849 ], [ 385345.515214783896226, -8628.024375287626754 ] ] ] } },
{ "type": "Feature", "properties": { "fid": 553, "class_name": "structure", "class_id": null, "dist_to_line": null, "risk_level": null, "area_m2": 1014.2517082773265, "perimeter_m": 127.89830195988613, "compactness": 0.77915893382330614, "dist_bin": 2 }, "geometry": { "type": "Polygon", "coordinates": [ [ [ 385303.013724047050346, -8635.681378187320661 ], [ 385326.577325446647592, -8655.805040505247234 ], [ 385305.437143080518581, -8678.117219108940844 ], [ 385279.010768984444439, -8659.5248200893584 ], [ 385303.013724047050346, -8635.681378187320661 ] ] ] } },
{ "type": "Feature", "properties": { "fid": 554, "class_name": "structure", "class_id": null, "dist_to_line": null, "risk_level": null, "area_m2": 56.16930806934397, "perimeter_m": 30.189606751971269, "compactness": 0.77445114478614163, "dist_bin": 2 }, "geometry": { "type": "Polygon", "coordinates": [ [ [ 385250.164611589047126, -8745.928535586617727 ], [ 385244.218671065929811, -8741.553847598856009 ], [ 385249.283503115759231, -8736.085177140208543 ], [ 385255.449637745216023, -8739.584892573438992 ], [ 385250.164611589047126, -8745.928535586617727 ] ] ] } },
{ "type": "Feature", "properties": { "fid": 555, "class_name": "structure", "class_id": null, "dist_to_line": null, "risk_level": null, "area_m2": 42.96429916138004, "perimeter_m": 27.830141026700741, "compactness": 0.69708667598293017, "dist_bin": 2 }, "geometry": { "type": "Polygon", "coordinates": [ [ [ 385258.092072118306533, -8733.241315325514734 ], [ 385251.925915887346491, -8728.866632662275151 ], [ 385256.330110925540794, -8723.835462439366893 ], [ 385260.073777287150733, -8723.616627857916683 ], [ 385258.092072118306533, -8733.241315325514734 ] ] ] } },
{ "type": "Feature", "properties": { "fid": 556, "class_name": "structure", "class_id": null, "dist_to_line": null, "risk_level": null, "area_m2": 110.09755571997812, "perimeter_m": 43.744223148774466, "compactness": 0.72301303088135316, "dist_bin": 2 }, "geometry": { "type": "Polygon", "coordinates": [ [ [ 385216.692612944811117, -8779.396863725032745 ], [ 385210.306212141527794, -8773.928477907807974 ], [ 385218.674175250518601, -8764.084888060866433 ], [ 385225.500958699849434, -8767.584586782333645 ], [ 385216.692612944811117, -8779.396863725032745 ] ] ] } },
{ "type": "Feature", "properties": { "fid": 557, "class_name": "structure", "class_id": null, "dist_to_line": null, "risk_level": null, "area_m2": 49.880040231000748, "perimeter_m": 28.350451174565034, "compactness": 0.77986011536981126, "dist_bin": 2 }, "geometry": { "type": "Polygon", "coordinates": [ [ [ 385181.018531234236434, -8815.927638959119577 ], [ 385175.953447355132084, -8811.334187550814022 ], [ 385181.018279145180713, -8805.865515032939584 ], [ 385185.863130413519684, -8809.802746516959814 ], [ 385181.018531234236434, -8815.927638959119577 ] ] ] } },
{ "type": "Feature", "properties": { "fid": 558, "class_name": "structure", "class_id": null, "dist_to_line": null, "risk_level": null, "area_m2": 86.603291579638608, "perimeter_m": 39.287188652226803, "compactness": 0.70508643302103013, "dist_bin": 2 }, "geometry": { "type": "Polygon", "coordinates": [ [ [ 385186.083351921057329, -8810.021482822128746 ], [ 385181.238489699608181, -8805.646767694373921 ], [ 385189.38624740683008, -8796.24066544071502 ], [ 385195.111962550145108, -8800.177874941566188 ], [ 385186.083351921057329, -8810.021482822128746 ] ] ] } },
{ "type": "Feature", "properties": { "fid": 559, "class_name": "structure", "class_id": null, "dist_to_line": null, "risk_level": null, "area_m2": 76.82009637405281, "perimeter_m": 35.378272345164348, "compactness": 0.77127893468713293, "dist_bin": 2 }, "geometry": { "type": "Polygon", "coordinates": [ [ [ 385196.213048137258738, -8800.39658920851798 ], [ 385188.945804412767757, -8795.80319281534139 ], [ 385195.772331681684591, -8789.022025792684872 ], [ 385202.378938060777728, -8794.052922394130292 ], [ 385196.213048137258738, -8800.39658920851798 ] ] ] } },
{ "type": "Feature", "properties": { "fid": 560, "class_name": "structure", "class_id": null, "dist_to_line": null, "risk_level": null, "area_m2": 30.169010037854605, "perimeter_m": 27.233157857051921, "compactness": 0.5111812511854269, "dist_bin": 2 }, "geometry": { "type": "Polygon", "coordinates": [ [ [ 385768.980567389458884, -8223.561028353447909 ], [ 385767.659130805870518, -8217.436297444146476 ], [ 385777.128364789008629, -8215.686145472591306 ], [ 385777.128364789008629, -8215.686145472591306 ], [ 385768.980567389458884, -8223.561028353447909 ] ] ] } },
{ "type": "Feature", "properties": { "fid": 561, "class_name": "structure", "class_id": null, "dist_to_line": null, "risk_level": null, "area_m2": 26.867740613055503, "perimeter_m": 22.445137771912634, "compactness": 0.67018771069086691, "dist_bin": 2 }, "geometry": { "type": "Polygon", "coordinates": [ [ [ 385144.241931629832834, -8795.148085470666047 ], [ 385147.325022063276265, -8797.772910498684723 ], [ 385141.599530569976196, -8802.804116314609928 ], [ 385139.177110127231572, -8801.054242161311777 ], [ 385144.241931629832834, -8795.148085470666047 ] ] ] } },
{ "type": "Feature", "properties": { "fid": 562, "class_name": "structure", "class_id": null, "dist_to_line": null, "risk_level": null, "area_m2": 35.566654069945798, "perimeter_m": 24.64311958814266, "compactness": 0.73597236229401664, "dist_bin": 2 }, "geometry": { "type": "Polygon", "coordinates": [ [ [ 385139.177099175343756, -8800.616758459331322 ], [ 385142.039979114662856, -8803.460330834008346 ], [ 385137.635805908124894, -8809.36647111844286 ], [ 385133.451618561230134, -8806.085448153893594 ], [ 385139.177099175343756, -8800.616758459331322 ] ] ] } },
{ "type": "Feature", "properties": { "fid": 563, "class_name": "structure", "class_id": null, "dist_to_line": null, "risk_level": null, "area_m2": 65.012762951380864, "perimeter_m": 33.465918808870413, "compactness": 0.72946251759333292, "dist_bin": 2 }, "geometry": { "type": "Polygon", "coordinates": [ [ [ 385133.892056162992958, -8806.304178975138711 ], [ 385138.076248988392763, -8809.803943784465446 ], [ 385131.910396734892856, -8817.67880508325652 ], [ 385125.964464269287419, -8813.741600774987091 ], [ 385133.892056162992958, -8806.304178975138711 ] ] ] } },
{ "type": "Feature", "properties": { "fid": 564, "class_name": "structure", "class_id": null, "dist_to_line": null, "risk_level": null, "area_m2": 34.144904879951355, "perimeter_m": 24.803604916302035, "compactness": 0.6974388909536694, "dist_bin": 2 }, "geometry": { "type": "Polygon", "coordinates": [ [ [ 385126.404901884146966, -8813.960331590204078 ], [ 385133.011477042164188, -8817.678777464692757 ], [ 385130.809426187654026, -8822.053669807997721 ], [ 385123.982590983214322, -8816.585294646391048 ], [ 385126.404901884146966, -8813.960331590204078 ] ] ] } },
{ "type": "Feature", "properties": { "fid": 565, "class_name": "structure", "class_id": null, "dist_to_line": null, "risk_level": null, "area_m2": 62.410292459309858, "perimeter_m": 32.320460714027874, "compactness": 0.75077706313779802, "dist_bin": 2 }, "geometry": { "type": "Polygon", "coordinates": [ [ [ 385123.982585496851243, -8816.366552786686952 ], [ 385131.029631270910613, -8821.616180571338191 ], [ 385127.06586842040997, -8826.647342766269503 ], [ 385118.697515100357123, -8820.96026446957876 ], [ 385123.982585496851243, -8816.366552786686952 ] ] ] } },
{ "type": "Feature", "properties": { "fid": 566, "class_name": "structure", "class_id": null, "dist_to_line": null, "risk_level": null, "area_m2": 46.024573000857345, "perimeter_m": 29.324595876320728, "compactness": 0.67256700910756262, "dist_bin": 2 }, "geometry": { "type": "Polygon", "coordinates": [ [ [ 385119.358168799313717, -8821.178989752694179 ], [ 385127.065862927935086, -8826.428600908957378 ], [ 385124.643590593535919, -8830.58475704936609 ], [ 385116.055004608933814, -8824.241458752732797 ], [ 385119.358168799313717, -8821.178989752694179 ] ] ] } },
{ "type": "Feature", "properties": { "fid": 567, "class_name": "structure", "class_id": null, "dist_to_line": null, "risk_level": null, "area_m2": 62.193379884847673, "perimeter_m": 32.519142453688715, "compactness": 0.73905345921759058, "dist_bin": 2 }, "geometry": { "type": "Polygon", "coordinates": [ [ [ 385116.055010100651998, -8824.460200616997099 ], [ 385124.20315846207086, -8830.584768113736573 ], [ 385119.138293342897668, -8834.740990734173465 ], [ 385111.650804003700614, -8829.053890398883595 ], [ 385116.055010100651998, -8824.460200616997099 ] ] ] } },
{ "type": "Feature", "properties": { "fid": 568, "class_name": "structure", "class_id": null, "dist_to_line": null, "risk_level": null, "area_m2": 85.350319789096829, "perimeter_m": 37.111577384215103, "compactness": 0.77874664535948213, "dist_bin": 2 }, "geometry": { "type": "Polygon", "coordinates": [ [ [ 385118.697850209195167, -8834.303518080001595 ], [ 385113.412851515575312, -8841.740874337025161 ], [ 385106.145539529854432, -8834.522575450266231 ], [ 385111.650782025593799, -8828.178922931658235 ], [ 385118.697850209195167, -8834.303518080001595 ] ] ] } },
{ "type": "Feature", "properties": { "fid": 569, "class_name": "structure", "class_id": null, "dist_to_line": null, "risk_level": null, "area_m2": 47.229399487456249, "perimeter_m": 30.497886918903806, "compactness": 0.63809124821893193, "dist_bin": 2 }, "geometry": { "type": "Polygon", "coordinates": [ [ [ 385103.723250667389948, -8838.022506283810799 ], [ 385112.091643139487132, -8845.240777428696674 ], [ 385109.889564992801752, -8848.521960854423014 ], [ 385101.300978336599655, -8842.178662782098399 ], [ 385103.723250667389948, -8838.022506283810799 ] ] ] } },
{ "type": "Feature", "properties": { "fid": 570, "class_name": "structure", "class_id": null, "dist_to_line": null, "risk_level": null, "area_m2": 120.1940320461581, "perimeter_m": 44.507256316789686, "compactness": 0.76248468136499792, "dist_bin": 2 }, "geometry": { "type": "Polygon", "coordinates": [ [ [ 385099.759421750088222, -8840.428766577453644 ], [ 385109.889576007146388, -8848.959444588323095 ], [ 385102.842821341182571, -8855.303136278598686 ], [ 385093.373325996275526, -8847.20992542996828 ], [ 385099.759421750088222, -8840.428766577453644 ] ] ] } },
{ "type": "Feature", "properties": { "fid": 571, "class_name": "structure", "class_id": null, "dist_to_line": null, "risk_level": null, "area_m2": 65.591081124737684, "perimeter_m": 32.487766881201139, "compactness": 0.78093508184579652, "dist_bin": 2 }, "geometry": { "type": "Polygon", "coordinates": [ [ [ 385092.05224436451681, -8855.740891933761304 ], [ 385096.456422766612377, -8850.05349219274467 ], [ 385103.503469575487543, -8855.303119632504604 ], [ 385098.438654131372459, -8861.428019716398921 ], [ 385092.05224436451681, -8855.740891933761304 ] ] ] } },
{ "type": "Feature", "properties": { "fid": 572, "class_name": "structure", "class_id": null, "dist_to_line": null, "risk_level": null, "area_m2": 69.301946880608739, "perimeter_m": 33.437772295748033, "compactness": 0.77889806930201511, "dist_bin": 2 }, "geometry": { "type": "Polygon", "coordinates": [ [ [ 385092.272454936930444, -8855.522144506672703 ], [ 385098.879086292872671, -8861.428008610890174 ], [ 385092.713184963504318, -8867.334194768174711 ], [ 385087.207672450866085, -8862.959496084211423 ], [ 385092.272454936930444, -8855.522144506672703 ] ] ] } },
{ "type": "Feature", "properties": { "fid": 573, "class_name": "structure", "class_id": null, "dist_to_line": null, "risk_level": null, "area_m2": 59.759687510755612, "perimeter_m": 31.773329191841484, "compactness": 0.74386262298397687, "dist_bin": 2 }, "geometry": { "type": "Polygon", "coordinates": [ [ [ 385088.308471695811022, -8851.803632434335668 ], [ 385092.272438400890678, -8854.86591887384202 ], [ 385087.4278940554359, -8863.17823241019687 ], [ 385081.481943803257309, -8858.58480281746597 ], [ 385088.308471695811022, -8851.803632434335668 ] ] ] } },
{ "type": "Feature", "properties": { "fid": 574, "class_name": "structure", "class_id": null, "dist_to_line": null, "risk_level": null, "area_m2": 68.820005892950576, "perimeter_m": 33.932560425995533, "compactness": 0.75108883673860005, "dist_bin": 2 }, "geometry": { "type": "Polygon", "coordinates": [ [ [ 385078.178983847144991, -8869.74072227958095 ], [ 385082.583162165828981, -8864.053322142388424 ], [ 385089.850480757770129, -8871.490362697159071 ], [ 385085.666496633610222, -8876.302789707689954 ], [ 385078.178983847144991, -8869.74072227958095 ] ] ] } },
{ "type": "Feature", "properties": { "fid": 575, "class_name": "structure", "class_id": null, "dist_to_line": null, "risk_level": null, "area_m2": 31.325653403375327, "perimeter_m": 24.283724349113427, "compactness": 0.66754325736712417, "dist_bin": 2 }, "geometry": { "type": "Polygon", "coordinates": [ [ [ 385079.060146588250063, -8881.552761826613278 ], [ 385076.637714284297545, -8879.365404195239535 ], [ 385081.92274024739163, -8873.021756028216259 ], [ 385085.226047881180421, -8875.646575190079602 ], [ 385079.060146588250063, -8881.552761826613278 ] ] ] } },
{ "type": "Feature", "properties": { "fid": 576, "class_name": "structure", "class_id": null, "dist_to_line": null, "risk_level": null, "area_m2": 40.120931770925381, "perimeter_m": 25.525947969276583, "compactness": 0.77377931403038414, "dist_bin": 2 }, "geometry": { "type": "Polygon", "coordinates": [ [ [ 385068.930294705147389, -8885.052888141242875 ], [ 385063.204554437310435, -8880.240711261874822 ], [ 385067.828993050148711, -8876.303240321598423 ], [ 385072.453647182206623, -8880.896703154658098 ], [ 385072.453647182206623, -8880.896703154658098 ], [ 385068.930294705147389, -8885.052888141242875 ] ] ] } },
{ "type": "Feature", "properties": { "fid": 577, "class_name": "structure", "class_id": null, "dist_to_line": null, "risk_level": null, "area_m2": 67.904314762516151, "perimeter_m": 33.329775634366584, "compactness": 0.76814366774356513, "dist_bin": 2 }, "geometry": { "type": "Polygon", "coordinates": [ [ [ 385066.067712338117417, -8894.021378123203249 ], [ 385069.591031523304991, -8888.552741677991435 ], [ 385078.179575452813879, -8893.146103989451149 ], [ 385073.334982015192509, -8899.48974134771197 ], [ 385066.067712338117417, -8894.021378123203249 ] ] ] } },
{ "type": "Feature", "properties": { "fid": 578, "class_name": "structure", "class_id": null, "dist_to_line": null, "risk_level": null, "area_m2": 56.482498235109233, "perimeter_m": 33.237840127225745, "compactness": 0.64247786888311131, "dist_bin": 2 }, "geometry": { "type": "Polygon", "coordinates": [ [ [ 385057.258896642306354, -8887.240602292504263 ], [ 385059.020536960510071, -8883.740687375367997 ], [ 385069.591042591258883, -8888.990225458272107 ], [ 385066.948576734634116, -8894.021355824255807 ], [ 385057.258896642306354, -8887.240602292504263 ] ] ] } },
{ "type": "Feature", "properties": { "fid": 579, "class_name": "structure", "class_id": null, "dist_to_line": null, "risk_level": null, "area_m2": 112.09754058669296, "perimeter_m": 52.342345529407581, "compactness": 0.51416154064280106, "dist_bin": 2 }, "geometry": { "type": "Polygon", "coordinates": [ [ [ 385058.80043151130667, -8888.115530883853353 ], [ 385056.378137384774163, -8891.396720644755987 ], [ 385059.461190532485489, -8892.490352097118375 ], [ 385057.919738717377186, -8894.896551985086262 ], [ 385062.984781091217883, -8897.74006836737135 ], [ 385062.103994257980958, -8900.802477196621112 ], [ 385068.270150363212451, -8904.958416898696669 ], [ 385073.114749299827963, -8898.833521263195507 ], [ 385058.80043151130667, -8888.115530883853353 ] ] ] } },
{ "type": "Feature", "properties": { "fid": 580, "class_name": "structure", "class_id": null, "dist_to_line": null, "risk_level": null, "area_m2": 221.71314130740939, "perimeter_m": 64.200834924350048, "compactness": 0.67595836551401201, "dist_bin": 2 }, "geometry": { "type": "Polygon", "coordinates": [ [ [ 385047.569631507794838, -8896.865491186455984 ], [ 385044.927126828522887, -8900.3654285969169 ], [ 385062.764986416848842, -8914.364457855639557 ], [ 385069.371258570230566, -8906.052098438696703 ], [ 385067.609485437220428, -8904.302207971413736 ], [ 385050.652585038857069, -8894.021768382410301 ], [ 385047.569631507794838, -8896.865491186455984 ] ] ] } },
{ "type": "Feature", "properties": { "fid": 581, "class_name": "structure", "class_id": null, "dist_to_line": null, "risk_level": null, "area_m2": 41.879957655586622, "perimeter_m": 26.352272426546982, "compactness": 0.75784424131321382, "dist_bin": 2 }, "geometry": { "type": "Polygon", "coordinates": [ [ [ 385040.523037463310175, -8909.552700307898704 ], [ 385043.385752643109299, -8905.834015299829844 ], [ 385050.212557472521439, -8909.989938348377109 ], [ 385045.808351818297524, -8914.583630041639481 ], [ 385040.523037463310175, -8909.552700307898704 ] ] ] } },
{ "type": "Feature", "properties": { "fid": 582, "class_name": "structure", "class_id": null, "dist_to_line": null, "risk_level": null, "area_m2": 87.784048848265229, "perimeter_m": 39.928772123973232, "compactness": 0.69191629984695224, "dist_bin": 2 }, "geometry": { "type": "Polygon", "coordinates": [ [ [ 385033.916481839027256, -8906.709223036130425 ], [ 385039.642211845610291, -8911.083916005238279 ], [ 385031.714659262448549, -8920.052535545071805 ], [ 385027.310236863268074, -8916.115292930837313 ], [ 385029.071921421214938, -8914.365312894375165 ], [ 385026.649499662453309, -8912.61543905180406 ], [ 385033.916481839027256, -8906.709223036130425 ] ] ] } },
{ "type": "Feature", "properties": { "fid": 583, "class_name": "structure", "class_id": null, "dist_to_line": null, "risk_level": null, "area_m2": 61.783794342605688, "perimeter_m": 31.815119230613867, "compactness": 0.76703879476232617, "dist_bin": 2 }, "geometry": { "type": "Polygon", "coordinates": [ [ [ 385046.028984653530642, -8930.989267192235275 ], [ 385038.761713938903995, -8925.520904275588691 ], [ 385042.505254517775029, -8920.271003418931286 ], [ 385050.212946176412515, -8925.301871406436476 ], [ 385046.028984653530642, -8930.989267192235275 ] ] ] } },
{ "type": "Feature", "properties": { "fid": 584, "class_name": "structure", "class_id": null, "dist_to_line": null, "risk_level": null, "area_m2": 63.085000412400404, "perimeter_m": 36.830212913489149, "compactness": 0.58442329064584142, "dist_bin": 2 }, "geometry": { "type": "Polygon", "coordinates": [ [ [ 385031.714870462426916, -8928.36472820243398 ], [ 385034.137164376094006, -8925.083537969447207 ], [ 385046.029012462357059, -8932.082976706093177 ], [ 385043.166308725834824, -8936.239145685838594 ], [ 385031.714870462426916, -8928.36472820243398 ] ] ] } },
{ "type": "Feature", "properties": { "fid": 585, "class_name": "structure", "class_id": null, "dist_to_line": null, "risk_level": null, "area_m2": 26.554507946621015, "perimeter_m": 21.226768330470488, "compactness": 0.74059429517360242, "dist_bin": 2 }, "geometry": { "type": "Polygon", "coordinates": [ [ [ 385029.07237157120835, -8932.083407906397042 ], [ 385025.328636310587171, -8929.677342042392411 ], [ 385029.292387515073642, -8924.208693425143792 ], [ 385032.155258221726399, -8926.614781713695265 ], [ 385029.07237157120835, -8932.083407906397042 ] ] ] } },
{ "type": "Feature", "properties": { "fid": 586, "class_name": "structure", "class_id": null, "dist_to_line": null, "risk_level": null, "area_m2": 62.603081908124295, "perimeter_m": 31.832209469273494, "compactness": 0.77637583584185033, "dist_bin": 2 }, "geometry": { "type": "Polygon", "coordinates": [ [ [ 385018.722341736021917, -8937.114735289391319 ], [ 385023.346691196260508, -8929.67739243464348 ], [ 385029.95326386927627, -8933.177095068467679 ], [ 385026.429972901882138, -8939.739442129073723 ], [ 385018.722341736021917, -8937.114735289391319 ] ] ] } },
{ "type": "Feature", "properties": { "fid": 587, "class_name": "structure", "class_id": null, "dist_to_line": null, "risk_level": null, "area_m2": 46.193229804244766, "perimeter_m": 27.556874762121446, "compactness": 0.76441335852029602, "dist_bin": 2 }, "geometry": { "type": "Polygon", "coordinates": [ [ [ 385032.81614575535059, -8936.0206670967018 ], [ 385036.559719597280491, -8932.083217498417071 ], [ 385043.166308725834824, -8936.239145685838594 ], [ 385038.762108926544897, -8941.051579687777121 ], [ 385032.81614575535059, -8936.0206670967018 ] ] ] } },
{ "type": "Feature", "properties": { "fid": 588, "class_name": "structure", "class_id": null, "dist_to_line": null, "risk_level": null, "area_m2": 16.578509131108149, "perimeter_m": 16.910353378834191, "compactness": 0.72853424440667369, "dist_bin": 2 }, "geometry": { "type": "Polygon", "coordinates": [ [ [ 385039.643129340489395, -8947.176330637734281 ], [ 385037.000491398037411, -8945.426462689374603 ], [ 385040.523848972981796, -8941.48901865505286 ], [ 385043.166486870206427, -8943.238886619052209 ], [ 385039.643129340489395, -8947.176330637734281 ] ] ] } },
{ "type": "Feature", "properties": { "fid": 589, "class_name": "structure", "class_id": null, "dist_to_line": null, "risk_level": null, "area_m2": 32.337735079454433, "perimeter_m": 23.03124236601727, "compactness": 0.76609871113047989, "dist_bin": 2 }, "geometry": { "type": "Polygon", "coordinates": [ [ [ 385011.675525825587101, -8941.052269253850682 ], [ 385007.931784750428051, -8938.427461459226834 ], [ 385011.455098157050088, -8932.7400817468897 ], [ 385015.639282544958405, -8935.802362218724738 ], [ 385011.675525825587101, -8941.052269253850682 ] ] ] } },
{ "type": "Feature", "properties": { "fid": 590, "class_name": "structure", "class_id": null, "dist_to_line": null, "risk_level": null, "area_m2": 58.458419948873598, "perimeter_m": 31.525458487013591, "compactness": 0.73915260870786703, "dist_bin": 2 }, "geometry": { "type": "Polygon", "coordinates": [ [ [ 385000.885464981256519, -8961.833027348386167 ], [ 384996.040626203466672, -8958.552022012790985 ], [ 385000.885169283079449, -8950.239705073341611 ], [ 385003.747967910021544, -8949.8021482464992 ], [ 385004.628983030561358, -8955.708157839198975 ], [ 385000.885464981256519, -8961.833027348386167 ] ] ] } },
{ "type": "Feature", "properties": { "fid": 591, "class_name": "structure", "class_id": null, "dist_to_line": null, "risk_level": null, "area_m2": 250.36401169248347, "perimeter_m": 96.762359065125253, "compactness": 0.33602289567175886, "dist_bin": 2 }, "geometry": { "type": "Polygon", "coordinates": [ [ [ 385014.098120564769488, -8949.583142536732339 ], [ 385011.455644101719372, -8954.176790272931612 ], [ 385026.21038681344362, -8964.457284031321251 ], [ 385036.560148318530992, -8948.92634443292809 ], [ 385026.430028586182743, -8941.926861274414478 ], [ 385017.180839975597337, -8937.552258359104599 ], [ 385026.430190149869304, -8948.2703767899784 ], [ 385022.246262229920831, -8955.270224726849847 ], [ 385014.098120564769488, -8949.583142536732339 ] ] ] } },
{ "type": "Feature", "properties": { "fid": 592, "class_name": "structure", "class_id": null, "dist_to_line": null, "risk_level": null, "area_m2": 119.5675215434967, "perimeter_m": 44.200859559747897, "compactness": 0.76906254545739128, "dist_bin": 2 }, "geometry": { "type": "Polygon", "coordinates": [ [ [ 385001.986897649825551, -8975.613740736996988 ], [ 385007.932532072474714, -8967.738879472113695 ], [ 385018.062641642289236, -8974.300878337393442 ], [ 385013.218088173365686, -8982.175711298361421 ], [ 385001.986897649825551, -8975.613740736996988 ] ] ] } },
{ "type": "Feature", "properties": { "fid": 593, "class_name": "structure", "class_id": null, "dist_to_line": null, "risk_level": null, "area_m2": 85.663570851455006, "perimeter_m": 39.543050583458722, "compactness": 0.68843936801586858, "dist_bin": 2 }, "geometry": { "type": "Polygon", "coordinates": [ [ [ 384998.904028352873866, -8981.738593580847009 ], [ 385001.766692696604878, -8976.051230222476079 ], [ 385013.878753342898563, -8982.831920161668677 ], [ 385009.914997350191697, -8988.081827701447764 ], [ 384998.904028352873866, -8981.738593580847009 ] ] ] } },
{ "type": "Feature", "properties": { "fid": 594, "class_name": "structure", "class_id": null, "dist_to_line": null, "risk_level": null, "area_m2": 185.90559534361819, "perimeter_m": 56.347878879945704, "compactness": 0.73577864771709522, "dist_bin": 2 }, "geometry": { "type": "Polygon", "coordinates": [ [ [ 384999.124238894612063, -8981.519846018234603 ], [ 384989.214378326956648, -8976.270293047356972 ], [ 385000.224799821560737, -8961.176818420177369 ], [ 385007.93253765872214, -8967.957621396877585 ], [ 384999.124238894612063, -8981.519846018234603 ] ] ] } },
{ "type": "Feature", "properties": { "fid": 595, "class_name": "structure", "class_id": null, "dist_to_line": null, "risk_level": null, "area_m2": 104.0492776697065, "perimeter_m": 47.829365554137361, "compactness": 0.57155719136882865, "dist_bin": 2 }, "geometry": { "type": "Polygon", "coordinates": [ [ [ 384983.048007689358201, -8963.802160104534778 ], [ 384986.791760386666283, -8966.864451655397716 ], [ 384997.802204685052857, -8952.645944909312675 ], [ 384992.737121920508798, -8948.271235352185613 ], [ 384983.048007689358201, -8963.802160104534778 ] ] ] } },
{ "type": "Feature", "properties": { "fid": 596, "class_name": "structure", "class_id": null, "dist_to_line": null, "risk_level": null, "area_m2": 58.217528600369405, "perimeter_m": 30.776238204371584, "compactness": 0.77238273919326716, "dist_bin": 2 }, "geometry": { "type": "Polygon", "coordinates": [ [ [ 384969.174641574267298, -8973.645902045891489 ], [ 384974.459644842601847, -8966.427282741335148 ], [ 384979.744927477149758, -8970.145760772647918 ], [ 384975.340783377818298, -8977.145615541963707 ], [ 384969.174641574267298, -8973.645902045891489 ] ] ] } },
{ "type": "Feature", "properties": { "fid": 597, "class_name": "structure", "class_id": null, "dist_to_line": null, "risk_level": null, "area_m2": 25.879791681505594, "perimeter_m": 20.979776975365631, "compactness": 0.73887148434703953, "dist_bin": 2 }, "geometry": { "type": "Polygon", "coordinates": [ [ [ 384974.01920694776345, -8966.208552044628959 ], [ 384977.983164741832297, -8968.833354126509221 ], [ 384981.946954873972572, -8964.895897923039229 ], [ 384979.524504626286216, -8962.052314525224574 ], [ 384974.01920694776345, -8966.208552044628959 ] ] ] } },
{ "type": "Feature", "properties": { "fid": 598, "class_name": "structure", "class_id": null, "dist_to_line": null, "risk_level": null, "area_m2": 77.783995976365986, "perimeter_m": 35.445333314585639, "compactness": 0.77800427792394666, "dist_bin": 2 }, "geometry": { "type": "Polygon", "coordinates": [ [ [ 384975.120919893146493, -8990.92636367220075 ], [ 384981.506997850374319, -8983.488974147923727 ], [ 384987.893389252596535, -8988.301133338434738 ], [ 384983.269029477145523, -8995.300993779470446 ], [ 384975.120919893146493, -8990.92636367220075 ] ] ] } },
{ "type": "Feature", "properties": { "fid": 599, "class_name": "structure", "class_id": null, "dist_to_line": null, "risk_level": null, "area_m2": 98.555271152597925, "perimeter_m": 45.483167589722235, "compactness": 0.59867113043680231, "dist_bin": 2 }, "geometry": { "type": "Polygon", "coordinates": [ [ [ 384990.096021551347803, -9006.675399455998559 ], [ 384980.626570260967128, -9000.550868055774117 ], [ 384982.60839785146527, -8995.957236524045584 ], [ 384986.792577488813549, -8998.800774488503521 ], [ 384987.893568520550616, -8995.300875293518402 ], [ 384997.36298027576413, -8999.89421322258022 ], [ 384990.096021551347803, -9006.675399455998559 ] ] ] } },
{ "type": "Feature", "properties": { "fid": 600, "class_name": "structure", "class_id": null, "dist_to_line": null, "risk_level": null, "area_m2": 60.217493700673003, "perimeter_m": 35.878434885830686, "compactness": 0.58784869784728944, "dist_bin": 2 }, "geometry": { "type": "Polygon", "coordinates": [ [ [ 384983.709933028789237, -9013.675305294684222 ], [ 384980.847066975547932, -9011.487959400195905 ], [ 384983.269377219956368, -9008.862993965416536 ], [ 384980.406511189066805, -9006.675648026912313 ], [ 384981.507485327543691, -9002.519522929431332 ], [ 384991.197102258680388, -9006.675371210629237 ], [ 384983.709933028789237, -9013.675305294684222 ] ] ] } },
{ "type": "Feature", "properties": { "fid": 601, "class_name": "structure", "class_id": null, "dist_to_line": null, "risk_level": null, "area_m2": 78.145416558794295, "perimeter_m": 35.529768724099398, "compactness": 0.77790867301852118, "dist_bin": 2 }, "geometry": { "type": "Polygon", "coordinates": [ [ [ 384954.421549908118322, -9027.89428445784506 ], [ 384959.266131117532495, -9021.113159325665038 ], [ 384967.854662468191236, -9025.050293654019697 ], [ 384967.41428640356753, -9027.237724449514644 ], [ 384958.165320321102627, -9031.612801366058193 ], [ 384954.421549908118322, -9027.89428445784506 ] ] ] } },
{ "type": "Feature", "properties": { "fid": 602, "class_name": "structure", "class_id": null, "dist_to_line": null, "risk_level": null, "area_m2": 59.157264044682961, "perimeter_m": 30.901312494570007, "compactness": 0.77850981510433115, "dist_bin": 2 }, "geometry": { "type": "Polygon", "coordinates": [ [ [ 384948.035146127804182, -9022.644641699500426 ], [ 384953.540651500225067, -9026.58185537981808 ], [ 384959.045926201972179, -9021.550648890644879 ], [ 384953.320159851748031, -9015.863505188272029 ], [ 384948.035146127804182, -9022.644641699500426 ] ] ] } },
{ "type": "Feature", "properties": { "fid": 603, "class_name": "structure", "class_id": null, "dist_to_line": null, "risk_level": null, "area_m2": 83.71172810949065, "perimeter_m": 40.511386569281541, "compactness": 0.64097627611911068, "dist_bin": 2 }, "geometry": { "type": "Polygon", "coordinates": [ [ [ 384940.547565907996614, -9013.676413648534435 ], [ 384944.291358823655173, -9018.269898703498257 ], [ 384954.641232194029726, -9007.113793013673785 ], [ 384949.796392369957175, -9003.832787953208026 ], [ 384940.547565907996614, -9013.676413648534435 ] ] ] } },
{ "type": "Feature", "properties": { "fid": 604, "class_name": "structure", "class_id": null, "dist_to_line": null, "risk_level": null, "area_m2": 80.506868380653032, "perimeter_m": 39.775690404804699, "compactness": 0.63945110797234284, "dist_bin": 2 }, "geometry": { "type": "Polygon", "coordinates": [ [ [ 384941.868823616881855, -9012.145185966837744 ], [ 384937.464393454603851, -9007.989201700824196 ], [ 384948.254738951392937, -8998.364278489820208 ], [ 384951.778298590506893, -9002.301543403558753 ], [ 384941.868823616881855, -9012.145185966837744 ] ] ] } },
{ "type": "Feature", "properties": { "fid": 605, "class_name": "structure", "class_id": null, "dist_to_line": null, "risk_level": null, "area_m2": 49.253483537144348, "perimeter_m": 34.834162337846038, "compactness": 0.51007739011741327, "dist_bin": 2 }, "geometry": { "type": "Polygon", "coordinates": [ [ [ 384935.262181175523438, -9006.020580513004461 ], [ 384937.464404684200417, -9008.426685634289242 ], [ 384948.034539607702754, -8999.020510017568085 ], [ 384944.951451549888588, -8996.614427479506048 ], [ 384944.951451549888588, -8996.614427479506048 ], [ 384935.262181175523438, -9006.020580513004461 ] ] ] } },
{ "type": "Feature", "properties": { "fid": 606, "class_name": "structure", "class_id": null, "dist_to_line": null, "risk_level": null, "area_m2": 36.385911226054304, "perimeter_m": 40.442088871510222, "compactness": 0.27956059825853824, "dist_bin": 2 }, "geometry": { "type": "Polygon", "coordinates": [ [ [ 384945.171684542205185, -8997.270647721914429 ], [ 384948.69519372069044, -8999.239235038698098 ], [ 384957.062998961657286, -8983.270857741366854 ], [ 384945.171684542205185, -8997.270647721914429 ] ] ] } },
{ "type": "Feature", "properties": { "fid": 607, "class_name": "structure", "class_id": null, "dist_to_line": null, "risk_level": null, "area_m2": 71.181468239694368, "perimeter_m": 34.197395046618183, "compactness": 0.7648755088684831, "dist_bin": 2 }, "geometry": { "type": "Polygon", "coordinates": [ [ [ 384922.269763646647334, -9019.145432523077034 ], [ 384929.096633990877308, -9025.707516198166559 ], [ 384934.601909062941559, -9020.676309341250089 ], [ 384926.894168577098753, -9013.895506309932898 ], [ 384922.269763646647334, -9019.145432523077034 ] ] ] } },
{ "type": "Feature", "properties": { "fid": 608, "class_name": "structure", "class_id": null, "dist_to_line": null, "risk_level": null, "area_m2": 72.603155912758666, "perimeter_m": 34.191979131325738, "compactness": 0.78039932221023489, "dist_bin": 2 }, "geometry": { "type": "Polygon", "coordinates": [ [ [ 384938.345932889147662, -9034.238214958239041 ], [ 384931.298857668181881, -9028.113621224714734 ], [ 384937.464758696209174, -9022.207429516864067 ], [ 384943.410764098633081, -9028.76953552793384 ], [ 384938.345932889147662, -9034.238214958239041 ] ] ] } },
{ "type": "Feature", "properties": { "fid": 609, "class_name": "structure", "class_id": null, "dist_to_line": null, "risk_level": null, "area_m2": 61.03678506938013, "perimeter_m": 31.478475187348874, "compactness": 0.7740591350576923, "dist_bin": 2 }, "geometry": { "type": "Polygon", "coordinates": [ [ [ 384942.750385859108064, -9039.269166709051206 ], [ 384937.685284370440058, -9034.238231965098748 ], [ 384943.851202064193785, -9028.988266159201885 ], [ 384949.576951886003371, -9034.019183898550182 ], [ 384942.750385859108064, -9039.269166709051206 ] ] ] } },
{ "type": "Feature", "properties": { "fid": 610, "class_name": "structure", "class_id": null, "dist_to_line": null, "risk_level": null, "area_m2": 64.458546663605375, "perimeter_m": 32.350442409691972, "compactness": 0.77398033214311213, "dist_bin": 2 }, "geometry": { "type": "Polygon", "coordinates": [ [ [ 384950.017682813690044, -9045.612496303439912 ], [ 384943.190818197093904, -9039.269155365316692 ], [ 384948.9163202799391, -9034.675426778343535 ], [ 384955.082519312039949, -9040.362558872031514 ], [ 384950.017682813690044, -9045.612496303439912 ] ] ] } },
{ "type": "Feature", "properties": { "fid": 611, "class_name": "structure", "class_id": null, "dist_to_line": null, "risk_level": null, "area_m2": 217.49630910768064, "perimeter_m": 58.001181610295056, "compactness": 0.81243396808813551, "dist_bin": 2 }, "geometry": { "type": "Polygon", "coordinates": [ [ [ 384955.302054760570172, -9013.894776681023359 ], [ 384964.330703980929684, -9005.58235072442767 ], [ 384972.919285588664934, -9011.488162899871895 ], [ 384976.883294248371385, -9016.081641928154568 ], [ 384976.222763803787529, -9020.675239679016158 ], [ 384966.092882617376745, -9023.081661414995324 ], [ 384955.302054760570172, -9013.894776681023359 ] ] ] } },
{ "type": "Feature", "properties": { "fid": 612, "class_name": "structure", "class_id": null, "dist_to_line": null, "risk_level": null, "area_m2": 65.63922351220026, "perimeter_m": 34.909279860700806, "compactness": 0.67684857528526565, "dist_bin": 2 }, "geometry": { "type": "Polygon", "coordinates": [ [ [ 384924.032897285185754, -9073.612138583837805 ], [ 384915.224063390516676, -9066.393881105559558 ], [ 384918.747403680288699, -9061.800208573085911 ], [ 384927.996698019152973, -9070.112164574302369 ], [ 384924.032897285185754, -9073.612138583837805 ] ] ] } },
{ "type": "Feature", "properties": { "fid": 613, "class_name": "structure", "class_id": null, "dist_to_line": null, "risk_level": null, "area_m2": 91.47084602477662, "perimeter_m": 49.380683290276465, "compactness": 0.47138783419929325, "dist_bin": 2 }, "geometry": { "type": "Polygon", "coordinates": [ [ [ 384899.369330124580301, -9098.549362905438102 ], [ 384894.744676583039109, -9094.174643061638562 ], [ 384911.48080119950464, -9082.36214236201522 ], [ 384913.242587321845349, -9084.54951654056822 ], [ 384899.369330124580301, -9098.549362905438102 ] ] ] } },
{ "type": "Feature", "properties": { "fid": 614, "class_name": "structure", "class_id": null, "dist_to_line": null, "risk_level": null, "area_m2": 160.94139466091292, "perimeter_m": 54.865496595051873, "compactness": 0.67186032492993031, "dist_bin": 2 }, "geometry": { "type": "Polygon", "coordinates": [ [ [ 384891.000502720940858, -9074.925444814594812 ], [ 384903.112733264220878, -9088.049650582670438 ], [ 384910.599959099665284, -9083.237133083459412 ], [ 384896.946187354507856, -9069.019257304023995 ], [ 384891.000502720940858, -9074.925444814594812 ] ] ] } },
{ "type": "Feature", "properties": { "fid": 615, "class_name": "structure", "class_id": null, "dist_to_line": null, "risk_level": null, "area_m2": 72.675455155109375, "perimeter_m": 39.284012824809423, "compactness": 0.59178770239122203, "dist_bin": 2 }, "geometry": { "type": "Polygon", "coordinates": [ [ [ 384897.386625402432401, -9069.237987907203205 ], [ 384900.689766576280817, -9065.300546752034279 ], [ 384911.040221650153399, -9076.674862289273733 ], [ 384906.85618197650183, -9079.299874321988682 ], [ 384897.386625402432401, -9069.237987907203205 ] ] ] } },
{ "type": "Feature", "properties": { "fid": 616, "class_name": "structure", "class_id": null, "dist_to_line": null, "risk_level": null, "area_m2": 45.181209031998151, "perimeter_m": 28.267936148081134, "compactness": 0.71052523839705817, "dist_bin": 2 }, "geometry": { "type": "Polygon", "coordinates": [ [ [ 384889.459533184301108, -9095.924716013520083 ], [ 384883.073093213199172, -9089.362621713453336 ], [ 384886.596467467024922, -9086.081400495540947 ], [ 384893.203123509418219, -9092.643489091447918 ], [ 384889.459533184301108, -9095.924716013520083 ] ] ] } },
{ "type": "Feature", "properties": { "fid": 617, "class_name": "structure", "class_id": null, "dist_to_line": null, "risk_level": null, "area_m2": 99.95286423300422, "perimeter_m": 40.227382618166089, "compactness": 0.77617840441149966, "dist_bin": 2 }, "geometry": { "type": "Polygon", "coordinates": [ [ [ 384891.881758292322047, -9090.018619445057993 ], [ 384884.614470649743453, -9084.112773868619115 ], [ 384891.2207641954883, -9076.675375056156554 ], [ 384899.589172197680455, -9084.112386096870978 ], [ 384891.881758292322047, -9090.018619445057993 ] ] ] } },
{ "type": "Feature", "properties": { "fid": 618, "class_name": "structure", "class_id": null, "dist_to_line": null, "risk_level": null, "area_m2": 112.09757960478601, "perimeter_m": 44.783651456032608, "compactness": 0.70237184988511536, "dist_bin": 2 }, "geometry": { "type": "Polygon", "coordinates": [ [ [ 384870.740509847993962, -9070.988612873848979 ], [ 384879.769617844605818, -9080.394285349893835 ], [ 384887.477054815506563, -9075.363019954327683 ], [ 384874.924482147151139, -9065.738696596643422 ], [ 384870.740509847993962, -9070.988612873848979 ] ] ] } },
{ "type": "Feature", "properties": { "fid": 619, "class_name": "structure", "class_id": null, "dist_to_line": null, "risk_level": null, "area_m2": 40.024532504501622, "perimeter_m": 30.227368210396008, "compactness": 0.5504722864634628, "dist_bin": 2 }, "geometry": { "type": "Polygon", "coordinates": [ [ [ 384877.567138865939341, -9068.144790308973825 ], [ 384879.10857882280834, -9065.30110445293576 ], [ 384885.935382989991922, -9069.238283954120561 ], [ 384889.018500331323594, -9072.73807614872203 ], [ 384887.697254041035194, -9074.706788273486382 ], [ 384877.567138865939341, -9068.144790308973825 ] ] ] } },
{ "type": "Feature", "properties": { "fid": 620, "class_name": "structure", "class_id": null, "dist_to_line": null, "risk_level": null, "area_m2": 114.98914600451553, "perimeter_m": 46.144576023911583, "compactness": 0.67861802752622991, "dist_bin": 2 }, "geometry": { "type": "Polygon", "coordinates": [ [ [ 384896.284911927650683, -9044.738913486475212 ], [ 384901.350036771036685, -9050.644816562698907 ], [ 384900.689563185500447, -9057.425835216752603 ], [ 384885.054173445154447, -9055.895044924478498 ], [ 384896.284911927650683, -9044.738913486475212 ] ] ] } },
{ "type": "Feature", "properties": { "fid": 621, "class_name": "structure", "class_id": null, "dist_to_line": null, "risk_level": null, "area_m2": 375.47375391889182, "perimeter_m": 95.330427273171779, "compactness": 0.51919006047387461, "dist_bin": 2 }, "geometry": { "type": "Polygon", "coordinates": [ [ [ 384851.80334517697338, -9126.112090688598983 ], [ 384859.731282834429294, -9132.017918635667229 ], [ 384867.218434880836867, -9124.361753513821895 ], [ 384871.622833098866977, -9127.205284962527003 ], [ 384875.1462127653067, -9124.142805275872888 ], [ 384879.770593836263288, -9118.01790905728194 ], [ 384872.943823178065941, -9115.393182499208706 ], [ 384876.907641042140312, -9112.549433493171819 ], [ 384875.145888648345135, -9111.674511260360305 ], [ 384877.788380882004276, -9107.737086630664635 ], [ 384870.521126719890162, -9103.1436932537963 ], [ 384851.80334517697338, -9126.112090688598983 ] ] ] } },
{ "type": "Feature", "properties": { "fid": 622, "class_name": "structure", "class_id": null, "dist_to_line": null, "risk_level": null, "area_m2": 60.024700011017558, "perimeter_m": 35.389097359094094, "compactness": 0.60228339678716114, "dist_bin": 2 }, "geometry": { "type": "Polygon", "coordinates": [ [ [ 384841.673211002082098, -9118.893867630880777 ], [ 384852.02356139983749, -9126.11208495770552 ], [ 384854.886281217157375, -9122.612138255624814 ], [ 384843.875265231647063, -9114.737711985986607 ], [ 384841.673211002082098, -9118.893867630880777 ] ] ] } },
{ "type": "Feature", "properties": { "fid": 623, "class_name": "structure", "class_id": null, "dist_to_line": null, "risk_level": null, "area_m2": 58.169258943244131, "perimeter_m": 32.281242639862008, "compactness": 0.70145999327054198, "dist_bin": 2 }, "geometry": { "type": "Polygon", "coordinates": [ [ [ 384835.947242232679855, -9105.550753008199536 ], [ 384842.774115869426169, -9112.112836358683126 ], [ 384846.737922720320057, -9108.831603079179331 ], [ 384848.059214395121671, -9108.612826739983575 ], [ 384840.351464650419075, -9101.613282226830052 ], [ 384835.947242232679855, -9105.550753008199536 ] ] ] } },
{ "type": "Feature", "properties": { "fid": 624, "class_name": "structure", "class_id": null, "dist_to_line": null, "risk_level": null, "area_m2": 24.86768715503058, "perimeter_m": 19.966551884329959, "compactness": 0.78386110806797016, "dist_bin": 2 }, "geometry": { "type": "Polygon", "coordinates": [ [ [ 384841.672727969940752, -9100.300795798695617 ], [ 384845.196267122169957, -9103.363092633333508 ], [ 384848.719624557706993, -9099.425644847648073 ], [ 384844.755653017899022, -9096.363359423849033 ], [ 384841.672727969940752, -9100.300795798695617 ] ] ] } },
{ "type": "Feature", "properties": { "fid": 625, "class_name": "structure", "class_id": null, "dist_to_line": null, "risk_level": null, "area_m2": 43.759512562915916, "perimeter_m": 27.914729206016943, "compactness": 0.7056924991665523, "dist_bin": 2 }, "geometry": { "type": "Polygon", "coordinates": [ [ [ 384870.081353782094084, -9128.517777094637495 ], [ 384865.236517416255083, -9125.455515106095845 ], [ 384859.951510443235748, -9132.455396919558552 ], [ 384863.254816346161533, -9134.861472979802784 ], [ 384870.081353782094084, -9128.517777094637495 ] ] ] } },
{ "type": "Feature", "properties": { "fid": 626, "class_name": "agricultural_activity", "class_id": null, "dist_to_line": null, "risk_level": null, "area_m2": 507.95703616821265, "perimeter_m": 91.470852142357856, "compactness": 0.76290663952008808, "dist_bin": 2 }, "geometry": { "type": "Polygon", "coordinates": [ [ [ 384519.063195375958458, -9380.080475404391109 ], [ 384530.294655359175522, -9395.829612707186243 ], [ 384553.196738640428521, -9380.079559892243196 ], [ 384539.102513725287281, -9366.08043723492483 ], [ 384519.063195375958458, -9380.080475404391109 ] ] ] } },
{ "type": "Feature", "properties": { "fid": 627, "class_name": "agricultural_activity", "class_id": null, "dist_to_line": null, "risk_level": null, "area_m2": 353.42530874551449, "perimeter_m": 76.325588032192442, "compactness": 0.76237244745631683, "dist_bin": 2 }, "geometry": { "type": "Polygon", "coordinates": [ [ [ 384553.637165569234639, -9379.860805892853023 ], [ 384538.882297317730263, -9366.080443132488654 ], [ 384538.882297317730263, -9366.080443132488654 ], [ 384552.75566139689181, -9356.017930885995156 ], [ 384568.611581306497101, -9368.704553214969565 ], [ 384553.637165569234639, -9379.860805892853023 ] ] ] } },
{ "type": "Feature", "properties": { "fid": 628, "class_name": "agricultural_activity", "class_id": null, "dist_to_line": null, "risk_level": null, "area_m2": 294.36445426405407, "perimeter_m": 72.725307624360283, "compactness": 0.69939753295207641, "dist_bin": 2 }, "geometry": { "type": "Polygon", "coordinates": [ [ [ 384530.955292837752495, -9395.392110553983002 ], [ 384538.002464839548338, -9404.579093502594333 ], [ 384559.363138160144445, -9392.766441221772766 ], [ 384550.554212266288232, -9382.704537040446667 ], [ 384530.955292837752495, -9395.392110553983002 ] ] ] } },
{ "type": "Feature", "properties": { "fid": 629, "class_name": "agricultural_activity", "class_id": null, "dist_to_line": null, "risk_level": null, "area_m2": 356.75065552408341, "perimeter_m": 77.95366310647178, "compactness": 0.73773703867158524, "dist_bin": 2 }, "geometry": { "type": "Polygon", "coordinates": [ [ [ 384550.333978264359757, -9382.048316377753508 ], [ 384559.803570945223328, -9392.76642939514204 ], [ 384580.063132227747701, -9379.860097314447557 ], [ 384569.712645671912469, -9368.048297190680387 ], [ 384550.333978264359757, -9382.048316377753508 ] ] ] } },
{ "type": "Feature", "properties": { "fid": 630, "class_name": "agricultural_activity", "class_id": null, "dist_to_line": null, "risk_level": null, "area_m2": 476.63137488691427, "perimeter_m": 92.56617614479137, "compactness": 0.69901717033678146, "dist_bin": 2 }, "geometry": { "type": "Polygon", "coordinates": [ [ [ 384569.932856202241965, -9367.829549114938345 ], [ 384579.622699466184713, -9379.860109122751965 ], [ 384606.268441163061652, -9363.453733130221735 ], [ 384594.37644720938988, -9351.860716661883998 ], [ 384594.37644720938988, -9351.860716661883998 ], [ 384569.932856202241965, -9367.829549114938345 ] ] ] } },
{ "type": "Feature", "properties": { "fid": 631, "class_name": "agricultural_activity", "class_id": null, "dist_to_line": null, "risk_level": null, "area_m2": 457.59504865740018, "perimeter_m": 87.897638922771378, "compactness": 0.74428070768432175, "dist_bin": 2 }, "geometry": { "type": "Polygon", "coordinates": [ [ [ 384459.386343663441949, -9447.017203811483341 ], [ 384473.921007914002985, -9461.01631395410368 ], [ 384494.400740213983227, -9446.360030820786051 ], [ 384480.526791677577421, -9434.767067487573513 ], [ 384459.386343663441949, -9447.017203811483341 ] ] ] } },
{ "type": "Feature", "properties": { "fid": 632, "class_name": "agricultural_activity", "class_id": null, "dist_to_line": null, "risk_level": null, "area_m2": 557.64428058807971, "perimeter_m": 96.965163531116389, "compactness": 0.74530776822055878, "dist_bin": 2 }, "geometry": { "type": "Polygon", "coordinates": [ [ [ 384419.747450853814371, -9449.643182690759204 ], [ 384432.300180610618554, -9464.079832368439384 ], [ 384456.743775783572346, -9448.110986470519492 ], [ 384444.191041694488376, -9433.455594850196576 ], [ 384419.747450853814371, -9449.643182690759204 ] ] ] } },
{ "type": "Feature", "properties": { "fid": 633, "class_name": "agricultural_activity", "class_id": null, "dist_to_line": null, "risk_level": null, "area_m2": 619.69309618942498, "perimeter_m": 103.50751752768747, "compactness": 0.7268465547719567, "dist_bin": 2 }, "geometry": { "type": "Polygon", "coordinates": [ [ [ 384433.401268878893461, -9464.298544803754339 ], [ 384445.513583542429842, -9479.391432080976301 ], [ 384473.260346742346883, -9460.578847367632989 ], [ 384459.386343663441949, -9447.017203811483341 ], [ 384433.401268878893461, -9464.298544803754339 ] ] ] } },
{ "type": "Feature", "properties": { "fid": 634, "class_name": "disturbance", "class_id": null, "dist_to_line": null, "risk_level": null, "area_m2": 92.531034390354762, "perimeter_m": 41.583689695604143, "compactness": 0.67243643704300338, "dist_bin": 2 }, "geometry": { "type": "Polygon", "coordinates": [ [ [ 383815.278158544213511, -10343.879424717277288 ], [ 383809.112446051673032, -10355.910451460804325 ], [ 383814.397727792791557, -10358.53520517898869 ], [ 383822.325161549146287, -10346.066640953018577 ], [ 383815.278158544213511, -10343.879424717277288 ] ] ] } },
{ "type": "Feature", "properties": { "fid": 635, "class_name": "structure", "class_id": null, "dist_to_line": null, "risk_level": null, "area_m2": 131.39877357440128, "perimeter_m": 47.990593003557997, "compactness": 0.71695012191829621, "dist_bin": 2 }, "geometry": { "type": "Polygon", "coordinates": [ [ [ 382636.061984882340766, -11800.088877051741292 ], [ 382630.55600815534126, -11784.339550844042606 ], [ 382640.906162102357484, -11782.370507016992633 ], [ 382643.108689024462365, -11792.651364668001406 ], [ 382636.061984882340766, -11800.088877051741292 ] ] ] } },
{ "type": "Feature", "properties": { "fid": 636, "class_name": "structure", "class_id": null, "dist_to_line": null, "risk_level": null, "area_m2": 24.723100609142421, "perimeter_m": 23.359191034132294, "compactness": 0.56937343871276158, "dist_bin": 2 }, "geometry": { "type": "Polygon", "coordinates": [ [ [ 382608.755888323881663, -11825.464033806767475 ], [ 382608.976218629395589, -11828.74517537324391 ], [ 382615.362510741921142, -11828.307469225932437 ], [ 382618.225232765544206, -11825.244965011004751 ], [ 382608.755888323881663, -11825.464033806767475 ] ] ] } },
{ "type": "Feature", "properties": { "fid": 637, "class_name": "structure", "class_id": 0, "dist_to_line": null, "risk_level": null, "area_m2": null, "perimeter_m": null, "compactness": null, "dist_bin": 2 }, "geometry": { "type": "Polygon", "coordinates": [ ] } },
{ "type": "Feature", "properties": { "fid": 638, "class_name": "structure", "class_id": 0, "dist_to_line": null, "risk_level": null, "area_m2": null, "perimeter_m": null, "compactness": null, "dist_bin": 2 }, "geometry": { "type": "Polygon", "coordinates": [ ] } },
{ "type": "Feature", "properties": { "fid": 639, "class_name": "structure", "class_id": 0, "dist_to_line": null, "risk_level": null, "area_m2": null, "perimeter_m": null, "compactness": null, "dist_bin": 2 }, "geometry": { "type": "Polygon", "coordinates": [ ] } },
{ "type": "Feature", "properties": { "fid": 640, "class_name": "disturbance", "class_id": null, "dist_to_line": null, "risk_level": null, "area_m2": 721.16305727153667, "perimeter_m": 127.70727836855383, "compactness": 0.55566371242205481, "dist_bin": 2 }, "geometry": { "type": "Polygon", "coordinates": [ [ [ 382516.266589634178672, -11885.184144651275346 ], [ 382561.411463429802097, -11893.276086075546118 ], [ 382572.862282634945586, -11879.057375825501367 ], [ 382528.157860704115592, -11871.402904056943953 ], [ 382516.266589634178672, -11885.184144651275346 ] ] ] } },
{ "type": "Feature", "properties": { "fid": 641, "class_name": "disturbance", "class_id": null, "dist_to_line": null, "risk_level": null, "area_m2": 710.00635892114678, "perimeter_m": 128.43373130801803, "compactness": 0.54089616503481786, "dist_bin": 2 }, "geometry": { "type": "Polygon", "coordinates": [ [ [ 382528.15784559561871, -11870.965417408089706 ], [ 382573.082500145363156, -11879.057368218203919 ], [ 382573.522950276674237, -11879.494839593744473 ], [ 382585.193979702889919, -11865.057379401110666 ], [ 382539.608704491052777, -11857.840422912020585 ], [ 382528.15784559561871, -11870.965417408089706 ] ] ] } },
{ "type": "Feature", "properties": { "fid": 642, "class_name": "disturbance", "class_id": null, "dist_to_line": null, "risk_level": null, "area_m2": 689.18694479596161, "perimeter_m": 126.38936537725951, "compactness": 0.54215796150970952, "dist_bin": 2 }, "geometry": { "type": "Polygon", "coordinates": [ [ [ 382539.388471868704073, -11857.402943871615207 ], [ 382585.193979702889919, -11865.057379401110666 ], [ 382595.543764754780568, -11852.369911955975113 ], [ 382595.543764754780568, -11852.369911955975113 ], [ 382550.6190908633871, -11843.621727893132629 ], [ 382539.388471868704073, -11857.402943871615207 ] ] ] } },
{ "type": "Feature", "properties": { "fid": 643, "class_name": "disturbance", "class_id": null, "dist_to_line": null, "risk_level": null, "area_m2": 675.04223107641155, "perimeter_m": 123.64208476147189, "compactness": 0.55489162371363954, "dist_bin": 2 }, "geometry": { "type": "Polygon", "coordinates": [ [ [ 382551.059510846273042, -11843.184226097821011 ], [ 382595.103337298554834, -11852.588670416529567 ], [ 382605.673317490960471, -11839.244966284948532 ], [ 382561.849725186941214, -11830.277999408228425 ], [ 382551.059510846273042, -11843.184226097821011 ] ] ] } },
{ "type": "Feature", "properties": { "fid": 644, "class_name": "disturbance", "class_id": null, "dist_to_line": null, "risk_level": null, "area_m2": 798.94696008561095, "perimeter_m": 146.92724276734955, "compactness": 0.46507517187151709, "dist_bin": 2 }, "geometry": { "type": "Polygon", "coordinates": [ [ [ 382562.290152700676117, -11830.059240949385639 ], [ 382605.453107528504916, -11839.463717141927191 ], [ 382614.481640796526335, -11828.307499514306983 ], [ 382608.756008662283421, -11828.963926221846123 ], [ 382608.31545334297698, -11825.464048948135314 ], [ 382617.124137823237106, -11825.02625959002944 ], [ 382620.427302350755781, -11822.182483550124743 ], [ 382573.961169672955293, -11815.184295120337993 ], [ 382562.290152700676117, -11830.059240949385639 ] ] ] } },
{ "type": "Feature", "properties": { "fid": 645, "class_name": "disturbance", "class_id": null, "dist_to_line": null, "risk_level": null, "area_m2": 655.71673029625208, "perimeter_m": 140.79193813486089, "compactness": 0.41569093483179309, "dist_bin": 2 }, "geometry": { "type": "Polygon", "coordinates": [ [ [ 382573.961169672955293, -11815.184295120337993 ], [ 382620.647504799708258, -11821.744989444889143 ], [ 382629.676030830130912, -11810.370029494433766 ], [ 382604.351004897500388, -11809.933412389580553 ], [ 382597.964517282380257, -11804.683792847406949 ], [ 382597.744074621994514, -11798.121501868223277 ], [ 382594.220362072694115, -11791.340580827707527 ], [ 382573.961169672955293, -11815.184295120337993 ] ] ] } },
{ "type": "Feature", "properties": { "fid": 646, "class_name": "structure", "class_id": null, "dist_to_line": null, "risk_level": null, "area_m2": 306.14699097133962, "perimeter_m": 113.85836285933976, "compactness": 0.29676316173921319, "dist_bin": 2 }, "geometry": { "type": "Polygon", "coordinates": [ [ [ 375039.646149154927116, -13621.217740429694459 ], [ 375039.205446302192286, -13615.092811552289277 ], [ 375090.51720805792138, -13613.996909661454993 ], [ 375090.077012165100314, -13619.903126601962867 ], [ 375039.646149154927116, -13621.217740429694459 ] ] ] } },
{ "type": "Feature", "properties": { "fid": 647, "class_name": "structure", "class_id": null, "dist_to_line": null, "risk_level": null, "area_m2": 71.084894146647457, "perimeter_m": 46.163151875211298, "compactness": 0.4191758736941843, "dist_bin": 2 }, "geometry": { "type": "Polygon", "coordinates": [ [ [ 375162.309855842206161, -13618.150099979073275 ], [ 375161.869227113784291, -13613.775157719572235 ], [ 375181.028639002353884, -13615.524335639876881 ], [ 375181.689434718689881, -13618.58678020809748 ], [ 375162.309855842206161, -13618.150099979073275 ] ] ] } },
{ "type": "Feature", "properties": { "fid": 648, "class_name": "agricultural_activity", "class_id": null, "dist_to_line": null, "risk_level": null, "area_m2": 954.41714031824904, "perimeter_m": 155.34108688114785, "compactness": 0.49702177415950005, "dist_bin": 2 }, "geometry": { "type": "Polygon", "coordinates": [ [ [ 373755.967902391334064, -13632.865823818221543 ], [ 373755.08764373336453, -13647.74079302651262 ], [ 373817.63103942835005, -13647.738125125461011 ], [ 373818.070814549573697, -13631.988181796092249 ], [ 373755.967902391334064, -13632.865823818221543 ] ] ] } },
{ "type": "Feature", "properties": { "fid": 649, "class_name": "agricultural_activity", "class_id": null, "dist_to_line": null, "risk_level": null, "area_m2": 1366.4684898214473, "perimeter_m": 152.23904876744766, "compactness": 0.74089619114701666, "dist_bin": 2 }, "geometry": { "type": "Polygon", "coordinates": [ [ [ 373711.0456116819405, -13708.992398897042222 ], [ 373738.794024059083313, -13715.553679387887314 ], [ 373733.510677017678972, -13762.366192610576036 ], [ 373704.000421009142883, -13754.492497892872052 ], [ 373711.0456116819405, -13708.992398897042222 ] ] ] } },
{ "type": "Feature", "properties": { "fid": 650, "class_name": "agricultural_activity", "class_id": null, "dist_to_line": null, "risk_level": null, "area_m2": 1044.5370528319327, "perimeter_m": 144.57149387152347, "compactness": 0.62801262866339069, "dist_bin": 2 }, "geometry": { "type": "Polygon", "coordinates": [ [ [ 373400.164301648328546, -15336.49958047270411 ], [ 373419.98522388515994, -15353.56105677540836 ], [ 373410.297463201044593, -15396.436346089145445 ], [ 373391.357959355926141, -15390.312285245923704 ], [ 373400.164301648328546, -15336.49958047270411 ] ] ] } },
{ "type": "Feature", "properties": { "fid": 651, "class_name": "agricultural_activity", "class_id": null, "dist_to_line": null, "risk_level": null, "area_m2": 584.10024835574586, "perimeter_m": 99.666769172060526, "compactness": 0.73891842247585204, "dist_bin": 2 }, "geometry": { "type": "Polygon", "coordinates": [ [ [ 373391.35798046720447, -15390.749783462670166 ], [ 373409.416612053173594, -15397.311384988212012 ], [ 373405.89422206254676, -15421.811453915908714 ], [ 373384.312439216941129, -15423.999988530900737 ], [ 373391.35798046720447, -15390.749783462670166 ] ] ] } },
{ "type": "Feature", "properties": { "fid": 652, "class_name": "disturbance", "class_id": null, "dist_to_line": null, "risk_level": null, "area_m2": 271.71227341092617, "perimeter_m": 76.932008490242936, "compactness": 0.57690589736198716, "dist_bin": 2 }, "geometry": { "type": "Polygon", "coordinates": [ [ [ 373084.891867140657268, -17056.758865581170539 ], [ 373092.820074449409731, -17059.820928949207882 ], [ 373093.261483491165563, -17077.758337068906258 ], [ 373078.286854680511169, -17088.259101315343287 ], [ 373084.891867140657268, -17056.758865581170539 ] ] ] } },
{ "type": "Feature", "properties": { "fid": 653, "class_name": "structure", "class_id": null, "dist_to_line": null, "risk_level": null, "area_m2": 104.67520518753736, "perimeter_m": 42.158291853516353, "compactness": 0.74009534528738097, "dist_bin": 2 }, "geometry": { "type": "Polygon", "coordinates": [ [ [ 372991.103798878728412, -17555.074610555169784 ], [ 372998.591492405394092, -17556.824190639148583 ], [ 372998.151649661944248, -17567.761674320659949 ], [ 372988.902337791514583, -17569.074680543668364 ], [ 372991.103798878728412, -17555.074610555169784 ] ] ] } },
{ "type": "Feature", "properties": { "fid": 654, "class_name": "agricultural_activity", "class_id": null, "dist_to_line": null, "risk_level": null, "area_m2": 325.39919949071191, "perimeter_m": 103.64728719315343, "compactness": 0.38063652954877186, "dist_bin": 2 }, "geometry": { "type": "Polygon", "coordinates": [ [ [ 373043.953708882443607, -17487.696951703263039 ], [ 373028.978685011214111, -17490.760263512274832 ], [ 373036.028146883065347, -17532.759715809053887 ], [ 373043.953708882443607, -17487.696951703263039 ] ] ] } },
{ "type": "Feature", "properties": { "fid": 655, "class_name": "agricultural_activity", "class_id": null, "dist_to_line": null, "risk_level": null, "area_m2": 686.94318105447746, "perimeter_m": 105.62427294395219, "compactness": 0.77375454989581993, "dist_bin": 2 }, "geometry": { "type": "Polygon", "coordinates": [ [ [ 373028.538238169043325, -17490.760287735298334 ], [ 373023.691399845469277, -17455.760685715948057 ], [ 373040.428187854588032, -17452.259780414056877 ], [ 373048.356927126878873, -17464.946796831634856 ], [ 373043.072815238498151, -17487.697000135212875 ], [ 373028.538238169043325, -17490.760287735298334 ] ] ] } },
{ "type": "Feature", "properties": { "fid": 656, "class_name": "agricultural_activity", "class_id": null, "dist_to_line": null, "risk_level": null, "area_m2": 680.8700883378624, "perimeter_m": 112.56211308349043, "compactness": 0.67528895227300223, "dist_bin": 2 }, "geometry": { "type": "Polygon", "coordinates": [ [ [ 372601.812061913893558, -18667.218130767178081 ], [ 372622.953655728138983, -18669.404379172839981 ], [ 372605.777969148242846, -18699.1553022733533 ], [ 372583.755479815008584, -18696.969107899589289 ], [ 372601.812061913893558, -18667.218130767178081 ] ] ] } },
{ "type": "Feature", "properties": { "fid": 657, "class_name": "agricultural_activity", "class_id": null, "dist_to_line": null, "risk_level": null, "area_m2": 661.20732834888622, "perimeter_m": 111.98586428360312, "compactness": 0.66255374035783576, "dist_bin": 2 }, "geometry": { "type": "Polygon", "coordinates": [ [ [ 372584.195901226252317, -18696.531583190248057 ], [ 372604.897100576141383, -18699.592852935202245 ], [ 372587.280839867016766, -18727.156311555445427 ], [ 372564.377506546559744, -18725.845168764066329 ], [ 372584.195901226252317, -18696.531583190248057 ] ] ] } },
{ "type": "Feature", "properties": { "fid": 658, "class_name": "agricultural_activity", "class_id": null, "dist_to_line": null, "risk_level": null, "area_m2": 1000.8712789021665, "perimeter_m": 146.08552034090155, "compactness": 0.58935062345013689, "dist_bin": 2 }, "geometry": { "type": "Polygon", "coordinates": [ [ [ 372564.37753240094753, -18726.282667510658939 ], [ 372587.280814016063232, -18726.718812840630562 ], [ 372562.177806976076681, -18768.720175955226296 ], [ 372537.95320803951472, -18768.721610954264179 ], [ 372564.37753240094753, -18726.282667510658939 ] ] ] } },
{ "type": "Feature", "properties": { "fid": 659, "class_name": "agricultural_activity", "class_id": null, "dist_to_line": null, "risk_level": null, "area_m2": 1206.7515061704908, "perimeter_m": 168.16993415027699, "compactness": 0.5362051801858968, "dist_bin": 2 }, "geometry": { "type": "Polygon", "coordinates": [ [ [ 372539.274575766990893, -18769.159031447223242 ], [ 372560.856491177866701, -18769.157752963732491 ], [ 372525.183689822850283, -18826.909706282389379 ], [ 372507.124831003544386, -18818.160803484905045 ], [ 372539.274575766990893, -18769.159031447223242 ] ] ] } },
{ "type": "Feature", "properties": { "fid": 660, "class_name": "agricultural_activity", "class_id": null, "dist_to_line": null, "risk_level": null, "area_m2": 453.39835851057433, "perimeter_m": 91.465095236354941, "compactness": 0.68105004452285278, "dist_bin": 2 }, "geometry": { "type": "Polygon", "coordinates": [ [ [ 371352.847291785990819, -20978.605606580567837 ], [ 371340.514296474168077, -20972.043931345360761 ], [ 371326.421788393403403, -20999.607372193659103 ], [ 371339.635740188648924, -21007.043987422734062 ], [ 371352.847291785990819, -20978.605606580567837 ] ] ] } },
{ "type": "Feature", "properties": { "fid": 661, "class_name": "agricultural_activity", "class_id": null, "dist_to_line": null, "risk_level": null, "area_m2": 501.20559470984153, "perimeter_m": 98.206697371558903, "compactness": 0.65304568124302187, "dist_bin": 2 }, "geometry": { "type": "Polygon", "coordinates": [ [ [ 371326.421846944838762, -21000.482372156195197 ], [ 371338.754813988460228, -21006.606546420021914 ], [ 371325.103080211440101, -21038.982458701608266 ], [ 371311.889097888139077, -21031.10834470034024 ], [ 371326.421846944838762, -21000.482372156195197 ] ] ] } },
{ "type": "Feature", "properties": { "fid": 662, "class_name": "agricultural_activity", "class_id": null, "dist_to_line": null, "risk_level": null, "area_m2": 909.78455465551815, "perimeter_m": 149.39836213726321, "compactness": 0.51222025849284814, "dist_bin": 2 }, "geometry": { "type": "Polygon", "coordinates": [ [ [ 371312.329575702548027, -21031.545815174322343 ], [ 371324.662631740095094, -21038.982488229623414 ], [ 371298.679901443538256, -21094.546731189602724 ], [ 371286.786850814707577, -21080.547530212530546 ], [ 371312.329575702548027, -21031.545815174322343 ] ] ] } },
{ "type": "Feature", "properties": { "fid": 663, "class_name": "agricultural_activity", "class_id": null, "dist_to_line": null, "risk_level": null, "area_m2": 678.36172840761719, "perimeter_m": 121.0430439097769, "compactness": 0.58182386244841455, "dist_bin": 2 }, "geometry": { "type": "Polygon", "coordinates": [ [ [ 370783.425673322577495, -22120.520356181405077 ], [ 370795.758585134637542, -22125.331988379643008 ], [ 370817.778124231321272, -22084.205388392398163 ], [ 370801.040785908233374, -22080.269066726650635 ], [ 370783.425673322577495, -22120.520356181405077 ] ] ] } },
{ "type": "Feature", "properties": { "fid": 664, "class_name": "disturbance", "class_id": null, "dist_to_line": null, "risk_level": null, "area_m2": 88.963917958564707, "perimeter_m": 39.124072460748039, "compactness": 0.73035777313884687, "dist_bin": 2 }, "geometry": { "type": "Polygon", "coordinates": [ [ [ 370803.682954353454988, -22072.831372153123084 ], [ 370816.896577397128567, -22075.017941294281627 ], [ 370814.693653097259812, -22065.393086923984811 ], [ 370808.52730599680217, -22064.518521294532547 ], [ 370803.682954353454988, -22072.831372153123084 ] ] ] } },
{ "type": "Feature", "properties": { "fid": 665, "class_name": "agricultural_activity", "class_id": null, "dist_to_line": null, "risk_level": null, "area_m2": 403.47001171574811, "perimeter_m": 81.371806287328127, "compactness": 0.76572567937650104, "dist_bin": 2 }, "geometry": { "type": "Polygon", "coordinates": [ [ [ 370792.236573828326073, -22147.644761566123634 ], [ 370784.309857294079848, -22166.895344165190181 ], [ 370803.689859452249948, -22170.393973166115757 ], [ 370811.616544465243351, -22150.705891357778455 ], [ 370792.236573828326073, -22147.644761566123634 ] ] ] } },
{ "type": "Feature", "properties": { "fid": 666, "class_name": "agricultural_activity", "class_id": null, "dist_to_line": null, "risk_level": null, "area_m2": 489.06035730798612, "perimeter_m": 89.163778446964756, "compactness": 0.77302830585423954, "dist_bin": 2 }, "geometry": { "type": "Polygon", "coordinates": [ [ [ 370749.959934977232479, -22238.647864816677611 ], [ 370741.59302419796586, -22261.398487000813475 ], [ 370760.092349431710318, -22267.959676113063324 ], [ 370768.899614971887786, -22243.896522493188968 ], [ 370749.959934977232479, -22238.647864816677611 ] ] ] } },
{ "type": "Feature", "properties": { "fid": 667, "class_name": "agricultural_activity", "class_id": null, "dist_to_line": null, "risk_level": null, "area_m2": 1042.7903406111291, "perimeter_m": 132.67548385950772, "compactness": 0.74443280564449521, "dist_bin": 2 }, "geometry": { "type": "Polygon", "coordinates": [ [ [ 368831.683176429476589, -26356.560736021048797 ], [ 368866.920985453703906, -26377.120317736706056 ], [ 368855.911595580400899, -26398.996365643062745 ], [ 368819.793070369400084, -26380.624372461406892 ], [ 368831.683176429476589, -26356.560736021048797 ] ] ] } },
{ "type": "Feature", "properties": { "fid": 668, "class_name": "agricultural_activity", "class_id": null, "dist_to_line": null, "risk_level": null, "area_m2": 899.85122259828495, "perimeter_m": 124.69586314372529, "compactness": 0.72723786570067983, "dist_bin": 2 }, "geometry": { "type": "Polygon", "coordinates": [ [ [ 368820.233558502921369, -26381.061836862052587 ], [ 368855.030656903749332, -26398.558939074860973 ], [ 368847.104309974005446, -26419.12221751625475 ], [ 368810.545482352143154, -26402.500273011104582 ], [ 368820.233558502921369, -26381.061836862052587 ] ] ] } },
{ "type": "Feature", "properties": { "fid": 669, "class_name": "agricultural_activity", "class_id": null, "dist_to_line": null, "risk_level": null, "area_m2": 880.47776530944975, "perimeter_m": 123.93884116971248, "compactness": 0.72029996701497834, "dist_bin": 2 }, "geometry": { "type": "Polygon", "coordinates": [ [ [ 368810.545444825547747, -26402.062770856948191 ], [ 368846.663859383261297, -26419.12225530937576 ], [ 368838.296988090733066, -26438.810568225897441 ], [ 368801.738233852374833, -26423.063630327022111 ], [ 368810.545444825547747, -26402.062770856948191 ] ] ] } },
{ "type": "Feature", "properties": { "fid": 670, "class_name": "agricultural_activity", "class_id": null, "dist_to_line": null, "risk_level": null, "area_m2": 943.70637786536827, "perimeter_m": 126.65272363868146, "compactness": 0.73929486028631919, "dist_bin": 2 }, "geometry": { "type": "Polygon", "coordinates": [ [ [ 368801.297783197835088, -26423.063668138842331 ], [ 368836.535148127004504, -26438.373217415024556 ], [ 368827.287527222535573, -26459.811615479302418 ], [ 368790.728921363013797, -26445.814688669568568 ], [ 368790.288470699219033, -26445.814726517139206 ], [ 368801.297783197835088, -26423.063668138842331 ] ] ] } },
{ "type": "Feature", "properties": { "fid": 671, "class_name": "agricultural_activity", "class_id": null, "dist_to_line": null, "risk_level": null, "area_m2": 439.32304443389876, "perimeter_m": 87.508247152766486, "compactness": 0.72093461637419431, "dist_bin": 2 }, "geometry": { "type": "Polygon", "coordinates": [ [ [ 368663.462560288258828, -26722.327092978764995 ], [ 368692.532689598738216, -26726.699589061514416 ], [ 368695.614552284940146, -26711.824245380128559 ], [ 368670.508404058462474, -26706.576398981742386 ], [ 368663.462560288258828, -26722.327092978764995 ] ] ] } },
{ "type": "Feature", "properties": { "fid": 672, "class_name": "agricultural_activity", "class_id": null, "dist_to_line": null, "risk_level": null, "area_m2": 389.58835093669768, "perimeter_m": 83.015634634536369, "compactness": 0.71038869566430363, "dist_bin": 2 }, "geometry": { "type": "Polygon", "coordinates": [ [ [ 368669.187051778077148, -26706.576513749456353 ], [ 368696.055003007058986, -26711.824207124296663 ], [ 368700.89878325763857, -26698.261217370618397 ], [ 368675.792597509571351, -26692.575867557639867 ], [ 368669.187051778077148, -26706.576513749456353 ] ] ] } },
{ "type": "Feature", "properties": { "fid": 673, "class_name": "agricultural_activity", "class_id": null, "dist_to_line": null, "risk_level": null, "area_m2": 320.09477966939448, "perimeter_m": 76.363398131469012, "compactness": 0.68979169844520827, "dist_bin": 2 }, "geometry": { "type": "Polygon", "coordinates": [ [ [ 368675.352146752818953, -26692.575905791825789 ], [ 368699.57746907818364, -26698.698834303952026 ], [ 368705.742791877943091, -26687.323241275727923 ], [ 368681.517432146240026, -26680.762809587606171 ], [ 368675.352146752818953, -26692.575905791825789 ] ] ] } },
{ "type": "Feature", "properties": { "fid": 674, "class_name": "agricultural_activity", "class_id": null, "dist_to_line": null, "risk_level": null, "area_m2": 443.46766525343992, "perimeter_m": 84.634498158552731, "compactness": 0.77799530592478938, "dist_bin": 2 }, "geometry": { "type": "Polygon", "coordinates": [ [ [ 368681.517356228083372, -26679.887805070098693 ], [ 368701.778621532546822, -26686.011078557472501 ], [ 368711.026530748815276, -26668.072685099643422 ], [ 368691.205565236974508, -26660.199363231680763 ], [ 368681.517356228083372, -26679.887805070098693 ] ] ] } },
{ "type": "Feature", "properties": { "fid": 675, "class_name": "agricultural_activity", "class_id": null, "dist_to_line": null, "risk_level": null, "area_m2": 699.46402296825545, "perimeter_m": 116.07706337864889, "compactness": 0.65235263453513781, "dist_bin": 2 }, "geometry": { "type": "Polygon", "coordinates": [ [ [ 367430.195092797162943, -29095.017294032932114 ], [ 367458.827302095829509, -29124.764782905571337 ], [ 367472.920713048777543, -29113.825854161670577 ], [ 367444.729125099955127, -29085.82833630443929 ], [ 367444.729125099955127, -29085.82833630443929 ], [ 367430.195092797162943, -29095.017294032932114 ] ] ] } },
{ "type": "Feature", "properties": { "fid": 676, "class_name": "agricultural_activity", "class_id": null, "dist_to_line": null, "risk_level": null, "area_m2": 705.15069567633327, "perimeter_m": 114.09934332459029, "compactness": 0.68065260792709437, "dist_bin": 2 }, "geometry": { "type": "Polygon", "coordinates": [ [ [ 367445.169576898799278, -29085.828294251736224 ], [ 367472.480135893565603, -29112.513386462182098 ], [ 367487.454492134507746, -29102.011877937620739 ], [ 367460.143851981556509, -29074.451779021859693 ], [ 367445.169576898799278, -29085.828294251736224 ] ] ] } },
{ "type": "Feature", "properties": { "fid": 677, "class_name": "agricultural_activity", "class_id": null, "dist_to_line": null, "risk_level": null, "area_m2": 588.04328786645783, "perimeter_m": 108.65412387707512, "compactness": 0.6259313914528597, "dist_bin": 2 }, "geometry": { "type": "Polygon", "coordinates": [ [ [ 367460.584262012853287, -29074.01423370001794 ], [ 367487.894943866413087, -29102.011835875084216 ], [ 367500.667208417784423, -29093.260551609258982 ], [ 367473.356570331379771, -29065.70045267306341 ], [ 367460.584262012853287, -29074.01423370001794 ] ] ] } },
{ "type": "Feature", "properties": { "fid": 678, "class_name": "agricultural_activity", "class_id": null, "dist_to_line": null, "risk_level": null, "area_m2": 664.66915702156257, "perimeter_m": 112.29412083481006, "compactness": 0.66237106394345446, "dist_bin": 2 }, "geometry": { "type": "Polygon", "coordinates": [ [ [ 367474.678009088849649, -29066.575333175442211 ], [ 367500.226673173950985, -29092.385587199540169 ], [ 367516.081974312081002, -29082.321499928435514 ], [ 367485.68817645101808, -29054.761694849508785 ], [ 367474.678009088849649, -29066.575333175442211 ] ] ] } },
{ "type": "Feature", "properties": { "fid": 679, "class_name": "agricultural_activity", "class_id": null, "dist_to_line": null, "risk_level": null, "area_m2": 762.98151669645449, "perimeter_m": 119.05721559358484, "compactness": 0.67641376735890646, "dist_bin": 2 }, "geometry": { "type": "Polygon", "coordinates": [ [ [ 367431.075996431114618, -29095.017209891877428 ], [ 367457.946356738219038, -29124.327363836400764 ], [ 367443.412661284441128, -29137.016348982284399 ], [ 367416.101637528394349, -29105.518720676518569 ], [ 367431.075996431114618, -29095.017209891877428 ] ] ] } },
{ "type": "Feature", "properties": { "fid": 680, "class_name": "agricultural_activity", "class_id": null, "dist_to_line": null, "risk_level": null, "area_m2": 1057.5332266369369, "perimeter_m": 133.89084321914072, "compactness": 0.74131388054565595, "dist_bin": 2 }, "geometry": { "type": "Polygon", "coordinates": [ [ [ 367417.422993029933423, -29105.51859440618864 ], [ 367443.412619439535774, -29136.578845686603017 ], [ 367423.153218060382642, -29151.018393302376353 ], [ 367394.961412645294331, -29120.833359215441305 ], [ 367417.422993029933423, -29105.51859440618864 ] ] ] } },
{ "type": "Feature", "properties": { "fid": 681, "class_name": "agricultural_activity", "class_id": null, "dist_to_line": null, "risk_level": null, "area_m2": 2190.0533997809398, "perimeter_m": 194.11568317245818, "compactness": 0.73037066037157838, "dist_bin": 2 }, "geometry": { "type": "Polygon", "coordinates": [ [ [ 367245.218276085681282, -29230.661083495891944 ], [ 367224.080616943654604, -29272.663458503771835 ], [ 367242.580529310042039, -29282.286755995628482 ], [ 367296.31196976301726, -29243.781278921480407 ], [ 367274.287899323913734, -29228.470772750988544 ], [ 367261.073666544398293, -29221.471985731193854 ], [ 367245.218276085681282, -29230.661083495891944 ] ] ] } },
{ "type": "Feature", "properties": { "fid": 682, "class_name": "disturbance", "class_id": null, "dist_to_line": null, "risk_level": null, "area_m2": 576.47448900161544, "perimeter_m": 109.34535713504447, "compactness": 0.6058836907756816, "dist_bin": 2 }, "geometry": { "type": "Polygon", "coordinates": [ [ [ 363354.535587242920883, -32082.285121975543007 ], [ 363339.558583261794411, -32068.723989934234851 ], [ 363349.247351726458874, -32056.910213989343902 ], [ 363361.580617068218999, -32061.2839591148404 ], [ 363369.948916520166676, -32057.782985032368742 ], [ 363384.484322408563457, -32060.843966360043851 ], [ 363354.535587242920883, -32082.285121975543007 ] ] ] } },
{ "type": "Feature", "properties": { "fid": 683, "class_name": "structure", "class_id": null, "dist_to_line": null, "risk_level": null, "area_m2": 24.867145895292197, "perimeter_m": 21.007826197514568, "compactness": 0.70806572938422407, "dist_bin": 2 }, "geometry": { "type": "Polygon", "coordinates": [ [ [ 363210.737787620862946, -32186.865271342747292 ], [ 363210.737072172109038, -32180.30264424995039 ], [ 363215.141570452891756, -32179.645901425003103 ], [ 363216.022842093370855, -32182.927118897674518 ], [ 363210.737787620862946, -32186.865271342747292 ] ] ] } },
{ "type": "Feature", "properties": { "fid": 684, "class_name": "structure", "class_id": null, "dist_to_line": null, "risk_level": null, "area_m2": 128.67263718222966, "perimeter_m": 45.973232141810257, "compactness": 0.76504325471254109, "dist_bin": 2 }, "geometry": { "type": "Polygon", "coordinates": [ [ [ 360648.351614348590374, -33971.977459134890523 ], [ 360655.840668695047498, -33982.476861194758385 ], [ 360665.52997182373656, -33975.475538633603719 ], [ 360658.481737155816518, -33968.038666621585435 ], [ 360648.351614348590374, -33971.977459134890523 ] ] ] } },
{ "type": "Feature", "properties": { "fid": 685, "class_name": "structure", "class_id": null, "dist_to_line": null, "risk_level": null, "area_m2": 49.63776466075069, "perimeter_m": 28.740620876863233, "compactness": 0.75514402071270648, "dist_bin": 2 }, "geometry": { "type": "Polygon", "coordinates": [ [ [ 360577.445321647915989, -34038.487563447051798 ], [ 360575.682760740979575, -34032.36260585920536 ], [ 360583.170328474545386, -34030.174167301316629 ], [ 360583.170328474545386, -34030.174167301316629 ], [ 360585.813655563339125, -34034.986486017871357 ], [ 360577.445321647915989, -34038.487563447051798 ] ] ] } },
{ "type": "Feature", "properties": { "fid": 686, "class_name": "structure", "class_id": null, "dist_to_line": null, "risk_level": null, "area_m2": 159.03350966237485, "perimeter_m": 53.243118251003153, "compactness": 0.7049714711431615, "dist_bin": 2 }, "geometry": { "type": "Polygon", "coordinates": [ [ [ 359593.494977336144075, -34371.551146513280401 ], [ 359588.64901025837753, -34364.114002256763342 ], [ 359603.183042861637659, -34354.049463914860098 ], [ 359608.029061649809591, -34361.924121195501357 ], [ 359593.494977336144075, -34371.551146513280401 ] ] ] } },
{ "type": "Feature", "properties": { "fid": 687, "class_name": "structure", "class_id": null, "dist_to_line": null, "risk_level": null, "area_m2": 106.40788835368585, "perimeter_m": 44.548005686796685, "compactness": 0.67379402573039204, "dist_bin": 2 }, "geometry": { "type": "Polygon", "coordinates": [ [ [ 359705.36318823491456, -34295.848037792653486 ], [ 359708.006739316682797, -34302.410417588842392 ], [ 359722.541499548242427, -34298.471068902712432 ], [ 359720.338410256430507, -34291.908636877982644 ], [ 359705.36318823491456, -34295.848037792653486 ] ] ] } },
{ "type": "Feature", "properties": { "fid": 688, "class_name": "structure", "class_id": null, "dist_to_line": null, "risk_level": null, "area_m2": 153.9251429012802, "perimeter_m": 50.70865820712433, "compactness": 0.75223786702333084, "dist_bin": 2 }, "geometry": { "type": "Polygon", "coordinates": [ [ [ 359384.719795348588377, -34402.639569976250641 ], [ 359385.601820061216131, -34411.827246466920769 ], [ 359401.45845022436697, -34411.825346547775553 ], [ 359398.373853944242001, -34400.450367287747213 ], [ 359384.719795348588377, -34402.639569976250641 ] ] ] } },
{ "type": "Feature", "properties": { "fid": 689, "class_name": "disturbance", "class_id": null, "dist_to_line": null, "risk_level": null, "area_m2": 585.86955615464831, "perimeter_m": 108.20285056001028, "compactness": 0.62883019979574728, "dist_bin": 2 }, "geometry": { "type": "Polygon", "coordinates": [ [ [ 358230.952261491096579, -34608.410479661666614 ], [ 358219.942158440011553, -34620.662241426594846 ], [ 358254.521453677327372, -34644.502610789255414 ], [ 358257.823042487725616, -34628.970424093924521 ], [ 358230.952261491096579, -34608.410479661666614 ] ] ] } },
{ "type": "Feature", "properties": { "fid": 690, "class_name": "disturbance", "class_id": null, "dist_to_line": null, "risk_level": null, "area_m2": 550.78590283872381, "perimeter_m": 118.8156453977694, "compactness": 0.49028139974203594, "dist_bin": 2 }, "geometry": { "type": "Polygon", "coordinates": [ [ [ 358232.05334091669647, -34607.754073192329088 ], [ 358219.94218503049342, -34620.880998993532558 ], [ 358215.977799180138391, -34619.131420293691917 ], [ 358211.572736872709356, -34615.631834499668912 ], [ 358208.048920957022347, -34614.757232471973111 ], [ 358202.76301088463515, -34611.914026337071846 ], [ 358196.816405142075382, -34609.070900408332818 ], [ 358195.054204659943935, -34606.227265878587787 ], [ 358193.952859267941676, -34604.696096566185588 ], [ 358192.190791706379969, -34602.946249932931096 ], [ 358189.988233827112708, -34600.977699204726378 ], [ 358190.208253052318469, -34599.227611695831001 ], [ 358190.207960688741878, -34596.821278161783994 ], [ 358193.511624707956798, -34598.352179956717009 ], [ 358198.356805396382697, -34599.007864069819334 ], [ 358198.797162805567496, -34598.13278020699363 ], [ 358200.558698767679743, -34595.507475124242774 ], [ 358203.200923038704786, -34590.913244799266977 ], [ 358211.790603052882943, -34596.162383471339126 ], [ 358209.808941593859345, -34599.662745505593193 ], [ 358209.809207363228779, -34601.85032129001047 ], [ 358210.910552659770474, -34603.381490546824352 ], [ 358212.89279876742512, -34604.69379518047208 ], [ 358215.315189606859349, -34603.380955397755315 ], [ 358216.856706213206053, -34602.505737809013226 ], [ 358221.041004927887116, -34601.630199172883295 ], [ 358232.05334091669647, -34607.754073192329088 ] ] ] } },
{ "type": "Feature", "properties": { "fid": 691, "class_name": "disturbance", "class_id": null, "dist_to_line": null, "risk_level": null, "area_m2": 256.09203596716361, "perimeter_m": 68.153249477783362, "compactness": 0.69283975922864494, "dist_bin": 2 }, "geometry": { "type": "Polygon", "coordinates": [ [ [ 358172.808101309230551, -34584.135450762754772 ], [ 358169.285480756661855, -34593.104940855388122 ], [ 358166.863594561291393, -34598.574175502006256 ], [ 358167.304403924848884, -34601.417970923197572 ], [ 358169.066445085045416, -34602.949060074184672 ], [ 358174.572348412126303, -34603.823421371474979 ], [ 358177.214811912039295, -34601.198008955754631 ], [ 358177.655009837762918, -34599.010379398117948 ], [ 358183.160567457962316, -34597.040891997210565 ], [ 358185.803429642808624, -34597.696843694284325 ], [ 358183.820864407112822, -34593.759447731848923 ], [ 358187.564274722244591, -34589.38384094912908 ], [ 358186.242670925450511, -34587.633940668114519 ], [ 358185.141245860839263, -34585.446498420169519 ], [ 358172.808101309230551, -34584.135450762754772 ] ] ] } },
{ "type": "Feature", "properties": { "fid": 692, "class_name": "structure", "class_id": null, "dist_to_line": null, "risk_level": null, "area_m2": 28.529598908426124, "perimeter_m": 21.712590075593326, "compactness": 0.76047031107995244, "dist_bin": 2 }, "geometry": { "type": "Polygon", "coordinates": [ [ [ 358541.49167238897644, -34712.938787825791223 ], [ 358544.794507611193694, -34707.688210902982973 ], [ 358548.979173400439322, -34709.875275161772151 ], [ 358545.235875114100054, -34715.125905573178898 ], [ 358541.49167238897644, -34712.938787825791223 ] ] ] } },
{ "type": "Feature", "properties": { "fid": 693, "class_name": "disturbance", "class_id": null, "dist_to_line": null, "risk_level": null, "area_m2": 312.52477323967469, "perimeter_m": 80.419043850320648, "compactness": 0.60726255476627833, "dist_bin": 2 }, "geometry": { "type": "Polygon", "coordinates": [ [ [ 358578.485896357218735, -34674.43300837395509 ], [ 358595.004856235755142, -34687.556438831656124 ], [ 358598.968625328270718, -34684.274598370684544 ], [ 358597.646784484910313, -34680.555885334310005 ], [ 358609.538118559634313, -34670.929121847853821 ], [ 358603.370945271919481, -34665.242181569519744 ], [ 358578.485896357218735, -34674.43300837395509 ] ] ] } },
{ "type": "Feature", "properties": { "fid": 694, "class_name": "disturbance", "class_id": null, "dist_to_line": null, "risk_level": null, "area_m2": 809.14280229154974, "perimeter_m": 122.97687332444272, "compactness": 0.67233875458791215, "dist_bin": 2 }, "geometry": { "type": "Polygon", "coordinates": [ [ [ 358653.362119176890701, -34653.86073876847513 ], [ 358683.316042689897586, -34673.982768885573023 ], [ 358702.693174781976268, -34647.292040301952511 ], [ 358691.680726368562318, -34640.074387665095855 ], [ 358653.362119176890701, -34653.86073876847513 ] ] ] } },
{ "type": "Feature", "properties": { "fid": 695, "class_name": "structure", "class_id": null, "dist_to_line": null, "risk_level": null, "area_m2": 24.095991448357381, "perimeter_m": 19.660720052913156, "compactness": 0.78334996019263303, "dist_bin": 2 }, "geometry": { "type": "Polygon", "coordinates": [ [ [ 359510.911152244720142, -34394.530464688643406 ], [ 359512.23313965566922, -34399.561708839486528 ], [ 359516.637600268586539, -34398.248642026861489 ], [ 359515.756100860307924, -34393.436101853563741 ], [ 359510.911152244720142, -34394.530464688643406 ] ] ] } },
{ "type": "Feature", "properties": { "fid": 696, "class_name": "structure", "class_id": null, "dist_to_line": null, "risk_level": null, "area_m2": 33.228355760496925, "perimeter_m": 23.472330085449162, "compactness": 0.75789022861519872, "dist_bin": 2 }, "geometry": { "type": "Polygon", "coordinates": [ [ [ 359517.518576153495815, -34398.686049842028297 ], [ 359516.636998222442344, -34393.21723983342963 ], [ 359523.023536741966382, -34391.903936012196937 ], [ 359524.125188425765373, -34396.060179894593603 ], [ 359517.518576153495815, -34398.686049842028297 ] ] ] } },
{ "type": "Feature", "properties": { "fid": 697, "class_name": "structure", "class_id": null, "dist_to_line": null, "risk_level": null, "area_m2": 66.191647639647272, "perimeter_m": 45.366879172803564, "compactness": 0.40414317227899582, "dist_bin": 2 }, "geometry": { "type": "Polygon", "coordinates": [ [ [ 359593.715391172328964, -34373.082416133336665 ], [ 359593.494951194385067, -34371.332389950257493 ], [ 359608.029061651206575, -34361.924121195559565 ], [ 359612.6543530971976, -34365.642430058287573 ], [ 359593.715391172328964, -34373.082416133336665 ] ] ] } },
{ "type": "Feature", "properties": { "fid": 698, "class_name": "structure", "class_id": null, "dist_to_line": null, "risk_level": null, "area_m2": 49.05947454089619, "perimeter_m": 32.931220051134638, "compactness": 0.5684825188457735, "dist_bin": 2 }, "geometry": { "type": "Polygon", "coordinates": [ [ [ 360394.661513475293759, -34100.198254350354546 ], [ 360393.780463460367173, -34099.10457817169663 ], [ 360402.588616964174435, -34090.134543722342642 ], [ 360406.112971472204663, -34095.821784414081776 ], [ 360394.661513475293759, -34100.198254350354546 ] ] ] } },
{ "type": "Feature", "properties": { "fid": 699, "class_name": "structure", "class_id": null, "dist_to_line": null, "risk_level": null, "area_m2": 84.576926793459279, "perimeter_m": 41.474355142521688, "compactness": 0.61787764147717195, "dist_bin": 2 }, "geometry": { "type": "Polygon", "coordinates": [ [ [ 360515.778304687002674, -34016.619219241336395 ], [ 360522.60605742665939, -34021.868559245012875 ], [ 360532.956104886718094, -34015.304665504387231 ], [ 360531.193800892215222, -34011.367265965229308 ], [ 360515.778304687002674, -34016.619219241336395 ] ] ] } },
{ "type": "Feature", "properties": { "fid": 700, "class_name": "structure", "class_id": null, "dist_to_line": null, "risk_level": null, "area_m2": 28.939326535386499, "perimeter_m": 21.941531528579706, "compactness": 0.75537813155615241, "dist_bin": 2 }, "geometry": { "type": "Polygon", "coordinates": [ [ [ 360590.878023402066901, -34027.110679548502958 ], [ 360592.860531456535682, -34030.829296476353193 ], [ 360598.145643364288844, -34027.328581707981357 ], [ 360595.722598063526675, -34022.953748936743068 ], [ 360590.878023402066901, -34027.110679548502958 ] ] ] } },
{ "type": "Feature", "properties": { "fid": 701, "class_name": "structure", "class_id": null, "dist_to_line": null, "risk_level": null, "area_m2": 96.384009857523779, "perimeter_m": 46.58008913356133, "compactness": 0.55823135153255132, "dist_bin": 2 }, "geometry": { "type": "Polygon", "coordinates": [ [ [ 360579.422203248250298, -33994.298642607333022 ], [ 360582.285862727090716, -33999.985959524266946 ], [ 360598.14163677173201, -33993.202666346434853 ], [ 360597.039972726721317, -33988.827678123248916 ], [ 360579.422203248250298, -33994.298642607333022 ] ] ] } },
{ "type": "Feature", "properties": { "fid": 702, "class_name": "structure", "class_id": null, "dist_to_line": null, "risk_level": null, "area_m2": 33.975377003247559, "perimeter_m": 38.526369697636426, "compactness": 0.28764575748396687, "dist_bin": 2 }, "geometry": { "type": "Polygon", "coordinates": [ [ [ 360579.862740566488355, -33994.954858565070026 ], [ 360581.845222693518735, -33998.454720053247001 ], [ 360577.000364911509678, -34000.205335857528553 ], [ 360575.018036785593722, -33998.018009661027463 ], [ 360566.209190205438063, -34001.081626260507619 ], [ 360565.107936696964316, -34000.206731959980971 ], [ 360579.862740566488355, -33994.954858565070026 ] ] ] } },
{ "type": "Feature", "properties": { "fid": 703, "class_name": "disturbance", "class_id": null, "dist_to_line": null, "risk_level": null, "area_m2": 503.2931566312327, "perimeter_m": 106.17896466105225, "compactness": 0.56098844603591591, "dist_bin": 2 }, "geometry": { "type": "Polygon", "coordinates": [ [ [ 360609.152193587739021, -33985.107407288072864 ], [ 360612.456543716834858, -33992.763474891573424 ], [ 360619.724805027595721, -33998.45027438604302 ], [ 360627.652319081127644, -33991.886668605584418 ], [ 360632.497253161564004, -33990.792320977016061 ], [ 360642.407351217872929, -33988.603600054200797 ], [ 360645.049291425733827, -33981.603103297275084 ], [ 360650.775043090805411, -33979.633629337819002 ], [ 360648.351588706485927, -33971.758703298182809 ], [ 360609.152193587739021, -33985.107407288072864 ] ] ] } },
{ "type": "Feature", "properties": { "fid": 704, "class_name": "structure", "class_id": null, "dist_to_line": null, "risk_level": null, "area_m2": 43.854733388900058, "perimeter_m": 28.040437245697539, "compactness": 0.70090115584156232, "dist_bin": 2 }, "geometry": { "type": "Polygon", "coordinates": [ [ [ 360677.866139888647012, -34003.474836767243687 ], [ 360675.222994091513101, -34000.193809641605185 ], [ 360680.50800261675613, -33995.818073472233664 ], [ 360686.674957658047788, -34000.192466306936694 ], [ 360677.866139888647012, -34003.474836767243687 ] ] ] } },
{ "type": "Feature", "properties": { "fid": 705, "class_name": "structure", "class_id": null, "dist_to_line": null, "risk_level": null, "area_m2": 202.2859168908908, "perimeter_m": 57.82007714268461, "compactness": 0.76035810354456701, "dist_bin": 2 }, "geometry": { "type": "Polygon", "coordinates": [ [ [ 360689.091360586578958, -33947.909544610447483 ], [ 360693.717319443880115, -33957.534258449093613 ], [ 360708.251555542112328, -33949.438591420272132 ], [ 360700.542043447960168, -33936.970413338967774 ], [ 360689.091360586578958, -33947.909544610447483 ] ] ] } },
{ "type": "Feature", "properties": { "fid": 706, "class_name": "structure", "class_id": null, "dist_to_line": null, "risk_level": null, "area_m2": 448.25794011628022, "perimeter_m": 105.98232018201108, "compactness": 0.50150008301652071, "dist_bin": 2 }, "geometry": { "type": "Polygon", "coordinates": [ [ [ 360728.734743481152691, -33964.749097666332091 ], [ 360719.043186774826609, -33952.499908793019131 ], [ 360741.28452588483924, -33936.309377104160376 ], [ 360759.342953020473942, -33932.588415885082213 ], [ 360728.734743481152691, -33964.749097666332091 ] ] ] } },
{ "type": "Feature", "properties": { "fid": 707, "class_name": "disturbance", "class_id": null, "dist_to_line": null, "risk_level": null, "area_m2": 767.45759161515161, "perimeter_m": 109.04505514329962, "compactness": 0.81105871935443974, "dist_bin": 2 }, "geometry": { "type": "Polygon", "coordinates": [ [ [ 360719.703902537119575, -33952.718587209426914 ], [ 360715.739044401561841, -33946.593889319556183 ], [ 360711.334443326224573, -33946.594405051553622 ], [ 360707.811069810588378, -33949.219887203842518 ], [ 360692.836476053635124, -33958.190629060962237 ], [ 360689.313333161117043, -33962.784913820403744 ], [ 360709.356678428244777, -33983.345610189418949 ], [ 360728.073976489482448, -33964.092907725360419 ], [ 360719.703902537119575, -33952.718587209426914 ] ] ] } },
{ "type": "Feature", "properties": { "fid": 708, "class_name": "disturbance", "class_id": null, "dist_to_line": null, "risk_level": null, "area_m2": 228.28556703852519, "perimeter_m": 74.830355049745535, "compactness": 0.51230985141853069, "dist_bin": 2 }, "geometry": { "type": "Polygon", "coordinates": [ [ [ 360780.47595987317618, -33854.927650703648396 ], [ 360783.559818487265147, -33860.396184729528613 ], [ 360782.459460106678307, -33867.177741681538464 ], [ 360781.138795237115119, -33873.3030571036943 ], [ 360773.871255714620929, -33873.74141735406738 ], [ 360767.484712771140039, -33874.835942077297659 ], [ 360758.015128127357457, -33877.462117422765004 ], [ 360780.47595987317618, -33854.927650703648396 ] ] ] } },
{ "type": "Feature", "properties": { "fid": 709, "class_name": "disturbance", "class_id": null, "dist_to_line": null, "risk_level": null, "area_m2": 1290.654531287295, "perimeter_m": 190.5452019843313, "compactness": 0.44670811237359503, "dist_bin": 2 }, "geometry": { "type": "Polygon", "coordinates": [ [ [ 360900.48695959278848, -33731.754200494688121 ], [ 360902.90989574638661, -33735.254010024691524 ], [ 360902.470045975525863, -33740.504197706199193 ], [ 360905.113491837284528, -33746.410294046188938 ], [ 360908.85775688115973, -33749.4724383960056 ], [ 360910.179645148455165, -33753.84739837457164 ], [ 360909.960381765849888, -33762.160139749554219 ], [ 360913.264517722767778, -33768.066158808316686 ], [ 360913.264517722767778, -33768.066158808316686 ], [ 360916.127964851912111, -33772.00342791172443 ], [ 360909.742085662437603, -33778.78559674340795 ], [ 360902.694320407230407, -33775.286325815992313 ], [ 360896.748111917288043, -33775.287017614631623 ], [ 360888.378839365381282, -33770.694121780747082 ], [ 360877.587596892379224, -33770.914132947793405 ], [ 360875.605934480554424, -33774.414454778670915 ], [ 360875.385959070874378, -33776.602037415403174 ], [ 360873.183633983135223, -33776.383537991423509 ], [ 360867.898191171581857, -33777.040420192075544 ], [ 360862.613002871978097, -33779.884859540783509 ], [ 360851.161273307632655, -33781.854993950844801 ], [ 360900.48695959278848, -33731.754200494688121 ] ] ] } },
{ "type": "Feature", "properties": { "fid": 710, "class_name": "disturbance", "class_id": null, "dist_to_line": null, "risk_level": null, "area_m2": 558.95522349097155, "perimeter_m": 103.94390627720362, "compactness": 0.65011294737151248, "dist_bin": 2 }, "geometry": { "type": "Polygon", "coordinates": [ [ [ 361011.031873757543508, -33641.176535332808271 ], [ 361021.823163216817193, -33641.394041495805141 ], [ 361032.834859423572198, -33643.142811488469306 ], [ 361029.091762215830386, -33650.143424424531986 ], [ 361029.091762215830386, -33650.143424424531986 ], [ 361025.788668845780194, -33653.206385522906203 ], [ 361020.283428787195589, -33657.582135467629996 ], [ 361018.301816064864397, -33661.519966123814811 ], [ 361019.843729314394295, -33664.144854876998579 ], [ 361013.017160813789815, -33668.958269461247255 ], [ 361004.208295155665837, -33671.803113420595764 ], [ 361000.684363457898144, -33669.6159655616284 ], [ 361000.68393248738721, -33665.897119917754026 ], [ 360999.582529554143548, -33663.709691246789589 ], [ 360998.260795353446156, -33660.647265557534411 ], [ 361007.068951844179537, -33651.677264346348238 ], [ 361011.031873757543508, -33641.176535332808271 ] ] ] } },
{ "type": "Feature", "properties": { "fid": 711, "class_name": "structure", "class_id": null, "dist_to_line": null, "risk_level": null, "area_m2": 55.589619134145323, "perimeter_m": 29.950779037762345, "compactness": 0.77873073587331032, "dist_bin": 2 }, "geometry": { "type": "Polygon", "coordinates": [ [ [ 362826.684155674010981, -32415.7244143287935 ], [ 362829.76733390102163, -32415.505320352211129 ], [ 362832.8511624870589, -32421.192597248311358 ], [ 362823.161363135033753, -32423.599963732965989 ], [ 362822.05973758129403, -32419.224995340842725 ], [ 362822.059713490132708, -32419.006240856655495 ], [ 362826.684155674010981, -32415.7244143287935 ] ] ] } },
{ "type": "Feature", "properties": { "fid": 712, "class_name": "structure", "class_id": null, "dist_to_line": null, "risk_level": null, "area_m2": 37.397099540958152, "perimeter_m": 22.957410747088819, "compactness": 0.89166552427857892, "dist_bin": 2 }, "geometry": { "type": "Polygon", "coordinates": [ [ [ 363196.202706842916086, -32186.866856183591153 ], [ 363192.679408613825217, -32190.148554147202958 ], [ 363193.34047584538348, -32193.64855006234211 ], [ 363196.864227307843976, -32194.523182733661088 ], [ 363199.727006936096586, -32192.772836539152195 ], [ 363199.726672953751404, -32189.710277133395721 ], [ 363196.202706842916086, -32186.866856183591153 ] ] ] } },
{ "type": "Feature", "properties": { "fid": 713, "class_name": "disturbance", "class_id": null, "dist_to_line": null, "risk_level": null, "area_m2": 35.228481937941979, "perimeter_m": 28.393275778258072, "compactness": 0.54912699196435844, "dist_bin": 2 }, "geometry": { "type": "Polygon", "coordinates": [ [ [ 363249.93457206338644, -32151.204061703941989 ], [ 363251.036476639681496, -32158.204076583639107 ], [ 363260.065129062917549, -32151.640467168352188 ], [ 363249.93457206338644, -32151.204061703941989 ] ] ] } },
{ "type": "Feature", "properties": { "fid": 714, "class_name": "structure", "class_id": null, "dist_to_line": null, "risk_level": null, "area_m2": 18.40940920131834, "perimeter_m": 17.791781673701124, "compactness": 0.73082069003283523, "dist_bin": 2 }, "geometry": { "type": "Polygon", "coordinates": [ [ [ 363776.015267601993401, -31736.827078803751647 ], [ 363776.01587657770142, -31742.514680054402561 ], [ 363779.539526923443191, -31742.514302745588793 ], [ 363779.098485090536997, -31737.045502609587857 ], [ 363776.015267601993401, -31736.827078803751647 ] ] ] } },
{ "type": "Feature", "properties": { "fid": 715, "class_name": "structure", "class_id": null, "dist_to_line": null, "risk_level": null, "area_m2": 40.288716843511793, "perimeter_m": 25.909973459290981, "compactness": 0.75415282728105126, "dist_bin": 2 }, "geometry": { "type": "Polygon", "coordinates": [ [ [ 364750.450687581149396, -31046.775412727729417 ], [ 364748.028798804851249, -31052.68200360560877 ], [ 364755.736785583780147, -31052.89995524317419 ], [ 364756.837377324118279, -31047.64976179419682 ], [ 364750.450687581149396, -31046.775412727729417 ] ] ] } },
{ "type": "Feature", "properties": { "fid": 716, "class_name": "disturbance", "class_id": null, "dist_to_line": null, "risk_level": null, "area_m2": 80.095471499975247, "perimeter_m": 36.405798330187352, "compactness": 0.75941069361576785, "dist_bin": 2 }, "geometry": { "type": "Polygon", "coordinates": [ [ [ 364740.539765473688021, -31040.213844220543251 ], [ 364738.778809426934458, -31048.526652911084966 ], [ 364747.808161754044704, -31048.74446719516709 ], [ 364749.348731058998965, -31038.900408591995074 ], [ 364740.539765473688021, -31040.213844220543251 ] ] ] } },
{ "type": "Feature", "properties": { "fid": 717, "class_name": "agricultural_activity", "class_id": null, "dist_to_line": null, "risk_level": null, "area_m2": 461.10349026171025, "perimeter_m": 89.865963184495612, "compactness": 0.71749322853882858, "dist_bin": 2 }, "geometry": { "type": "Polygon", "coordinates": [ [ [ 365212.674438641930465, -30721.660494894797012 ], [ 365216.200184021436144, -30742.222916075348621 ], [ 365237.120246694190428, -30727.345566187726945 ], [ 365231.612592146615498, -30708.095867089079547 ], [ 365212.674438641930465, -30721.660494894797012 ] ] ] } },
{ "type": "Feature", "properties": { "fid": 718, "class_name": "disturbance", "class_id": null, "dist_to_line": null, "risk_level": null, "area_m2": 1084.6632522653117, "perimeter_m": 154.47639168213712, "compactness": 0.57118995046412191, "dist_bin": 2 }, "geometry": { "type": "Polygon", "coordinates": [ [ [ 365361.754439634154551, -30586.455915136441035 ], [ 365354.708888316177763, -30603.300609192505362 ], [ 365370.124700933811255, -30602.424024568699679 ], [ 365375.411291245603934, -30613.579883706708642 ], [ 365385.761521072709002, -30609.20376933173975 ], [ 365385.980632377089933, -30598.266101736269775 ], [ 365392.365903635276482, -30585.359029228417057 ], [ 365400.073162557382602, -30578.576903634591872 ], [ 365395.8869966493221, -30560.420839354239433 ], [ 365361.754439634154551, -30586.455915136441035 ] ] ] } },
{ "type": "Feature", "properties": { "fid": 719, "class_name": "structure", "class_id": null, "dist_to_line": null, "risk_level": null, "area_m2": 46.361136690538842, "perimeter_m": 29.574552603321866, "compactness": 0.66608180841765818, "dist_bin": 2 }, "geometry": { "type": "Polygon", "coordinates": [ [ [ 368053.776409267040435, -28047.139146982215607 ], [ 368052.23515068605775, -28050.639310306272819 ], [ 368061.044596533058211, -28055.232281720967876 ], [ 368063.686882865498774, -28050.638260726947919 ], [ 368053.776409267040435, -28047.139146982215607 ] ] ] } },
{ "type": "Feature", "properties": { "fid": 720, "class_name": "disturbance", "class_id": null, "dist_to_line": null, "risk_level": null, "area_m2": 289.00930730273103, "perimeter_m": 73.059656171170175, "compactness": 0.68040335284464748, "dist_bin": 2 }, "geometry": { "type": "Polygon", "coordinates": [ [ [ 366188.868410482362378, -30007.115547434746986 ], [ 366177.19704975921195, -30013.679280775733787 ], [ 366168.608840560773388, -30020.023955510936503 ], [ 366180.061193372239359, -30025.710379105163156 ], [ 366192.173812162480317, -30027.240440816822229 ], [ 366190.631703223509248, -30021.990536330980831 ], [ 366195.035866471356712, -30018.271307218001311 ], [ 366188.868410482362378, -30007.115547434746986 ] ] ] } },
{ "type": "Feature", "properties": { "fid": 721, "class_name": "disturbance", "class_id": null, "dist_to_line": null, "risk_level": null, "area_m2": 280.62356444882971, "perimeter_m": 75.354633042867988, "compactness": 0.62103214792519879, "dist_bin": 2 }, "geometry": { "type": "Polygon", "coordinates": [ [ [ 365548.713536638999358, -30451.466384749495774 ], [ 365559.503775348421186, -30442.715178632075549 ], [ 365563.027851598802954, -30447.089877499111026 ], [ 365562.36772484210087, -30452.558764444493136 ], [ 365561.487637331942096, -30460.652707300945622 ], [ 365558.404613942606375, -30462.184289568926033 ], [ 365558.846177501254715, -30473.121884835323726 ], [ 365551.138030997011811, -30471.153891620695504 ], [ 365548.713536638999358, -30451.466384749495774 ] ] ] } },
{ "type": "Feature", "properties": { "fid": 722, "class_name": "disturbance", "class_id": null, "dist_to_line": null, "risk_level": null, "area_m2": 161.54049147942897, "perimeter_m": 71.858786788376605, "compactness": 0.39312576025031548, "dist_bin": 2 }, "geometry": { "type": "Polygon", "coordinates": [ [ [ 365573.820041218190454, -30457.588917653520184 ], [ 365578.004066623048857, -30454.744707185753214 ], [ 365578.224448899156414, -30456.275954365781217 ], [ 365580.867262030835263, -30457.150697580404085 ], [ 365579.766437368001789, -30460.213348206867522 ], [ 365576.903641177923419, -30461.744908003714954 ], [ 365577.12440062413225, -30466.994952534958429 ], [ 365576.464030134724453, -30470.05755854115705 ], [ 365576.68445686774794, -30472.026311270179576 ], [ 365576.68445686774794, -30472.026311270179576 ], [ 365576.685033846297301, -30477.713883668504423 ], [ 365579.327847012318671, -30478.588626682008908 ], [ 365572.060776615398936, -30482.745666984264972 ], [ 365568.316828184644692, -30481.871035740728985 ], [ 365573.820041218190454, -30457.588917653520184 ] ] ] } },
{ "type": "Feature", "properties": { "fid": 723, "class_name": "structure", "class_id": null, "dist_to_line": null, "risk_level": null, "area_m2": 40.770499554317212, "perimeter_m": 30.830752483341122, "compactness": 0.53899861292759843, "dist_bin": 2 }, "geometry": { "type": "Polygon", "coordinates": [ [ [ 361602.740499717649072, -33218.035574215864472 ], [ 361601.419023013673723, -33217.160703628047486 ], [ 361608.905780672444962, -33207.972130694448424 ], [ 361612.870335081301164, -33211.690518776827957 ], [ 361602.740499717649072, -33218.035574215864472 ] ] ] } },
{ "type": "Feature", "properties": { "fid": 724, "class_name": "structure", "class_id": null, "dist_to_line": null, "risk_level": null, "area_m2": 198.74395373367588, "perimeter_m": 58.873260982580248, "compactness": 0.72055577838312079, "dist_bin": 2 }, "geometry": { "type": "Polygon", "coordinates": [ [ [ 361186.093966007232666, -33462.433026044869621 ], [ 361193.582810347143095, -33471.401140957670577 ], [ 361180.810540307546034, -33480.590342678049637 ], [ 361180.810540307546034, -33480.590342678049637 ], [ 361170.679315405956004, -33474.903864856227301 ], [ 361186.093966007232666, -33462.433026044869621 ] ] ] } },
{ "type": "Feature", "properties": { "fid": 725, "class_name": "structure", "class_id": null, "dist_to_line": null, "risk_level": null, "area_m2": 32.746472050956072, "perimeter_m": 29.110707358417674, "compactness": 0.48558902795657355, "dist_bin": 2 }, "geometry": { "type": "Polygon", "coordinates": [ [ [ 361236.307509776786901, -33472.490003563754726 ], [ 361234.76554931269493, -33469.427604087490181 ], [ 361244.234648439451121, -33462.645095127103559 ], [ 361245.115818932186812, -33464.832548627222423 ], [ 361236.307509776786901, -33472.490003563754726 ] ] ] } },
{ "type": "Feature", "properties": { "fid": 726, "class_name": "structure", "class_id": null, "dist_to_line": null, "risk_level": null, "area_m2": 14.674465642558062, "perimeter_m": 16.256940244191181, "compactness": 0.69774147823381805, "dist_bin": 2 }, "geometry": { "type": "Polygon", "coordinates": [ [ [ 361229.259377899055835, -33465.709393993580306 ], [ 361231.2412695553503, -33464.177877627393173 ], [ 361233.88458000740502, -33468.990194431149575 ], [ 361231.241999151883647, -33470.521786797049572 ], [ 361229.259377899055835, -33465.709393993580306 ] ] ] } },
{ "type": "Feature", "properties": { "fid": 727, "class_name": "structure", "class_id": null, "dist_to_line": null, "risk_level": null, "area_m2": 22.794784155477828, "perimeter_m": 19.719131637752152, "compactness": 0.73666455801321318, "dist_bin": 2 }, "geometry": { "type": "Polygon", "coordinates": [ [ [ 361236.746359275304712, -33458.489601874469372 ], [ 361239.610025087720715, -33464.395670764512033 ], [ 361242.472810511360876, -33462.645297705363191 ], [ 361240.930598685634322, -33457.395343380179838 ], [ 361236.746359275304712, -33458.489601874469372 ] ] ] } },
{ "type": "Feature", "properties": { "fid": 728, "class_name": "disturbance", "class_id": null, "dist_to_line": null, "risk_level": null, "area_m2": 71.661556131795805, "perimeter_m": 36.277121100898114, "compactness": 0.68427467821737742, "dist_bin": 2 }, "geometry": { "type": "Polygon", "coordinates": [ [ [ 361184.998810580698773, -33514.496966372862516 ], [ 361183.456219370127656, -33505.96567882160889 ], [ 361193.366156143601984, -33502.464449224185955 ], [ 361194.908243208774365, -33506.620626370422542 ], [ 361184.998810580698773, -33514.496966372862516 ] ] ] } },
{ "type": "Feature", "properties": { "fid": 729, "class_name": "structure", "class_id": null, "dist_to_line": null, "risk_level": null, "area_m2": 33.830742379213916, "perimeter_m": 23.517340700702693, "compactness": 0.76867891805319433, "dist_bin": 2 }, "geometry": { "type": "Polygon", "coordinates": [ [ [ 358403.408599986578338, -34730.674937082498218 ], [ 358399.885479286778718, -34735.48802918169531 ], [ 358405.171492477995344, -34739.20626126647403 ], [ 358407.813819587638136, -34735.487063536871574 ], [ 358403.408599986578338, -34730.674937082498218 ] ] ] } },
{ "type": "Feature", "properties": { "fid": 730, "class_name": "disturbance", "class_id": null, "dist_to_line": null, "risk_level": null, "area_m2": 35.80663111406102, "perimeter_m": 23.826742678613275, "compactness": 0.79258158371978604, "dist_bin": 2 }, "geometry": { "type": "Polygon", "coordinates": [ [ [ 357357.448644874966703, -34090.716077088887687 ], [ 357356.788263177906629, -34093.341256597617758 ], [ 357356.127776120207272, -34095.091402797719638 ], [ 357361.413753843749873, -34098.372141107072821 ], [ 357364.496641418198124, -34095.309153245536436 ], [ 357361.41298982873559, -34092.028149686222605 ], [ 357357.448644874966703, -34090.716077088887687 ] ] ] } },
{ "type": "Feature", "properties": { "fid": 731, "class_name": "disturbance", "class_id": null, "dist_to_line": null, "risk_level": null, "area_m2": 426.90874910212551, "perimeter_m": 89.683639156513152, "compactness": 0.66698869678006378, "dist_bin": 2 }, "geometry": { "type": "Polygon", "coordinates": [ [ [ 357304.373398598632775, -34097.503979077373515 ], [ 357305.914104719413444, -34089.847250450344291 ], [ 357307.675860489136539, -34088.972004749455664 ], [ 357305.693450469756499, -34086.347143071987375 ], [ 357307.675096396938898, -34082.628012074543221 ], [ 357312.079275131516624, -34078.689831039177079 ], [ 357311.418340126634575, -34076.721085296907404 ], [ 357310.977190042263828, -34071.033420771891542 ], [ 357321.989190865424462, -34074.09471218179533 ], [ 357327.715529086766765, -34076.500364736442862 ], [ 357329.257552584749646, -34079.781554427354422 ], [ 357331.900844614603557, -34083.937644879537402 ], [ 357329.258764374710154, -34089.844438600885042 ], [ 357304.373398598632775, -34097.503979077373515 ] ] ] } },
{ "type": "Feature", "properties": { "fid": 732, "class_name": "structure", "class_id": null, "dist_to_line": null, "risk_level": null, "area_m2": 54.378495990462397, "perimeter_m": 43.349000315546775, "compactness": 0.36364605674352207, "dist_bin": 2 }, "geometry": { "type": "Polygon", "coordinates": [ [ [ 356021.92019669059664, -35584.12816266919981 ], [ 356020.928619237500243, -35579.97186572078499 ], [ 356039.207572048762813, -35576.688160883248202 ], [ 356039.868452457943931, -35578.110011073462374 ], [ 356021.92019669059664, -35584.12816266919981 ] ] ] } },
{ "type": "Feature", "properties": { "fid": 733, "class_name": "disturbance", "class_id": null, "dist_to_line": null, "risk_level": null, "area_m2": 80.070809760778502, "perimeter_m": 34.95716444389776, "compactness": 0.82340156774056195, "dist_bin": 2 }, "geometry": { "type": "Polygon", "coordinates": [ [ [ 356006.504054874007124, -35585.661432348249946 ], [ 356005.622344188159332, -35579.536289316914917 ], [ 356011.788545766263269, -35576.910397836698394 ], [ 356016.193379760487005, -35578.222393655778433 ], [ 356016.524673435254954, -35585.660160880324838 ], [ 356006.504054874007124, -35585.661432348249946 ] ] ] } },
{ "type": "Feature", "properties": { "fid": 734, "class_name": "disturbance", "class_id": null, "dist_to_line": null, "risk_level": null, "area_m2": 78.649004447186599, "perimeter_m": 35.81063137775871, "compactness": 0.7706889591981958, "dist_bin": 2 }, "geometry": { "type": "Polygon", "coordinates": [ [ [ 353825.273149743676186, -36194.970257299522927 ], [ 353832.0997464202228, -36189.719106231117621 ], [ 353837.826973533199634, -36198.2500229619327 ], [ 353831.881145103601739, -36202.18849447833054 ], [ 353825.273149743676186, -36194.970257299522927 ] ] ] } },
{ "type": "Feature", "properties": { "fid": 735, "class_name": "disturbance", "class_id": null, "dist_to_line": null, "risk_level": null, "area_m2": 88.962099126851172, "perimeter_m": 38.378666578660329, "compactness": 0.75898837247168838, "dist_bin": 2 }, "geometry": { "type": "Polygon", "coordinates": [ [ [ 353783.425977085425984, -36175.724796047798009 ], [ 353783.426951430330519, -36183.162660961788788 ], [ 353794.438931540120393, -36184.911304136527178 ], [ 353794.65804896975169, -36176.379607062212017 ], [ 353783.425977085425984, -36175.724796047798009 ] ] ] } },
{ "type": "Feature", "properties": { "fid": 736, "class_name": "disturbance", "class_id": null, "dist_to_line": null, "risk_level": null, "area_m2": 35.445084062714159, "perimeter_m": 24.533432791641619, "compactness": 0.74002984373932568, "dist_bin": 2 }, "geometry": { "type": "Polygon", "coordinates": [ [ [ 353799.283242087694816, -36178.347847798162547 ], [ 353799.063723463506903, -36183.816894646100991 ], [ 353806.771948657522444, -36183.81588489709975 ], [ 353806.330934215919115, -36179.659489026169467 ], [ 353799.283242087694816, -36178.347847798162547 ] ] ] } },
{ "type": "Feature", "properties": { "fid": 737, "class_name": "structure", "class_id": null, "dist_to_line": null, "risk_level": null, "area_m2": 41.975232512955699, "perimeter_m": 25.901171048949081, "compactness": 0.78625636577939639, "dist_bin": 2 }, "geometry": { "type": "Polygon", "coordinates": [ [ [ 358891.757321717916057, -34610.080436031152203 ], [ 358890.655874092481099, -34607.674241596585489 ], [ 358894.178940406884067, -34602.423646197850758 ], [ 358899.024161700857803, -34603.516845637917868 ], [ 358899.46507400739938, -34607.235662217426579 ], [ 358891.757321717916057, -34610.080436031152203 ] ] ] } },
{ "type": "Feature", "properties": { "fid": 738, "class_name": "structure", "class_id": null, "dist_to_line": null, "risk_level": null, "area_m2": 37.758443670580164, "perimeter_m": 26.28949951704606, "compactness": 0.68652967234926932, "dist_bin": 2 }, "geometry": { "type": "Polygon", "coordinates": [ [ [ 360372.969708331394941, -34107.638516572907974 ], [ 360371.20778866764158, -34106.982456287914829 ], [ 360376.052081036148593, -34100.419204354962858 ], [ 360380.016174499760382, -34099.981224937240768 ], [ 360379.356128500192426, -34105.450203238418908 ], [ 360372.969708331394941, -34107.638516572907974 ] ] ] } },
{ "type": "Feature", "properties": { "fid": 739, "class_name": "disturbance", "class_id": null, "dist_to_line": null, "risk_level": null, "area_m2": 20.457505372603919, "perimeter_m": 18.485211328777588, "compactness": 0.75233921231778578, "dist_bin": 2 }, "geometry": { "type": "Polygon", "coordinates": [ [ [ 360375.16840105043957, -34077.012413872696925 ], [ 360376.049786167917773, -34080.949918493599398 ], [ 360381.555388596083503, -34079.636733609615476 ], [ 360380.45385056710802, -34076.355523058547988 ], [ 360375.16840105043957, -34077.012413872696925 ] ] ] } },
{ "type": "Feature", "properties": { "fid": 740, "class_name": "structure", "class_id": null, "dist_to_line": null, "risk_level": null, "area_m2": 113.3727631964648, "perimeter_m": 58.958643655969134, "compactness": 0.40984876207781695, "dist_bin": 2 }, "geometry": { "type": "Polygon", "coordinates": [ [ [ 368185.783799543976784, -27851.563393850192369 ], [ 368187.103145060944371, -27829.469391138922219 ], [ 368197.453607104485855, -27827.93719176927334 ], [ 368185.783799543976784, -27851.563393850192369 ] ] ] } },
{ "type": "Feature", "properties": { "fid": 741, "class_name": "structure", "class_id": null, "dist_to_line": null, "risk_level": null, "area_m2": 31.277148181558005, "perimeter_m": 27.740302568088016, "compactness": 0.51075734917519688, "dist_bin": 2 }, "geometry": { "type": "Polygon", "coordinates": [ [ [ 370996.02659102040343, -21753.005127046413691 ], [ 370993.603621211019345, -21745.786540861787216 ], [ 371001.091007135459222, -21742.286018577557115 ], [ 371001.091007135459222, -21742.286018577557115 ], [ 370996.02659102040343, -21753.005127046413691 ] ] ] } },
{ "type": "Feature", "properties": { "fid": 742, "class_name": "structure", "class_id": null, "dist_to_line": null, "risk_level": null, "area_m2": 26.02412652647763, "perimeter_m": 25.965668069907142, "compactness": 0.4850505749897302, "dist_bin": 2 }, "geometry": { "type": "Polygon", "coordinates": [ [ [ 371013.421674429555424, -21714.941396311176504 ], [ 371011.659393952810206, -21707.941514382811874 ], [ 371018.265897727338597, -21704.659804402297596 ], [ 371018.265897727338597, -21704.659804402297596 ], [ 371013.421674429555424, -21714.941396311176504 ] ] ] } },
{ "type": "Feature", "properties": { "fid": 743, "class_name": "structure", "class_id": null, "dist_to_line": null, "risk_level": null, "area_m2": 81.108644689891662, "perimeter_m": 50.975881601277607, "compactness": 0.39223605990732019, "dist_bin": 2 }, "geometry": { "type": "Polygon", "coordinates": [ [ [ 371739.396050555107649, -20142.080755938251968 ], [ 371736.312843919615261, -20140.987204188848409 ], [ 371746.662171174539253, -20122.174059795095673 ], [ 371750.846511850715615, -20123.486291136829095 ], [ 371739.396050555107649, -20142.080755938251968 ] ] ] } },
{ "type": "Feature", "properties": { "fid": 744, "class_name": "structure", "class_id": null, "dist_to_line": null, "risk_level": null, "area_m2": 64.482076032130863, "perimeter_m": 37.749852470451458, "compactness": 0.56861505997011408, "dist_bin": 2 }, "geometry": { "type": "Polygon", "coordinates": [ [ [ 371751.066707929770928, -20123.04877747905266 ], [ 371746.882339298317675, -20121.299046542531869 ], [ 371746.882339298317675, -20121.299046542531869 ], [ 371753.708515963051468, -20109.267371790923789 ], [ 371758.333290616050363, -20110.360825380030292 ], [ 371751.066707929770928, -20123.04877747905266 ] ] ] } },
{ "type": "Feature", "properties": { "fid": 745, "class_name": "structure", "class_id": null, "dist_to_line": null, "risk_level": null, "area_m2": 23.855489388974092, "perimeter_m": 20.652149890448602, "compactness": 0.70285810550502059, "dist_bin": 2 }, "geometry": { "type": "Polygon", "coordinates": [ [ [ 371758.773710747307632, -20109.923297675377398 ], [ 371758.773710747307632, -20109.923297675377398 ], [ 371754.589370210655034, -20108.611066161160124 ], [ 371758.77329170651501, -20103.360804037820344 ], [ 371761.85649803688284, -20104.454356132391695 ], [ 371758.773710747307632, -20109.923297675377398 ] ] ] } },
{ "type": "Feature", "properties": { "fid": 746, "class_name": "structure", "class_id": null, "dist_to_line": null, "risk_level": null, "area_m2": 56.458036927870126, "perimeter_m": 31.59723737261249, "compactness": 0.71061997640008179, "dist_bin": 2 }, "geometry": { "type": "Polygon", "coordinates": [ [ [ 372388.325536722142715, -19008.698659365949425 ], [ 372392.950208411377389, -19008.260882635193411 ], [ 372392.069865568773821, -19017.448413011377852 ], [ 372383.701325001544319, -19016.792667540790717 ], [ 372388.325536722142715, -19008.698659365949425 ] ] ] } },
{ "type": "Feature", "properties": { "fid": 747, "class_name": "structure", "class_id": null, "dist_to_line": null, "risk_level": null, "area_m2": 60.000326315741404, "perimeter_m": 37.301815151485194, "compactness": 0.54188052776592932, "dist_bin": 2 }, "geometry": { "type": "Polygon", "coordinates": [ [ [ 373101.73418719851179, -16967.508302437716338 ], [ 373105.257808547583409, -16968.383111234983517 ], [ 373103.056297845847439, -16981.945677158048056 ], [ 373098.211394300742541, -16982.164684885687166 ], [ 373101.73418719851179, -16967.508302437716338 ] ] ] } },
{ "type": "Feature", "properties": { "fid": 748, "class_name": "structure", "class_id": null, "dist_to_line": null, "risk_level": null, "area_m2": 48.819892180876195, "perimeter_m": 29.764259383457315, "compactness": 0.69249480350903192, "dist_bin": 2 }, "geometry": { "type": "Polygon", "coordinates": [ [ [ 391923.541816579352599, -2136.821419581659029 ], [ 391919.798207802930847, -2136.383965089713911 ], [ 391922.000282954832073, -2128.290648342971053 ], [ 391930.368362645793241, -2131.571669855433356 ], [ 391923.541816579352599, -2136.821419581659029 ] ] ] } },
{ "type": "Feature", "properties": { "fid": 749, "class_name": "structure", "class_id": null, "dist_to_line": null, "risk_level": null, "area_m2": 83.470920569699501, "perimeter_m": 38.865366443206945, "compactness": 0.69441570378811168, "dist_bin": 2 }, "geometry": { "type": "Polygon", "coordinates": [ [ [ 391931.249208664172329, -2131.13418894095912 ], [ 391922.881136473559309, -2129.165595123889943 ], [ 391924.422582822153345, -2122.384709927181575 ], [ 391937.855531353619881, -2123.915799212617458 ], [ 391931.249208664172329, -2131.13418894095912 ] ] ] } },
{ "type": "Feature", "properties": { "fid": 750, "class_name": "structure", "class_id": null, "dist_to_line": null, "risk_level": null, "area_m2": 80.290137443713093, "perimeter_m": 46.462969660605651, "compactness": 0.46736709992698944, "dist_bin": 2 }, "geometry": { "type": "Polygon", "coordinates": [ [ [ 392108.07851490174653, -1949.362034253551201 ], [ 392107.4178970681387, -1952.86184319279073 ], [ 392112.702982242568396, -1952.205602094590859 ], [ 392109.620037891087122, -1956.799112864070594 ], [ 392097.948822131729685, -1960.955193021507739 ], [ 392095.086054249433801, -1958.767829515031053 ], [ 392108.07851490174653, -1949.362034253551201 ] ] ] } },
{ "type": "Feature", "properties": { "fid": 751, "class_name": "structure", "class_id": null, "dist_to_line": null, "risk_level": null, "area_m2": 49.928321831164794, "perimeter_m": 41.447543007639162, "compactness": 0.36522395177093386, "dist_bin": 2 }, "geometry": { "type": "Polygon", "coordinates": [ [ [ 392260.905299774021842, -1884.833601275864567 ], [ 392269.713715750433039, -1872.584243002210087 ], [ 392276.760505157639273, -1874.11537201702572 ], [ 392260.905299774021842, -1884.833601275864567 ] ] ] } },
{ "type": "Feature", "properties": { "fid": 752, "class_name": "structure", "class_id": null, "dist_to_line": null, "risk_level": null, "area_m2": 42.072856268384385, "perimeter_m": 27.312775753708799, "compactness": 0.70872896556258702, "dist_bin": 2 }, "geometry": { "type": "Polygon", "coordinates": [ [ [ 394725.507213620352559, 1409.129190379080228 ], [ 394729.47099153616, 1406.066867131925164 ], [ 394723.965703216090333, 1399.067324501667144 ], [ 394720.442344613140449, 1401.692173432162463 ], [ 394725.507213620352559, 1409.129190379080228 ] ] ] } },
{ "type": "Feature", "properties": { "fid": 753, "class_name": "structure", "class_id": null, "dist_to_line": null, "risk_level": null, "area_m2": 54.940437841656603, "perimeter_m": 33.300312630702329, "compactness": 0.62259461299375063, "dist_bin": 2 }, "geometry": { "type": "Polygon", "coordinates": [ [ [ 394766.907006959605496, 1467.75037022501806 ], [ 394769.989937035134062, 1463.37563221014284 ], [ 394762.943169881298672, 1455.06367910710992 ], [ 394759.419810360472184, 1457.251055640794903 ], [ 394766.907006959605496, 1467.75037022501806 ] ] ] } },
{ "type": "Feature", "properties": { "fid": 754, "class_name": "structure", "class_id": null, "dist_to_line": null, "risk_level": null, "area_m2": 41.831859308178082, "perimeter_m": 30.196411698941105, "compactness": 0.5765093515129307, "dist_bin": 2 }, "geometry": { "type": "Polygon", "coordinates": [ [ [ 394809.628080437658355, 1529.652576427352642 ], [ 394812.270590284781065, 1525.71531273999426 ], [ 394805.444034779444337, 1517.840833415639054 ], [ 394803.021726602572016, 1519.590733329030172 ], [ 394809.628080437658355, 1529.652576427352642 ] ] ] } },
{ "type": "Feature", "properties": { "fid": 755, "class_name": "structure", "class_id": null, "dist_to_line": null, "risk_level": null, "area_m2": 80.86844346556245, "perimeter_m": 38.922294235713458, "compactness": 0.67079850374822991, "dist_bin": 2 }, "geometry": { "type": "Polygon", "coordinates": [ [ [ 397252.871645211533178, 3884.542859467403559 ], [ 397248.467384464049246, 3876.449712424056997 ], [ 397253.311961810453795, 3874.262315858406964 ], [ 397261.239599467604421, 3885.636451125134499 ], [ 397257.275862765149213, 3888.261308818078305 ], [ 397252.871645211533178, 3884.542859467403559 ] ] ] } },
{ "type": "Feature", "properties": { "fid": 756, "class_name": "disturbance", "class_id": null, "dist_to_line": null, "risk_level": null, "area_m2": 47.976485517370747, "perimeter_m": 28.232327860792182, "compactness": 0.75638849992839607, "dist_bin": 2 }, "geometry": { "type": "Polygon", "coordinates": [ [ [ 397250.889265513105784, 3833.79638700211035 ], [ 397247.586164019128773, 3837.296177336130313 ], [ 397251.549993064487353, 3844.076919898492633 ], [ 397257.055174172972329, 3839.48343364440916 ], [ 397250.889265513105784, 3833.79638700211035 ] ] ] } },
{ "type": "Feature", "properties": { "fid": 757, "class_name": "disturbance", "class_id": null, "dist_to_line": null, "risk_level": null, "area_m2": 81.976929967382603, "perimeter_m": 49.548533412991205, "compactness": 0.41960427608941908, "dist_bin": 2 }, "geometry": { "type": "Polygon", "coordinates": [ [ [ 397271.368851289851591, 3848.670158295495185 ], [ 397282.599685556953773, 3866.387572155144426 ], [ 397288.104853081167676, 3860.481676824600527 ], [ 397288.104853081167676, 3860.481676824600527 ], [ 397271.368851289851591, 3848.670158295495185 ] ] ] } },
{ "type": "Feature", "properties": { "fid": 758, "class_name": "disturbance", "class_id": null, "dist_to_line": null, "risk_level": null, "area_m2": 76.506881907869683, "perimeter_m": 36.566571795670093, "compactness": 0.71902149576863883, "dist_bin": 2 }, "geometry": { "type": "Polygon", "coordinates": [ [ [ 401325.434575144317932, 6781.835668920209173 ], [ 401323.893175241770223, 6784.679217932783104 ], [ 401326.976214463124052, 6793.428469718239285 ], [ 401333.362209238519426, 6793.428363708786492 ], [ 401336.004635356250219, 6790.14733133156551 ], [ 401325.434575144317932, 6781.835668920209173 ] ] ] } },
{ "type": "Feature", "properties": { "fid": 759, "class_name": "disturbance", "class_id": null, "dist_to_line": null, "risk_level": null, "area_m2": 30.072643241332116, "perimeter_m": 21.96394537014281, "compactness": 0.78335885413785666, "dist_bin": 2 }, "geometry": { "type": "Polygon", "coordinates": [ [ [ 401316.186591050180141, 6823.832477129995823 ], [ 401319.489618947729468, 6819.457770539414923 ], [ 401323.67359767149901, 6822.519956835854828 ], [ 401320.370577137800865, 6827.332128551092865 ], [ 401316.186591050180141, 6823.832477129995823 ] ] ] } },
{ "type": "Feature", "properties": { "fid": 760, "class_name": "disturbance", "class_id": null, "dist_to_line": null, "risk_level": null, "area_m2": 69.036626173125114, "perimeter_m": 33.30088864255255, "compactness": 0.78230801074857781, "dist_bin": 2 }, "geometry": { "type": "Polygon", "coordinates": [ [ [ 413482.414446280919947, 15274.349742667529426 ], [ 413478.120301563059911, 15266.913199964161322 ], [ 413484.836278527160175, 15263.085275704333981 ], [ 413489.570826822659001, 15270.631166934939756 ], [ 413482.414446280919947, 15274.349742667529426 ] ] ] } },
{ "type": "Feature", "properties": { "fid": 761, "class_name": "disturbance", "class_id": null, "dist_to_line": null, "risk_level": null, "area_m2": 46.940046572522988, "perimeter_m": 31.899367902515163, "compactness": 0.57968121277633788, "dist_bin": 2 }, "geometry": { "type": "Polygon", "coordinates": [ [ [ 413880.655118238937575, 15548.618864713673247 ], [ 413891.665016793645918, 15545.775064722127354 ], [ 413890.784507508040406, 15554.524124386565745 ], [ 413880.655118238937575, 15548.618864713673247 ] ] ] } },
{ "type": "Feature", "properties": { "fid": 762, "class_name": "disturbance", "class_id": null, "dist_to_line": null, "risk_level": null, "area_m2": 136.0000159714109, "perimeter_m": 56.355746406444993, "compactness": 0.53811167042182773, "dist_bin": 2 }, "geometry": { "type": "Polygon", "coordinates": [ [ [ 423437.466802587325219, 22045.871649644395802 ], [ 423439.889120803796686, 22050.027245525976468 ], [ 423441.871039982826915, 22053.964138878378435 ], [ 423442.751984425005503, 22057.901078239989147 ], [ 423446.05501843825914, 22060.525590880217351 ], [ 423450.018710467265919, 22064.899843023009453 ], [ 423456.844397031818517, 22056.369442658957269 ], [ 423437.466802587325219, 22045.871649644395802 ] ] ] } },
{ "type": "Feature", "properties": { "fid": 763, "class_name": "structure", "class_id": null, "dist_to_line": null, "risk_level": null, "area_m2": 56.535737789246923, "perimeter_m": 39.529007349744553, "compactness": 0.45467503729020281, "dist_bin": 2 }, "geometry": { "type": "Polygon", "coordinates": [ [ [ 431054.784475195105188, 28466.677034890482901 ], [ 431055.224602163012605, 28461.427804654940701 ], [ 431056.215238684846554, 28456.834698767255759 ], [ 431045.095362133753952, 28452.132822755902453 ], [ 431045.095362133753952, 28452.132822755902453 ], [ 431054.784475195105188, 28466.677034890482901 ] ] ] } },
{ "type": "Feature", "properties": { "fid": 764, "class_name": "structure", "class_id": null, "dist_to_line": null, "risk_level": null, "area_m2": 88.841386006555695, "perimeter_m": 46.052801253057169, "compactness": 0.52639661153529249, "dist_bin": 2 }, "geometry": { "type": "Polygon", "coordinates": [ [ [ 439127.172111829277128, 37646.147434737933509 ], [ 439126.071427437593229, 37650.521748712133558 ], [ 439143.68663545063464, 37655.551138024486136 ], [ 439144.567083673493471, 37650.301986419981404 ], [ 439127.172111829277128, 37646.147434737933509 ] ] ] } }
]
}
